TARIH	SOZLESME KODU	SOZLESME ADI	PAZAR	PAZAR SEGMENTI	SOZLESME TIPI	SOZLESME SINIFI	DAYANAK VARLIK	VADE TARIHI	UZLASMA FIYATI	ONCEKI UZLASMA FIYATI	UZLASMA FIYATI DEGISIMI (%)	ACILIS FIYATI	EN DUSUK FIYAT	EN YUKSEK FIYAT	KAPANIS FIYATI	 AGIRLIKLI ORTALAMA FIYAT	ISLEM HACMI	PRIM HACMI	ISLEM MIKTARI	ISLEM SAYISI	ACIK POZISYON	ACIK POZISYON DEGISIMI	ACILIS SEANSI FIYATI	ACILIS SEANSI ISLEM HACMI	ACILIS SEANSI PRIM HACMI	ACILIS SEANSI ISLEM MIKTARI	ACILIS SEANSI ISLEM SAYISI
TRADE DATE	INSTRUMENT SERIES	INSTRUMENT NAME	MARKET	MARKET SEGMENT	INSTRUMENT TYPE	INSTRUMENT CLASS	UNDERLYING	EXPIRATION DATE	SETTLEMENT PRICE	PREVIOUS SETTLEMENT PRICE	CHANGE OF SETTLEMENT PRICE (%)	OPENING PRICE	LOWEST PRICE	HIGHEST PRICE	CLOSING PRICE	VWAP	TRADED VALUE	PREMIUM VALUE	TRADE VOLUME	TRADE COUNT	OPEN POSITION	OPEN POSITION CHANGE	OPENING SESSION PRICE	TRADED VALUE AT OPENING SESSION	PREMIUM VALUE AT OPENING SESSION	TRADED VOLUME AT OPENING SESSION	TRADE COUNT AT OPENING SESSION
06/10/2026	F_AEFES1026	AEFES_10/2026_VIS	D_EQ	SSF	D_EQ_FPD	DE_AEFES_FPD	AEFES.E	30/10/2026	19.1	18.49	3.3	18.5	18.44	19.2	19.06	19.02	309649695	0	162793	9833	254106	1937	18.5	9250	0	5	1
06/10/2026	F_AEFES1126	AEFES_11/2026_VIS	D_EQ	SSF	D_EQ_FPD	DE_AEFES_FPD	AEFES.E	30/11/2026	19.58	18.94	3.38	18.94	18.92	19.66	19.6	19.54	13819163	0	7074	640	10787	1441					
06/10/2026	F_AEFES1226	AEFES_12/2026_VIS	D_EQ	SSF	D_EQ_FPD	DE_AEFES_FPD	AEFES.E	31/12/2026	20.36	19.49	4.46	19.48	19.48	20.89	20.87	20.02	204207	0	102	43	1241	5					
06/10/2026	F_AKBNK1026	AKBNK_10/2026_VIS	D_EQ	SSF	D_EQ_FPD	DE_AKBNK_FPD	AKBNK.E	30/10/2026	71.01	70.67	0.48	70.88	70.18	71.35	71.06	70.64	3155599164	0	446709	32285	1104786	-30035	70.88	1070288	0	151	9
06/10/2026	F_AKBNK1126	AKBNK_11/2026_VIS	D_EQ	SSF	D_EQ_FPD	DE_AKBNK_FPD	AKBNK.E	30/11/2026	72.83	72.52	0.43	72.65	72	73.15	72.89	72.41	62427594	0	8563	1401	24056	2770					
06/10/2026	F_AKBNK1226	AKBNK_12/2026_VIS	D_EQ	SSF	D_EQ_FPD	DE_AKBNK_FPD	AKBNK.E	31/12/2026	74.18	74.45	-0.36	74.49	74	75.12	74.77	74.38	773569	0	104	56	425	37					
06/10/2026	F_AKSEN1026	AKSEN_10/2026_VIS	D_EQ	SSF	D_EQ_FPD	DE_AKSEN_FPD	AKSEN.E	30/10/2026	73.12	74.64	-2.04	74.75	72.45	75.5	73.25	74.21	216448568	0	29167	7881	79981	2513	74.75	14950	0	2	2
06/10/2026	F_AKSEN1126	AKSEN_11/2026_VIS	D_EQ	SSF	D_EQ_FPD	DE_AKSEN_FPD	AKSEN.E	30/11/2026	74.99	76.51	-1.99	76.99	74.38	77.34	74.87	75.6	9238380	0	1222	617	7235	156					
06/10/2026	F_AKSEN1226	AKSEN_12/2026_VIS	D_EQ	SSF	D_EQ_FPD	DE_AKSEN_FPD	AKSEN.E	31/12/2026	76.82	78.49	-2.13	78.28	76.37	78.28	77.11	77.65	1389996	0	179	77	254	165					
06/10/2026	F_ALARK1026	ALARK_10/2026_VIS	D_EQ	SSF	D_EQ_FPD	DE_ALARK_FPD	ALARK.E	30/10/2026	107.6	108.6	-0.92	108.7	106.75	108.85	107.55	107.68	114086170	0	10595	3148	48061	845	108.7	32610	0	3	2
06/10/2026	F_ALARK1126	ALARK_11/2026_VIS	D_EQ	SSF	D_EQ_FPD	DE_ALARK_FPD	ALARK.E	30/11/2026	110.1	111.2	-0.99	111	109.55	111.3	110.05	110.52	2088890	0	189	116	429	-23					
06/10/2026	F_ALARK1226	ALARK_12/2026_VIS	D_EQ	SSF	D_EQ_FPD	DE_ALARK_FPD	ALARK.E	31/12/2026	113.05	113.75	-0.62	113.15	111	113.9	113.2	112.32	1190625	0	106	41	42	29					
06/10/2026	F_ARCLK1026	ARCLK_10/2026_VIS	D_EQ	SSF	D_EQ_FPD	DE_ARCLK_FPD	ARCLK.E	30/10/2026	82.52	83.73	-1.45	83.68	82.32	84.24	82.58	83.3	54687139	0	6565	1988	38263	310					
06/10/2026	F_ARCLK1126	ARCLK_11/2026_VIS	D_EQ	SSF	D_EQ_FPD	DE_ARCLK_FPD	ARCLK.E	30/11/2026	84.35	85.57	-1.43	85.5	84.26	85.56	84.38	85.09	3956912	0	465	139	3566	140					
06/10/2026	F_ARCLK1226	ARCLK_12/2026_VIS	D_EQ	SSF	D_EQ_FPD	DE_ARCLK_FPD	ARCLK.E	31/12/2026	86.58	88.2	-1.84	87.75	86.36	87.75	86.63	87.13	1829708	0	210	26	825	167					
06/10/2026	F_ASELS1026	ASELS_10/2026_VIS	D_EQ	SSF	D_EQ_FPD	DE_ASELS_FPD	ASELS.E	30/10/2026	384.85	380.85	1.05	382	372.25	387.3	384.85	378.88	3390748595	0	89495	25273	137618	750	382	382000	0	10	5
06/10/2026	F_ASELS1126	ASELS_11/2026_VIS	D_EQ	SSF	D_EQ_FPD	DE_ASELS_FPD	ASELS.E	30/11/2026	393.9	391.15	0.7	392.25	381.7	396.55	395.05	388.3	118549425	0	3053	1273	9764	272					
06/10/2026	F_ASELS1226	ASELS_12/2026_VIS	D_EQ	SSF	D_EQ_FPD	DE_ASELS_FPD	ASELS.E	31/12/2026	404.2	403.35	0.21	409.45	392.05	409.45	405	401.64	8554910	0	213	127	117	-93					
06/10/2026	F_ASTOR1026	ASTOR_10/2026_VIS	D_EQ	SSF	D_EQ_FPD	DE_ASTOR_FPD	ASTOR.E	30/10/2026	196	200.05	-2.02	192.85	183.35	199.8	196.05	192.06	3346687270	0	174249	40973	45079	1068	192.85	6730465	0	349	53
06/10/2026	F_ASTOR1126	ASTOR_11/2026_VIS	D_EQ	SSF	D_EQ_FPD	DE_ASTOR_FPD	ASTOR.E	30/11/2026	200.95	205.4	-2.17	197.55	188.25	204.85	201.15	197.27	119978305	0	6082	3756	4107	1025	197.55	59265	0	3	3
06/10/2026	F_ASTOR1226	ASTOR_12/2026_VIS	D_EQ	SSF	D_EQ_FPD	DE_ASTOR_FPD	ASTOR.E	31/12/2026	205.7	211.9	-2.93	203.5	193.5	208.2	207	203.16	2255125	0	111	81	310	59					
06/10/2026	F_BIMAS1026	BIMAS_10/2026_VIS	D_EQ	SSF	D_EQ_FPD	DE_BIMAS_FPD	BIMAS.E	30/10/2026	418.15	422.8	-1.1	423.95	416.5	423.95	418.7	418.89	511260160	0	12205	5246	46594	-1842					
06/10/2026	F_BIMAS1126	BIMAS_11/2026_VIS	D_EQ	SSF	D_EQ_FPD	DE_BIMAS_FPD	BIMAS.E	30/11/2026	428.35	432.2	-0.89	432.4	427	432.4	428	429.11	15147615	0	353	254	1190	71					
06/10/2026	F_BIMAS1226	BIMAS_12/2026_VIS	D_EQ	SSF	D_EQ_FPD	DE_BIMAS_FPD	BIMAS.E	31/12/2026	438.95	444.65	-1.28	442	437.5	442	438.45	438.97	482870	0	11	10	38	11					
06/10/2026	F_BRSAN1026	BRSAN_10/2026_VIS	D_EQ	SSF	D_EQ_FPD	DE_BRSAN_FPD	BRSAN.E	30/10/2026	694.6	708.7	-1.99	712.2	690	716.4	694.5	698.89	246707250	0	3530	2254	2171	75					
06/10/2026	F_BRSAN1126	BRSAN_11/2026_VIS	D_EQ	SSF	D_EQ_FPD	DE_BRSAN_FPD	BRSAN.E	30/11/2026	709.9	723.4	-1.87	726.3	706.7	733.3	710.9	713.8	28207680	0	386	124	339	248					
06/10/2026	F_BRSAN1226	BRSAN_12/2026_VIS	D_EQ	SSF	D_EQ_FPD	DE_BRSAN_FPD	BRSAN.E	31/12/2026	752.1	752.1	0	0	0	0	0	0	0	0	0	0	9	0					
06/10/2026	F_CIMSA1026	CIMSA_10/2026_VIS	D_EQ	SSF	D_EQ_FPD	DE_CIMSA_FPD	CIMSA.E	30/10/2026	41.45	42.55	-2.59	42.49	41.38	42.6	41.41	41.86	90987366	0	21734	2916	67996	-1110					
06/10/2026	F_CIMSA1126	CIMSA_11/2026_VIS	D_EQ	SSF	D_EQ_FPD	DE_CIMSA_FPD	CIMSA.E	30/11/2026	42.42	43.46	-2.39	43.36	42.35	43.43	42.42	42.8	7653060	0	1788	301	2592	61					
06/10/2026	F_CIMSA1226	CIMSA_12/2026_VIS	D_EQ	SSF	D_EQ_FPD	DE_CIMSA_FPD	CIMSA.E	31/12/2026	43.72	44.54	-1.84	44.2	43.5	44.2	43.5	43.94	918381	0	209	65	507	123					
06/10/2026	F_CNHTRY1026	CNHTRY_10/2026_VIS	D_CR	CRF	D_CR_FUT	DE_CNHTRY_FUT	D_CNHTRY	30/10/2026	7.567	7.567	0	0	0	0	0	0	0	0	0	0	0	0					
06/10/2026	F_CNHTRY1126	CNHTRY_11/2026_VIS	D_CR	CRF	D_CR_FUT	DE_CNHTRY_FUT	D_CNHTRY	30/11/2026	7.6884	7.6884	0	0	0	0	0	0	0	0	0	0	0	0					
06/10/2026	F_CNHTRY1226	CNHTRY_12/2026_VIS	D_CR	CRF	D_CR_FUT	DE_CNHTRY_FUT	D_CNHTRY	31/12/2026	7.9439	7.9439	0	0	0	0	0	0	0	0	0	0	11	0					
06/10/2026	F_CNHTRY1227	CNHTRY_12/2027_VIS	D_CR	CRF	D_CR_FUT	DE_CNHTRY_FUT	D_CNHTRY	31/12/2027	10.25	10.25	0	0	0	0	0	0	0	0	0	0	0	0					
06/10/2026	F_DOAS1026	DOAS_10/2026_VIS	D_EQ	SSF	D_EQ_FPD	DE_DOAS_FPD	DOAS.E	30/10/2026	147.75	148.75	-0.67	148.5	147.15	149.85	148.55	148.71	27526380	0	1851	936	4849	31					
06/10/2026	F_DOAS1126	DOAS_11/2026_VIS	D_EQ	SSF	D_EQ_FPD	DE_DOAS_FPD	DOAS.E	30/11/2026	151.1	152.25	-0.76	151.65	150.75	153.1	151.25	151.76	379400	0	25	22	357	0					
06/10/2026	F_DOAS1226	DOAS_12/2026_VIS	D_EQ	SSF	D_EQ_FPD	DE_DOAS_FPD	DOAS.E	31/12/2026	155.05	154.95	0.06	155.3	154.95	155.3	154.95	155.07	46520	0	3	2	18	1					
06/10/2026	F_DOHOL1026	DOHOL_10/2026_VIS	D_EQ	SSF	D_EQ_FPD	DE_DOHOL_FPD	DOHOL.E	30/10/2026	19.21	19.75	-2.73	19.71	19.17	19.77	19.19	19.44	76484366	0	39350	2934	184850	7572					
06/10/2026	F_DOHOL1126	DOHOL_11/2026_VIS	D_EQ	SSF	D_EQ_FPD	DE_DOHOL_FPD	DOHOL.E	30/11/2026	19.68	20.2	-2.57	20.15	19.66	20.19	19.68	19.82	1728591	0	872	109	5112	218					
06/10/2026	F_DOHOL1226	DOHOL_12/2026_VIS	D_EQ	SSF	D_EQ_FPD	DE_DOHOL_FPD	DOHOL.E	31/12/2026	20.55	20.75	-0.96	20.6	20.47	20.62	20.47	20.55	18499	0	9	9	90	4					
06/10/2026	F_EKGYO1026	EKGYO_10/2026_VIS	D_EQ	SSF	D_EQ_FPD	DE_EKGYO_FPD	EKGYO.E	30/10/2026	20.16	20.36	-0.98	20.38	20.07	20.38	20.16	20.2	532562302	0	263595	8289	951593	5333	20.38	101900	0	50	3
06/10/2026	F_EKGYO1126	EKGYO_11/2026_VIS	D_EQ	SSF	D_EQ_FPD	DE_EKGYO_FPD	EKGYO.E	30/11/2026	20.65	20.87	-1.05	20.88	20.59	20.88	20.65	20.71	15282398	0	7381	338	21490	1951					
06/10/2026	F_EKGYO1226	EKGYO_12/2026_VIS	D_EQ	SSF	D_EQ_FPD	DE_EKGYO_FPD	EKGYO.E	31/12/2026	21.27	21.4	-0.61	21.4	21.2	21.48	21.48	21.3	95856	0	45	15	1412	25					
06/10/2026	F_ELCBAS0127	BY ELEKTRIK_01/2027_VIS	D_EL	ENF	D_EL_FUT	DE_ELCBAS01B_FUT	D_ELCBAS01	01/02/2027	2800	2800	0	0	0	0	0	0	0	0	0	0	0	0					
06/10/2026	F_ELCBAS0227	BY ELEKTRIK_02/2027_VIS	D_EL	ENF	D_EL_FUT	DE_ELCBAS02B_FUT	D_ELCBAS02	01/03/2027	2652.8	2652.8	0	0	0	0	0	0	0	0	0	0	0	0					
06/10/2026	F_ELCBAS0327	BY ELEKTRIK_03/2027_VIS	D_EL	ENF	D_EL_FUT	DE_ELCBAS03B_FUT	D_ELCBAS03	31/03/2027	2959.6	2959.6	0	0	0	0	0	0	0	0	0	0	0	0					
06/10/2026	F_ELCBAS0427	BY ELEKTRIK_04/2027_VIS	D_EL	ENF	D_EL_FUT	DE_ELCBAS04B_FUT	D_ELCBAS04	30/04/2027	2713	2713	0	0	0	0	0	0	0	0	0	0	0	0					
06/10/2026	F_ELCBAS1026	BY ELEKTRIK_10/2026_VIS	D_EL	ENF	D_EL_FUT	DE_ELCBAS10B_FUT	D_ELCBAS10	02/11/2026	3320	3320	0	0	0	0	0	0	0	0	0	0	20	0					
06/10/2026	F_ELCBAS1126	BY ELEKTRIK_11/2026_VIS	D_EL	ENF	D_EL_FUT	DE_ELCBAS11B_FUT	D_ELCBAS11	30/11/2026	3320	3320	0	0	0	0	0	0	0	0	0	0	20	0					
06/10/2026	F_ELCBAS1226	BY ELEKTRIK_12/2026_VIS	D_EL	ENF	D_EL_FUT	DE_ELCBAS12B_FUT	D_ELCBAS12	31/12/2026	3320	3320	0	0	0	0	0	0	0	0	0	0	20	0					
06/10/2026	F_ELCBASQ127	BY ELEKTRIK_Q1/2026_CASC VIS	D_EL	ENF	D_EL_FUT	DE_ELCBASQ1B_FUT	D_ELCBASQ1	30/12/2026	3400	3400	0	0	0	0	0	0	0	0	0	0	0	0					
06/10/2026	F_ELCBASQ128	BY ELEKTRIK_Q1/2027_CASC VIS	D_EL	ENF	D_EL_FUT	DE_ELCBASQ1B_FUT	D_ELCBASQ1	30/12/2027	3500	3500	0	0	0	0	0	0	0	0	0	0	0	0					
06/10/2026	F_ELCBASQ227	BY ELEKTRIK_Q2/2027_CASC VIS	D_EL	ENF	D_EL_FUT	DE_ELCBASQ2B_FUT	D_ELCBASQ2	30/03/2027	2600	2600	0	0	0	0	0	0	0	0	0	0	0	0					
06/10/2026	F_ELCBASQ228	BY ELEKTRIK_Q2/2028_CASC VIS	D_EL	ENF	D_EL_FUT	DE_ELCBASQ2B_FUT	D_ELCBASQ2	30/03/2028	3500	3500	0	0	0	0	0	0	0	0	0	0	0	0					
06/10/2026	F_ELCBASQ327	BY ELEKTRIK_Q3/2027_CASC VIS	D_EL	ENF	D_EL_FUT	DE_ELCBASQ3B_FUT	D_ELCBASQ3	29/06/2027	3700	3700	0	0	0	0	0	0	0	0	0	0	0	0					
06/10/2026	F_ELCBASQ328	BY ELEKTRIK_Q3/2028_CASC VIS	D_EL	ENF	D_EL_FUT	DE_ELCBASQ3B_FUT	D_ELCBASQ3	29/06/2028	3500	3500	0	0	0	0	0	0	0	0	0	0	0	0					
06/10/2026	F_ELCBASQ427	BY ELEKTRIK_Q4/2027_CASC VIS	D_EL	ENF	D_EL_FUT	DE_ELCBASQ4B_FUT	D_ELCBASQ4	29/09/2027	3500	3500	0	0	0	0	0	0	0	0	0	0	0	0					
06/10/2026	F_ELCBASQ428	BY ELEKTRIK_Q4/2028_CASC VIS	D_EL	ENF	D_EL_FUT	DE_ELCBASQ4B_FUT	D_ELCBASQ4	29/09/2028	3500	3500	0	0	0	0	0	0	0	0	0	0	0	0					
06/10/2026	F_ELCBASY27	BY ELEKTRIK_2026_CASC VIS	D_EL	ENF	D_EL_FUT	DE_ELCBASYB_FUT	D_ELCBASY	28/12/2026	3300	3300	0	0	0	0	0	0	0	0	0	0	0	0					
06/10/2026	F_ELCBASY28	BY ELEKTRIK_2027_CASC VIS	D_EL	ENF	D_EL_FUT	DE_ELCBASYB_FUT	D_ELCBASY	28/12/2027	3500	3500	0	0	0	0	0	0	0	0	0	0	0	0					
06/10/2026	F_ENJSA1026	ENJSA_10/2026_VIS	D_EQ	SSF	D_EQ_FPD	DE_ENJSA_FPD	ENJSA.E	30/10/2026	114.25	114.95	-0.61	114.4	113.65	115.9	114.4	114.9	93249575	0	8116	2399	15627	-172	114.4	22880	0	2	2
06/10/2026	F_ENJSA1126	ENJSA_11/2026_VIS	D_EQ	SSF	D_EQ_FPD	DE_ENJSA_FPD	ENJSA.E	30/11/2026	116.7	117.6	-0.77	116.75	116.55	118.7	116.75	117.67	2023900	0	172	119	1085	128					
06/10/2026	F_ENJSA1226	ENJSA_12/2026_VIS	D_EQ	SSF	D_EQ_FPD	DE_ENJSA_FPD	ENJSA.E	31/12/2026	120.3	120.3	0	0	0	0	0	0	0	0	0	0	10	0					
06/10/2026	F_ENKAI1026	ENKAI_10/2026_VIS	D_EQ	SSF	D_EQ_FPD	DE_ENKAI_FPD	ENKAI.E	30/10/2026	84.32	86.76	-2.81	86.55	84.25	86.8	84.25	85.08	226849943	0	26664	6711	55628	6592	86.55	207720	0	24	4
06/10/2026	F_ENKAI1126	ENKAI_11/2026_VIS	D_EQ	SSF	D_EQ_FPD	DE_ENKAI_FPD	ENKAI.E	30/11/2026	86.5	88.75	-2.54	88.5	86.44	88.5	86.5	87	17600946	0	2023	429	2140	803					
06/10/2026	F_ENKAI1226	ENKAI_12/2026_VIS	D_EQ	SSF	D_EQ_FPD	DE_ENKAI_FPD	ENKAI.E	31/12/2026	89.47	91.59	-2.31	90.54	88.9	90.56	88.9	89.6	179206	0	20	14	45	-2					
06/10/2026	F_EREGL1026	EREGL_10/2026_VIS	D_EQ	SSF	D_EQ_FPD	DE_EREGL_FPD	EREGL.E	30/10/2026	37.78	38.44	-1.72	38.39	37.04	38.47	37.75	37.76	764183016	0	202374	17150	490498	491	38.39	69102	0	18	6
06/10/2026	F_EREGL1126	EREGL_11/2026_VIS	D_EQ	SSF	D_EQ_FPD	DE_EREGL_FPD	EREGL.E	30/11/2026	38.62	39.42	-2.03	39.33	38.37	39.46	38.65	38.7	32816116	0	8480	850	9780	83					
06/10/2026	F_EREGL1226	EREGL_12/2026_VIS	D_EQ	SSF	D_EQ_FPD	DE_EREGL_FPD	EREGL.E	31/12/2026	39.79	40.94	-2.81	40.02	39.42	40.02	39.75	39.73	258216	0	65	54	69	21					
06/10/2026	F_EURTRY1026	EURTRY_10/2026_VIS	D_CR	CRF	D_CR_FUT	DE_EURTRY_FUT	D_EURTRY	30/10/2026	56.362	56.178	0.33	56.175	56.13	56.42	56.362	56.31	10811521	0	192	75	13802	70					
06/10/2026	F_EURTRY1126	EURTRY_11/2026_VIS	D_CR	CRF	D_CR_FUT	DE_EURTRY_FUT	D_EURTRY	30/11/2026	57.748	57.759	-0.02	57.407	57.407	57.88	57.88	57.7201	981242	0	17	17	180	16					
06/10/2026	F_EURTRY1226	EURTRY_12/2026_VIS	D_CR	CRF	D_CR_FUT	DE_EURTRY_FUT	D_EURTRY	31/12/2026	59.339	59.393	-0.09	59.16	59.152	59.45	59.401	59.2767	3200940	0	54	29	2072	7					
06/10/2026	F_EURTRY1227	EURTRY_12/2027_VIS	D_CR	CRF	D_CR_FUT	DE_EURTRY_FUT	D_EURTRY	31/12/2027	79.325	79.552	-0.29	79.301	79.3	79.401	79.34	79.3159	17132226	0	216	32	242	-52					
06/10/2026	F_EURUSD1026	EURUSD_10/2026_VIS	D_CR	CRFU	D_CR_FUT	DE_EURUSD_FUT	D_EURUSD	30/10/2026	1.1266	1.1227	0.35	1.1225	1.1215	1.1289	1.1274	1.1262	143576685.3	0	2598	353	21329	-1235					
06/10/2026	F_EURUSD1126	EURUSD_11/2026_VIS	D_CR	CRFU	D_CR_FUT	DE_EURUSD_FUT	D_EURUSD	30/11/2026	1.1287	1.122	0.6	1.125	1.1232	1.1292	1.1272	1.1279	8357666.507	0	151	46	303	92					
06/10/2026	F_EURUSD1226	EURUSD_12/2026_VIS	D_CR	CRFU	D_CR_FUT	DE_EURUSD_FUT	D_EURUSD	31/12/2026	1.1302	1.1253	0.44	1.1263	1.1263	1.1319	1.1304	1.1291	9364211.819	0	169	43	1319	-69					
06/10/2026	F_EURUSD1227	EURUSD_12/2027_VIS	D_CR	CRFU	D_CR_FUT	DE_EURUSD_FUT	D_EURUSD	31/12/2027	1.1433	1.1401	0.28	1.143	1.142	1.1469	1.143	1.1429	21088869.09	0	376	32	281	13					
06/10/2026	F_FROTO1026	FROTO_10/2026_VIS	D_EQ	SSF	D_EQ_FPD	DE_FROTO_FPD	FROTO.E	30/10/2026	76.18	76.13	0.07	76.2	75.82	76.98	76.16	76.43	276714926	0	36206	7467	117783	2571					
06/10/2026	F_FROTO1126	FROTO_11/2026_VIS	D_EQ	SSF	D_EQ_FPD	DE_FROTO_FPD	FROTO.E	30/11/2026	78.14	78.08	0.08	78.4	77.75	78.95	78.13	78.37	3988830	0	509	219	10479	25					
06/10/2026	F_FROTO1226	FROTO_12/2026_VIS	D_EQ	SSF	D_EQ_FPD	DE_FROTO_FPD	FROTO.E	31/12/2026	80.59	80.18	0.51	80.16	80	80.83	80.3	80.43	579101	0	72	44	394	50					
06/10/2026	F_GARAN1026	GARAN_10/2026_VIS	D_EQ	SSF	D_EQ_FPD	DE_GARAN_FPD	GARAN.E	30/10/2026	134.1	133.5	0.45	133.4	132.3	134.45	134.15	133.19	845273680	0	63463	9824	193290	-11405	133.4	53360	0	4	1
06/10/2026	F_GARAN1126	GARAN_11/2026_VIS	D_EQ	SSF	D_EQ_FPD	DE_GARAN_FPD	GARAN.E	30/11/2026	137.05	136.5	0.4	136.75	135.75	137.55	137.45	136.71	19809355	0	1449	299	5648	400					
06/10/2026	F_GARAN1226	GARAN_12/2026_VIS	D_EQ	SSF	D_EQ_FPD	DE_GARAN_FPD	GARAN.E	31/12/2026	139.95	140.05	-0.07	139.65	139.65	140.5	140.05	139.92	223880	0	16	10	28	0					
06/10/2026	F_GBPUSD1026	GBPUSD_10/2026_VIS	D_CR	CRFU	D_CR_FUT	DE_GBPUSD_FUT	D_GBPUSD	30/10/2026	1.3255	1.3204	0.39	1.3255	1.3255	1.3255	1.3255	1.3255	65046.5266	0	1	1	34	-1					
06/10/2026	F_GBPUSD1126	GBPUSD_11/2026_VIS	D_CR	CRFU	D_CR_FUT	DE_GBPUSD_FUT	D_GBPUSD	30/11/2026	1.3234	1.3234	0	0	0	0	0	0	0	0	0	0	0	0					
06/10/2026	F_GBPUSD1226	GBPUSD_12/2026_VIS	D_CR	CRFU	D_CR_FUT	DE_GBPUSD_FUT	D_GBPUSD	31/12/2026	1.3202	1.3202	0	0	0	0	0	0	0	0	0	0	20	0					
06/10/2026	F_GBPUSD1227	GBPUSD_12/2027_VIS	D_CR	CRFU	D_CR_FUT	DE_GBPUSD_FUT	D_GBPUSD	31/12/2027	1.3538	1.3538	0	0	0	0	0	0	0	0	0	0	0	0					
06/10/2026	F_GUBRF1026	GUBRF_10/2026_VIS	D_EQ	SSF	D_EQ_FPD	DE_GUBRF_FPD	GUBRF.E	30/10/2026	415.95	422.9	-1.64	422.85	413.75	424.05	415.45	418.19	270064255	0	6458	4257	18168	-275					
06/10/2026	F_GUBRF1126	GUBRF_11/2026_VIS	D_EQ	SSF	D_EQ_FPD	DE_GUBRF_FPD	GUBRF.E	30/11/2026	424.7	432.9	-1.89	430.4	423	433.5	424.6	428.42	46397450	0	1083	957	1749	685					
06/10/2026	F_GUBRF1226	GUBRF_12/2026_VIS	D_EQ	SSF	D_EQ_FPD	DE_GUBRF_FPD	GUBRF.E	31/12/2026	442.8	447.25	-0.99	442.05	436	446.65	443.2	440.3	2685830	0	61	29	2886	7					
06/10/2026	F_HALKB1026	HALKB_10/2026_VIS	D_EQ	SSF	D_EQ_FPD	DE_HALKB_FPD	HALKB.E	30/10/2026	44.58	44.48	0.22	44.45	44.23	44.92	44.61	44.58	347762555	0	78000	8344	386005	-1695	44.45	31115	0	7	2
06/10/2026	F_HALKB1126	HALKB_11/2026_VIS	D_EQ	SSF	D_EQ_FPD	DE_HALKB_FPD	HALKB.E	30/11/2026	45.16	44.89	0.6	44.86	44.62	45.33	45.03	44.98	69859718	0	15531	1584	62465	11966					
06/10/2026	F_HALKB1226	HALKB_12/2026_VIS	D_EQ	SSF	D_EQ_FPD	DE_HALKB_FPD	HALKB.E	31/12/2026	46.03	45.18	1.88	45.2	43.45	46.42	46	45.93	973718	0	212	45	176	65					
06/10/2026	F_HEKTS1026	HEKTS_10/2026_VIS	D_EQ	SSF	D_EQ_FPD	DE_HEKTS_FPD	HEKTS.E	30/10/2026	2.24	2.21	1.36	2.22	2.19	2.29	2.23	2.23	108192731	0	485973	2005	811775	14889	2.22	356976	0	1608	6
06/10/2026	F_HEKTS1126	HEKTS_11/2026_VIS	D_EQ	SSF	D_EQ_FPD	DE_HEKTS_FPD	HEKTS.E	30/11/2026	2.29	2.26	1.33	2.27	2.24	2.34	2.29	2.27	1702408	0	7486	258	61975	-1017					
06/10/2026	F_HEKTS1226	HEKTS_12/2026_VIS	D_EQ	SSF	D_EQ_FPD	DE_HEKTS_FPD	HEKTS.E	31/12/2026	2.36	2.32	1.72	2.32	2.32	2.41	2.36	2.37	135943	0	574	55	1468	-64					
06/10/2026	F_ISCTR1026	ISCTR_10/2026_VIS	D_EQ	SSF	D_EQ_FPD	DE_ISCTR_FPD	ISCTR.E	30/10/2026	13.16	13.19	-0.23	13.23	13.02	13.26	13.16	13.14	1727750358	0	1315272	14683	2935602	83187	13.23	324135	0	245	16
06/10/2026	F_ISCTR1126	ISCTR_11/2026_VIS	D_EQ	SSF	D_EQ_FPD	DE_ISCTR_FPD	ISCTR.E	30/11/2026	13.49	13.52	-0.22	13.58	13.36	13.6	13.48	13.47	34896174	0	25902	882	138620	2305					
06/10/2026	F_ISCTR1226	ISCTR_12/2026_VIS	D_EQ	SSF	D_EQ_FPD	DE_ISCTR_FPD	ISCTR.E	31/12/2026	13.9	13.91	-0.07	14.01	13.73	14.01	13.9	13.87	844500	0	609	151	2589	349	14.01	7005	0	5	3
06/10/2026	F_KCHOL1026	KCHOL_10/2026_VIS	D_EQ	SSF	D_EQ_FPD	DE_KCHOL_FPD	KCHOL.E	30/10/2026	218.4	219.75	-0.61	219.9	217.3	221.6	218.9	219.66	1059321275	0	48225	9702	148319	183	219.9	527760	0	24	3
06/10/2026	F_KCHOL1126	KCHOL_11/2026_VIS	D_EQ	SSF	D_EQ_FPD	DE_KCHOL_FPD	KCHOL.E	30/11/2026	223.75	225.5	-0.78	225	223	227.2	224.05	225.52	25167720	0	1116	428	5169	57					
06/10/2026	F_KCHOL1226	KCHOL_12/2026_VIS	D_EQ	SSF	D_EQ_FPD	DE_KCHOL_FPD	KCHOL.E	31/12/2026	231.1	229.3	0.78	231.15	229.95	231.8	229.95	231.08	138650	0	6	6	26	1					
06/10/2026	F_KRDMD1026	KRDMD_10/2026_VIS	D_EQ	SSF	D_EQ_FPD	DE_KRDMD_FPD	KRDMD.E	30/10/2026	45.28	46.01	-1.59	46	44.44	46.18	45.37	44.99	767235567	0	170525	14397	172807	4147	46	216200	0	47	4
06/10/2026	F_KRDMD1126	KRDMD_11/2026_VIS	D_EQ	SSF	D_EQ_FPD	DE_KRDMD_FPD	KRDMD.E	30/11/2026	46.35	47.15	-1.7	47.12	45.6	47.38	46.42	46.16	27373049	0	5930	745	29682	411					
06/10/2026	F_KRDMD1226	KRDMD_12/2026_VIS	D_EQ	SSF	D_EQ_FPD	DE_KRDMD_FPD	KRDMD.E	31/12/2026	47.41	48.42	-2.09	48.57	47.04	48.57	47.59	47.62	152373	0	32	14	81	19					
06/10/2026	F_MGROS1026	MGROS_10/2026_VIS	D_EQ	SSF	D_EQ_FPD	DE_MGROS_FPD	MGROS.E	30/10/2026	522.9	530	-1.34	528.5	520.8	530.3	522.5	524.41	264199240	0	5038	2464	19764	629	528.5	52850	0	1	1
06/10/2026	F_MGROS1126	MGROS_11/2026_VIS	D_EQ	SSF	D_EQ_FPD	DE_MGROS_FPD	MGROS.E	30/11/2026	532.5	536.2	-0.69	541.9	530.8	541.9	532.1	533.87	15268630	0	286	185	901	42					
06/10/2026	F_MGROS1226	MGROS_12/2026_VIS	D_EQ	SSF	D_EQ_FPD	DE_MGROS_FPD	MGROS.E	31/12/2026	549.6	553.5	-0.7	550.6	547.3	550.6	547.3	549.56	714430	0	13	9	71	11					
06/10/2026	F_ODAS1026	ODAS_10/2026_VIS	D_EQ	SSF	D_EQ_FPD	DE_ODAS_FPD	ODAS.E	30/10/2026	6.09	6.19	-1.62	6.2	6.03	6.22	6.1	6.12	92436505	0	151158	4043	482528	-2291	6.2	3100	0	5	4
06/10/2026	F_ODAS1126	ODAS_11/2026_VIS	D_EQ	SSF	D_EQ_FPD	DE_ODAS_FPD	ODAS.E	30/11/2026	6.23	6.33	-1.58	6.33	6.18	6.34	6.22	6.26	3292561	0	5259	366	22767	1826					
06/10/2026	F_ODAS1226	ODAS_12/2026_VIS	D_EQ	SSF	D_EQ_FPD	DE_ODAS_FPD	ODAS.E	31/12/2026	6.4	6.51	-1.69	6.5	6.34	6.5	6.38	6.43	124190	0	193	100	704	163					
06/10/2026	F_OYAKC1026	OYAKC_10/2026_VIS	D_EQ	SSF	D_EQ_FPD	DE_OYAKC_FPD	OYAKC.E	30/10/2026	21.14	21.62	-2.22	21.44	21.09	21.69	21.1	21.37	85851077	0	40166	3418	84079	-2622					
06/10/2026	F_OYAKC1126	OYAKC_11/2026_VIS	D_EQ	SSF	D_EQ_FPD	DE_OYAKC_FPD	OYAKC.E	30/11/2026	21.68	22.1	-1.9	22.13	21.66	22.13	21.69	21.9	4031752	0	1841	301	12045	230					
06/10/2026	F_OYAKC1226	OYAKC_12/2026_VIS	D_EQ	SSF	D_EQ_FPD	DE_OYAKC_FPD	OYAKC.E	31/12/2026	22.51	22.81	-1.32	22.61	22.31	23.01	22.31	22.56	31590	0	14	14	20	10					
06/10/2026	F_PETKM1026	PETKM_10/2026_VIS	D_EQ	SSF	D_EQ_FPD	DE_PETKM_FPD	PETKM.E	30/10/2026	20.15	20.48	-1.61	20.26	20.06	20.85	20.14	20.46	447892749	0	218865	13619	387992	6572	20.26	230964	0	114	16
06/10/2026	F_PETKM1126	PETKM_11/2026_VIS	D_EQ	SSF	D_EQ_FPD	DE_PETKM_FPD	PETKM.E	30/11/2026	20.61	20.98	-1.76	20.88	20.55	21.3	20.63	20.84	16389844	0	7864	660	21374	1370					
06/10/2026	F_PETKM1226	PETKM_12/2026_VIS	D_EQ	SSF	D_EQ_FPD	DE_PETKM_FPD	PETKM.E	31/12/2026	21.29	21.82	-2.43	21.5	21.12	21.89	21.59	21.51	438800	0	204	52	188	-3					
06/10/2026	F_PGSUS1026	PGSUS_10/2026_VIS	D_EQ	SSF	D_EQ_FPD	DE_PGSUS_FPD	PGSUS.E	30/10/2026	142.95	145.05	-1.45	145.75	142.2	145.95	142.85	144.13	575687205	0	39943	10443	78924	-283					
06/10/2026	F_PGSUS1126	PGSUS_11/2026_VIS	D_EQ	SSF	D_EQ_FPD	DE_PGSUS_FPD	PGSUS.E	30/11/2026	146.8	148.5	-1.14	148.5	145.8	149.6	146.8	147.46	28813250	0	1954	496	4103	1146					
06/10/2026	F_PGSUS1226	PGSUS_12/2026_VIS	D_EQ	SSF	D_EQ_FPD	DE_PGSUS_FPD	PGSUS.E	31/12/2026	151.55	152.9	-0.88	152.45	150.1	152.45	150.85	151.77	546355	0	36	30	58	14					
06/10/2026	F_P_USDTRY1026	FIZ. USDTRY_10/2026_VIS	D_CR	PCF	D_CR_FPD	DE_USDTRYP_FPD	USDTRYP.CX	30/10/2026	50.632	50.632	0	0	0	0	0	0	0	0	0	0	0	0					
06/10/2026	F_P_USDTRY1126	FIZ. USDTRY_11/2026_VIS	D_CR	PCF	D_CR_FPD	DE_USDTRYP_FPD	USDTRYP.CX	30/11/2026	51.46	51.46	0	0	0	0	0	0	0	0	0	0	0	0					
06/10/2026	F_P_USDTRY1226	FIZ. USDTRY_12/2026_VIS	D_CR	PCF	D_CR_FPD	DE_USDTRYP_FPD	USDTRYP.CX	31/12/2026	53.185	53.185	0	0	0	0	0	0	0	0	0	0	0	0					
06/10/2026	F_P_USDTRY1227	FIZ. USDTRY_12/2027_VIS	D_CR	PCF	D_CR_FPD	DE_USDTRYP_FPD	USDTRYP.CX	31/12/2027	70.106	70.106	0	0	0	0	0	0	0	0	0	0	0	0					
06/10/2026	F_RUBTRY1026	RUBTRY_10/2026_VIS	D_CR	CRF	D_CR_FUT	DE_RUBTRY_FUT	D_RUBTRY	30/10/2026	0.58386	0.58386	0	0	0	0	0	0	0	0	0	0	0	0					
06/10/2026	F_RUBTRY1126	RUBTRY_11/2026_VIS	D_CR	CRF	D_CR_FUT	DE_RUBTRY_FUT	D_RUBTRY	30/11/2026	0.60402	0.60402	0	0	0	0	0	0	0	0	0	0	0	0					
06/10/2026	F_RUBTRY1226	RUBTRY_12/2026_VIS	D_CR	CRF	D_CR_FUT	DE_RUBTRY_FUT	D_RUBTRY	31/12/2026	0.60556	0.60556	0	0	0	0	0	0	0	0	0	0	0	0					
06/10/2026	F_RUBTRY1227	RUBTRY_12/2027_VIS	D_CR	CRF	D_CR_FUT	DE_RUBTRY_FUT	D_RUBTRY	31/12/2027	0.73701	0.73701	0	0	0	0	0	0	0	0	0	0	0	0					
06/10/2026	F_SAHOL1026	SAHOL_10/2026_VIS	D_EQ	SSF	D_EQ_FPD	DE_SAHOL_FPD	SAHOL.E	30/10/2026	90.72	90.94	-0.24	91.05	90.21	91.76	90.81	90.9	793594650	0	87301	11736	581535	-2140					
06/10/2026	F_SAHOL1126	SAHOL_11/2026_VIS	D_EQ	SSF	D_EQ_FPD	DE_SAHOL_FPD	SAHOL.E	30/11/2026	92.81	93.27	-0.49	92.51	92.51	94.08	92.83	93.18	13064393	0	1402	430	7737	88					
06/10/2026	F_SAHOL1226	SAHOL_12/2026_VIS	D_EQ	SSF	D_EQ_FPD	DE_SAHOL_FPD	SAHOL.E	31/12/2026	95.69	95.82	-0.14	97.83	95.2	97.83	95.23	95.8	737669	0	77	38	453	48	97.83	19566	0	2	2
06/10/2026	F_SASA1026	SASA_10/2026_VIS	D_EQ	SSF	D_EQ_FPD	DE_SASA_FPD	SASA.E	30/10/2026	1.94	1.97	-1.52	1.98	1.91	1.98	1.93	1.94	664280998	0	3430458	6420	6137927	-121698	1.98	1988118	0	10041	22
06/10/2026	F_SASA1126	SASA_11/2026_VIS	D_EQ	SSF	D_EQ_FPD	DE_SASA_FPD	SASA.E	30/11/2026	1.99	2.03	-1.97	2.03	1.96	2.03	1.98	1.99	40694057	0	204506	870	543969	61201					
06/10/2026	F_SASA1226	SASA_12/2026_VIS	D_EQ	SSF	D_EQ_FPD	DE_SASA_FPD	SASA.E	31/12/2026	2.04	2.08	-1.92	2.08	2.03	2.08	2.04	2.05	1717796	0	8386	148	185425	6156					
06/10/2026	F_SASX101026	SASX 10_10/2026_VIS	D_FR	FIF	D_FR_FUT	DE_SASX10_FUT	D_SASX10	30/10/2026	1543.75	1543.75	0	0	0	0	0	0	0	0	0	0	0	0					
06/10/2026	F_SASX101226	SASX 10_12/2026_VIS	D_FR	FIF	D_FR_FUT	DE_SASX10_FUT	D_SASX10	31/12/2026	1521.25	1521.25	0	0	0	0	0	0	0	0	0	0	0	0					
06/10/2026	F_SISE1026	SISE_10/2026_VIS	D_EQ	SSF	D_EQ_FPD	DE_SISE_FPD	SISE.E	30/10/2026	38.87	39.02	-0.38	39	38.56	39.16	38.88	38.87	310156642	0	79789	10809	331840	6312	39	101400	0	26	9
06/10/2026	F_SISE1126	SISE_11/2026_VIS	D_EQ	SSF	D_EQ_FPD	DE_SISE_FPD	SISE.E	30/11/2026	39.75	39.98	-0.58	39.96	39.56	40.12	39.85	39.9	8377964	0	2100	453	8499	852					
06/10/2026	F_SISE1226	SISE_12/2026_VIS	D_EQ	SSF	D_EQ_FPD	DE_SISE_FPD	SISE.E	31/12/2026	41.18	40.97	0.51	40.95	40.8	41.27	40.8	41.1	530233	0	129	28	264	111					
06/10/2026	F_SOKM1026	SOKM_10/2026_VIS	D_EQ	SSF	D_EQ_FPD	DE_SOKM_FPD	SOKM.E	30/10/2026	57.38	57.69	-0.54	57.46	57.18	58.15	57.45	57.74	55817111	0	9667	1589	24659	-666					
06/10/2026	F_SOKM1126	SOKM_11/2026_VIS	D_EQ	SSF	D_EQ_FPD	DE_SOKM_FPD	SOKM.E	30/11/2026	58.92	59.04	-0.2	59.29	58.74	59.56	58.97	59.19	1781639	0	301	80	1972	145					
06/10/2026	F_SOKM1226	SOKM_12/2026_VIS	D_EQ	SSF	D_EQ_FPD	DE_SOKM_FPD	SOKM.E	31/12/2026	60.68	60.69	-0.02	60.68	60.68	60.68	60.68	60.68	42476	0	7	3	59	0					
06/10/2026	F_TAVHL1026	TAVHL_10/2026_VIS	D_EQ	SSF	D_EQ_FPD	DE_TAVHL_FPD	TAVHL.E	30/10/2026	281.75	281.45	0.11	278.5	278.15	285.1	281.2	282.58	229310235	0	8115	4145	71343	-71					
06/10/2026	F_TAVHL1126	TAVHL_11/2026_VIS	D_EQ	SSF	D_EQ_FPD	DE_TAVHL_FPD	TAVHL.E	30/11/2026	288.6	288.2	0.14	287.2	285.4	291.7	288.45	289.55	9120955	0	315	161	546	36					
06/10/2026	F_TAVHL1226	TAVHL_12/2026_VIS	D_EQ	SSF	D_EQ_FPD	DE_TAVHL_FPD	TAVHL.E	31/12/2026	294.8	295	-0.07	294.55	294.55	295	295	294.8	176880	0	6	4	14	5					
06/10/2026	F_TCELL1026	TCELL_10/2026_VIS	D_EQ	SSF	D_EQ_FPD	DE_TCELL_FPD	TCELL.E	30/10/2026	102.45	102.7	-0.24	102.85	102	104.45	103.15	103.52	481449005	0	46506	6542	203369	-3399					
06/10/2026	F_TCELL1126	TCELL_11/2026_VIS	D_EQ	SSF	D_EQ_FPD	DE_TCELL_FPD	TCELL.E	30/11/2026	105.5	105.4	0.09	105.55	105.3	107.05	105.5	106.37	21706245	0	2015	319	2293	90					
06/10/2026	F_TCELL1226	TCELL_12/2026_VIS	D_EQ	SSF	D_EQ_FPD	DE_TCELL_FPD	TCELL.E	31/12/2026	105.45	103.15	2.23	104.8	104.1	105.8	105.2	105.63	633780	0	60	27	91	40					
06/10/2026	F_THYAO1026	THYAO_10/2026_VIS	D_EQ	SSF	D_EQ_FPD	DE_THYAO_FPD	THYAO.E	30/10/2026	297.5	299.4	-0.63	300.2	297.1	301.3	297.45	299.19	1790822420	0	59855	12120	333157	4418	300.2	270180	0	9	6
06/10/2026	F_THYAO1126	THYAO_11/2026_VIS	D_EQ	SSF	D_EQ_FPD	DE_THYAO_FPD	THYAO.E	30/11/2026	305.3	307.05	-0.57	307.95	305	308.75	305.45	306.88	75092750	0	2447	812	6580	282					
06/10/2026	F_THYAO1226	THYAO_12/2026_VIS	D_EQ	SSF	D_EQ_FPD	DE_THYAO_FPD	THYAO.E	31/12/2026	314.3	316.05	-0.55	316.7	313.15	316.7	314	314.9	1228120	0	39	23	301	30					
06/10/2026	F_TKFEN1026	TKFEN_10/2026_VIS	D_EQ	SSF	D_EQ_FPD	DE_TKFEN_FPD	TKFEN.E	30/10/2026	264.95	260.4	1.75	261.45	257.45	265.5	265.25	261.4	529221385	0	20246	7905	20870	100					
06/10/2026	F_TKFEN1126	TKFEN_11/2026_VIS	D_EQ	SSF	D_EQ_FPD	DE_TKFEN_FPD	TKFEN.E	30/11/2026	269.05	264.4	1.76	269.7	263.05	271	270.3	267.17	10847185	0	406	227	1915	174					
06/10/2026	F_TKFEN1226	TKFEN_12/2026_VIS	D_EQ	SSF	D_EQ_FPD	DE_TKFEN_FPD	TKFEN.E	31/12/2026	272.7	273.1	-0.15	274	269.65	275.35	275.3	272.9	709540	0	26	23	136	15					
06/10/2026	F_TLREF1M0127	1-AY TLREF_01/2027_VIS	D_FI	TRF	D_FI_FUT	DE_TLREF1M_FUT	D_TLREF1M	29/01/2027	36.49	36.49	0	0	0	0	0	0	0	0	0	0	0	0					
06/10/2026	F_TLREF1M0227	1-AY TLREF_02/2027_VIS	D_FI	TRF	D_FI_FUT	DE_TLREF1M_FUT	D_TLREF1M	26/02/2027	36.49	36.49	0	0	0	0	0	0	0	0	0	0	0	0					
06/10/2026	F_TLREF1M0327	1-AY TLREF_03/2027_VIS	D_FI	TRF	D_FI_FUT	DE_TLREF1M_FUT	D_TLREF1M	31/03/2027	36.49	36.49	0	0	0	0	0	0	0	0	0	0	0	0					
06/10/2026	F_TLREF1M0427	1-AY TLREF_04/2027_VIS	D_FI	TRF	D_FI_FUT	DE_TLREF1M_FUT	D_TLREF1M	30/04/2027	36.82	36.82	0	0	0	0	0	0	0	0	0	0	0	0					
06/10/2026	F_TLREF1M1026	1-AY TLREF_10/2026_VIS	D_FI	TRF	D_FI_FUT	DE_TLREF1M_FUT	D_TLREF1M	30/10/2026	36.49	36.49	0	0	0	0	0	0	0	0	0	0	0	0					
06/10/2026	F_TLREF1M1126	1-AY TLREF_11/2026_VIS	D_FI	TRF	D_FI_FUT	DE_TLREF1M_FUT	D_TLREF1M	30/11/2026	36.49	36.49	0	0	0	0	0	0	0	0	0	0	0	0					
06/10/2026	F_TLREF1M1226	1-AY TLREF_12/2026_VIS	D_FI	TRF	D_FI_FUT	DE_TLREF1M_FUT	D_TLREF1M	31/12/2026	36.49	36.49	0	0	0	0	0	0	0	0	0	0	0	0					
06/10/2026	F_TOASO1026	TOASO_10/2026_VIS	D_EQ	SSF	D_EQ_FPD	DE_TOASO_FPD	TOASO.E	30/10/2026	277.2	270.7	2.4	269.45	268.4	281.7	278.1	276.51	448807460	0	16231	7438	42660	-473					
06/10/2026	F_TOASO1126	TOASO_11/2026_VIS	D_EQ	SSF	D_EQ_FPD	DE_TOASO_FPD	TOASO.E	30/11/2026	283.75	278.35	1.94	276.65	275.9	288.6	283.6	283.76	49061850	0	1729	657	1718	190					
06/10/2026	F_TOASO1226	TOASO_12/2026_VIS	D_EQ	SSF	D_EQ_FPD	DE_TOASO_FPD	TOASO.E	31/12/2026	290.5	287.25	1.13	293.35	285	293.35	292.2	288.39	1124715	0	39	19	26	19					
06/10/2026	F_TRALT1026	TRALT_10/2026_VIS	D_EQ	SSF	D_EQ_FPD	DE_TRALT_FPD	TRALT.E	30/10/2026	44.31	44.43	-0.27	44.3	44.05	45.16	44.32	44.45	1403828515	0	315788	21594	279507	12544	44.3	4430	0	1	1
06/10/2026	F_TRALT1126	TRALT_11/2026_VIS	D_EQ	SSF	D_EQ_FPD	DE_TRALT_FPD	TRALT.E	30/11/2026	45.38	45.57	-0.42	45.39	45.16	46.29	45.48	45.58	19104498	0	4191	755	21914	1214					
06/10/2026	F_TRALT1226	TRALT_12/2026_VIS	D_EQ	SSF	D_EQ_FPD	DE_TRALT_FPD	TRALT.E	31/12/2026	47.02	46.61	0.88	46.63	46.44	47.22	46.44	46.76	490985	0	105	39	222	20					
06/10/2026	F_TRMET1026	TRMET_10/2026_VIS	D_EQ	SSF	D_EQ_FPD	DE_TRMET_FPD	TRMET.E	30/10/2026	132.5	130.5	1.53	131	127.85	134.45	132.1	131.56	314402550	0	23898	6720	35612	-4885	131	13100	0	1	1
06/10/2026	F_TRMET1126	TRMET_11/2026_VIS	D_EQ	SSF	D_EQ_FPD	DE_TRMET_FPD	TRMET.E	30/11/2026	135.25	133.5	1.31	133.1	131.15	137.6	135.3	135.03	13948095	0	1033	283	2428	307					
06/10/2026	F_TRMET1226	TRMET_12/2026_VIS	D_EQ	SSF	D_EQ_FPD	DE_TRMET_FPD	TRMET.E	31/12/2026	140.7	140.7	0	0	0	0	0	0	0	0	0	0	5	0					
06/10/2026	F_TRT131130T14_0327	TRT131130T14_03/2027_VIS	D_BO	BOP	D_BO_FPD	DE_TRT131130T14_FPD	TRT131130T14_KESN_T1	31/03/2027	54.02	54.02	0	0	0	0	0	0	0	0	0	0	0	0					
06/10/2026	F_TRT131130T14_1226	TRT131130T14_12/2026_VIS	D_BO	BOP	D_BO_FPD	DE_TRT131130T14_FPD	TRT131130T14_KESN_T1	31/12/2026	54.975	54.975	0	0	0	0	0	0	0	0	0	0	0	0					
06/10/2026	F_TSKB1026	TSKB_10/2026_VIS	D_EQ	SSF	D_EQ_FPD	DE_TSKB_FPD	TSKB.E	30/10/2026	10.2	10.29	-0.87	10.32	10.16	10.32	10.2	10.21	58720705	0	57534	2261	306790	-1473	10.32	1032	0	1	1
06/10/2026	F_TSKB1126	TSKB_11/2026_VIS	D_EQ	SSF	D_EQ_FPD	DE_TSKB_FPD	TSKB.E	30/11/2026	10.45	10.57	-1.14	10.5	10.42	10.57	10.45	10.46	2304940	0	2203	165	12244	792					
06/10/2026	F_TSKB1226	TSKB_12/2026_VIS	D_EQ	SSF	D_EQ_FPD	DE_TSKB_FPD	TSKB.E	31/12/2026	10.76	10.79	-0.28	10.79	10.75	11.15	10.76	10.77	446763	0	415	34	1567	392	10.79	10790	0	10	1
06/10/2026	F_TTKOM1026	TTKOM_10/2026_VIS	D_EQ	SSF	D_EQ_FPD	DE_TTKOM_FPD	TTKOM.E	30/10/2026	54.15	54.74	-1.08	55.01	54.04	55.2	54.19	54.57	304216452	0	55753	6151	127873	4600	55.01	38507	0	7	3
06/10/2026	F_TTKOM1126	TTKOM_11/2026_VIS	D_EQ	SSF	D_EQ_FPD	DE_TTKOM_FPD	TTKOM.E	30/11/2026	55.47	56.18	-1.26	56.4	55.43	56.5	55.62	55.93	20313918	0	3632	499	5717	1226					
06/10/2026	F_TTKOM1226	TTKOM_12/2026_VIS	D_EQ	SSF	D_EQ_FPD	DE_TTKOM_FPD	TTKOM.E	31/12/2026	57.59	57.46	0.23	57.69	57.55	57.91	57.55	57.59	115190	0	20	16	33	9					
06/10/2026	F_TUPRS1026	TUPRS_10/2026_VIS	D_EQ	SSF	D_EQ_FPD	DE_TUPRS_FPD	TUPRS.E	30/10/2026	387.4	400	-3.15	400	386.75	400.2	386.8	390.12	1726992690	0	44270	12624	110081	9916	400	520000	0	13	8
06/10/2026	F_TUPRS1126	TUPRS_11/2026_VIS	D_EQ	SSF	D_EQ_FPD	DE_TUPRS_FPD	TUPRS.E	30/11/2026	397.3	409.85	-3.06	410.45	396.8	412.1	397	399.96	53554770	0	1339	647	2759	388					
06/10/2026	F_TUPRS1226	TUPRS_12/2026_VIS	D_EQ	SSF	D_EQ_FPD	DE_TUPRS_FPD	TUPRS.E	31/12/2026	408.45	418.1	-2.31	418.4	407.6	418.45	407.6	412.17	2926425	0	71	62	157	13					
06/10/2026	F_ULKER1026	ULKER_10/2026_VIS	D_EQ	SSF	D_EQ_FPD	DE_ULKER_FPD	ULKER.E	30/10/2026	87.49	88.72	-1.39	88.74	87.37	88.85	87.61	88.08	54880859	0	6231	2168	22549	141					
06/10/2026	F_ULKER1126	ULKER_11/2026_VIS	D_EQ	SSF	D_EQ_FPD	DE_ULKER_FPD	ULKER.E	30/11/2026	89.75	90.56	-0.89	90.8	89.68	91.06	89.68	90.29	2510137	0	278	146	3255	104					
06/10/2026	F_ULKER1226	ULKER_12/2026_VIS	D_EQ	SSF	D_EQ_FPD	DE_ULKER_FPD	ULKER.E	31/12/2026	93.65	93.38	0.29	93.65	93.65	93.65	93.65	93.65	280950	0	30	3	284	26					
06/10/2026	F_USDTRY0127	USDTRY_01/2027_VIS	D_CR	CRF	D_CR_FUT	DE_USDTRY_FUT	D_USDTRY	29/01/2027	53.781	53.864	-0.15	53.829	53.77	53.835	53.78	53.7838	21890016	0	407	54	89359	120					
06/10/2026	F_USDTRY0128	USDTRY_01/2028_VIS	D_CR	CRF	D_CR_FUT	DE_USDTRY_FUT	D_USDTRY	31/01/2028	70.96	71	-0.06	70.979	70.951	70.98	70.962	70.9647	1206400	0	17	17	62	17					
06/10/2026	F_USDTRY0227	USDTRY_02/2027_VIS	D_CR	CRF	D_CR_FUT	DE_USDTRY_FUT	D_USDTRY	26/02/2027	54.97	55.064	-0.17	55.022	54.968	55.022	54.97	54.9803	15339494	0	279	22	13923	-105					
06/10/2026	F_USDTRY0327	USDTRY_03/2027_VIS	D_CR	CRF	D_CR_FUT	DE_USDTRY_FUT	D_USDTRY	31/03/2027	56.363	56.474	-0.2	56.411	56.321	56.43	56.36	56.3718	28411367	0	504	76	37838	45					
06/10/2026	F_USDTRY0427	USDTRY_04/2027_VIS	D_CR	CRF	D_CR_FUT	DE_USDTRY_FUT	D_USDTRY	30/04/2027	57.667	57.853	-0.32	57.741	57.662	57.75	57.662	57.722	31285335	0	542	36	11221	123					
06/10/2026	F_USDTRY0527	USDTRY_05/2027_VIS	D_CR	CRF	D_CR_FUT	DE_USDTRY_FUT	D_USDTRY	31/05/2027	59.1	59.163	-0.11	59.107	59.052	59.108	59.052	59.1004	38888055	0	658	9	5607	0					
06/10/2026	F_USDTRY0627	USDTRY_06/2027_VIS	D_CR	CRF	D_CR_FUT	DE_USDTRY_FUT	D_USDTRY	30/06/2027	60.297	60.439	-0.23	60.36	60.291	60.37	60.301	60.3242	7902464	0	131	26	3825	131					
06/10/2026	F_USDTRY0727	USDTRY_07/2027_VIS	D_CR	CRF	D_CR_FUT	DE_USDTRY_FUT	D_USDTRY	30/07/2027	61.786	61.802	-0.03	61.801	61.771	61.802	61.771	61.7863	247145	0	4	4	1155	3					
06/10/2026	F_USDTRY0827	USDTRY_08/2027_VIS	D_CR	CRF	D_CR_FUT	DE_USDTRY_FUT	D_USDTRY	31/08/2027	63.192	63.244	-0.08	63.244	63.191	63.244	63.191	63.1977	5435006	0	86	19	3416	22					
06/10/2026	F_USDTRY0927	USDTRY_09/2027_VIS	D_CR	CRF	D_CR_FUT	DE_USDTRY_FUT	D_USDTRY	30/09/2027	64.65	64.727	-0.12	64.68	64.65	64.681	64.65	64.6507	41182512	0	637	32	8169	-372					
06/10/2026	F_USDTRY1026	USDTRY_10/2026_VIS	D_CR	CRF	D_CR_FUT	DE_USDTRY_FUT	D_USDTRY	30/10/2026	50.086	50.1	-0.03	50.093	50.082	50.105	50.082	50.0966	16064238637	0	320666	17288	5121799	232224					
06/10/2026	F_USDTRY1027	USDTRY_10/2027_VIS	D_CR	CRF	D_CR_FUT	DE_USDTRY_FUT	D_USDTRY	27/10/2027	66.251	66.332	-0.12	66.23	66.23	66.258	66.255	66.2512	3975075	0	60	7	3011	45					
06/10/2026	F_USDTRY1126	USDTRY_11/2026_VIS	D_CR	CRF	D_CR_FUT	DE_USDTRY_FUT	D_USDTRY	30/11/2026	51.34	51.365	-0.05	51.352	51.324	51.361	51.338	51.348	3101986390	0	60411	3566	711639	48809					
06/10/2026	F_USDTRY1127	USDTRY_11/2027_VIS	D_CR	CRF	D_CR_FUT	DE_USDTRY_FUT	D_USDTRY	30/11/2027	67.808	67.893	-0.13	67.892	67.782	67.893	67.782	67.8083	1423975	0	21	7	1602	4					
06/10/2026	F_USDTRY1226	USDTRY_12/2026_VIS	D_CR	CRF	D_CR_FUT	DE_USDTRY_FUT	D_USDTRY	31/12/2026	52.603	52.661	-0.11	52.612	52.6	52.648	52.608	52.6097	456809677	0	8683	261	793520	6121					
06/10/2026	F_USDTRY1227	USDTRY_12/2027_VIS	D_CR	CRF	D_CR_FUT	DE_USDTRY_FUT	D_USDTRY	31/12/2027	69.46	69.56	-0.14	69.54	69.415	69.54	69.491	69.4968	31899049	0	459	75	8335	120					
06/10/2026	F_VAKBN1026	VAKBN_10/2026_VIS	D_EQ	SSF	D_EQ_FPD	DE_VAKBN_FPD	VAKBN.E	30/10/2026	34.4	34.65	-0.72	34.73	34.21	34.93	34.3	34.49	433952021	0	125807	10009	205148	-7077					
06/10/2026	F_VAKBN1126	VAKBN_11/2026_VIS	D_EQ	SSF	D_EQ_FPD	DE_VAKBN_FPD	VAKBN.E	30/11/2026	35.22	35.53	-0.87	35.55	35.1	35.75	35.21	35.35	7686029	0	2174	266	9169	301					
06/10/2026	F_VAKBN1226	VAKBN_12/2026_VIS	D_EQ	SSF	D_EQ_FPD	DE_VAKBN_FPD	VAKBN.E	31/12/2026	36.25	36.53	-0.77	36.4	36.1	36.4	36.28	36.25	28997	0	8	7	40	0					
06/10/2026	F_VESTL1026	VESTL_10/2026_VIS	D_EQ	SSF	D_EQ_FPD	DE_VESTL_FPD	VESTL.E	30/10/2026	18.45	17.74	4	17.7	17.22	19.06	18.45	18.33	299023109	0	163135	13127	86618	8075	17.7	309750	0	175	10
06/10/2026	F_VESTL1126	VESTL_11/2026_VIS	D_EQ	SSF	D_EQ_FPD	DE_VESTL_FPD	VESTL.E	30/11/2026	18.89	18.24	3.56	18.2	17.71	19.46	18.89	18.75	8354487	0	4455	875	4382	-182					
06/10/2026	F_VESTL1226	VESTL_12/2026_VIS	D_EQ	SSF	D_EQ_FPD	DE_VESTL_FPD	VESTL.E	31/12/2026	19.52	18.79	3.89	18.5	18.28	19.89	19.45	19.34	301695	0	156	90	111	19					
06/10/2026	F_X10XB0227	BIST BDLKT10_02/2027_VIS	D_IX	INF	D_IX_FUT	DE_BISTBDLIKIT10_FUT	D_X10XBD	26/02/2027	20904	20904	0	0	0	0	0	0	0	0	0	0	3	0					
06/10/2026	F_X10XB1026	BIST BDLKT10_10/2026_VIS	D_IX	INF	D_IX_FUT	DE_BISTBDLIKIT10_FUT	D_X10XBD	30/10/2026	19461	19461	0	0	0	0	0	0	0	0	0	0	35	0					
06/10/2026	F_X10XB1226	BIST BDLKT10_12/2026_VIS	D_IX	INF	D_IX_FUT	DE_BISTBDLIKIT10_FUT	D_X10XBD	31/12/2026	20429	20621	-0.93	20429	20429	20429	20429	20429	204290	0	1	1	22	-1					
06/10/2026	F_XAGUSD0227	ONS GUMUS_02/2027_VIS	D_PM	PMFU	D_PM_FUT	DE_XAGUSD_FUT	D_XAGUSD	26/02/2027	62.53	62.68	-0.24	62.3	62.28	63.14	62.73	62.519	2975950.975	0	97	49	3321	-3					
06/10/2026	F_XAGUSD1026	ONS GUMUS_10/2026_VIS	D_PM	PMFU	D_PM_FUT	DE_XAGUSD_FUT	D_XAGUSD	30/10/2026	61.38	61.47	-0.15	60.98	60.85	61.92	61.41	61.391	1461156459	0	48501	5807	227454	-3503	60.98	1047369.308	0	35	15
06/10/2026	F_XAGUSD1226	ONS GUMUS_12/2026_VIS	D_PM	PMFU	D_PM_FUT	DE_XAGUSD_FUT	D_XAGUSD	31/12/2026	62.04	62.06	-0.03	61.58	61.52	62.58	62.04	61.919	46034558.01	0	1515	294	50678	81	61.58	30219.27656	0	1	1
06/10/2026	F_XAUTRYM0227	GR ALTIN_02/2027_VIS	D_PM	PMF	D_PM_FUT	DE_XAUTRY_FUT	D_XAUTRY	26/02/2027	7583.6	7537	0.62	7526.8	7511.4	7585	7569.9	7542.51	3582692.8	0	475	92	7197	-181					
06/10/2026	F_XAUTRYM1026	GR ALTIN_10/2026_VIS	D_PM	PMF	D_PM_FUT	DE_XAUTRY_FUT	D_XAUTRY	30/10/2026	6729.3	6702.2	0.4	6689	6675	6755.8	6731.4	6720.59	564926313.3	0	84059	3419	390636	3187	6689	86957	0	13	5
06/10/2026	F_XAUTRYM1226	GR ALTIN_12/2026_VIS	D_PM	PMF	D_PM_FUT	DE_XAUTRY_FUT	D_XAUTRY	31/12/2026	7144.7	7126.5	0.26	7109	7096	7174	7147.1	7135.63	43477418.8	0	6093	433	20292	-644	7109	106635	0	15	1
06/10/2026	F_XAUUSD0227	ONS ALTIN_02/2027_VIS	D_PM	PMFU	D_PM_FUT	DE_XAUUSD_FUT	D_XAUUSD	26/02/2027	4253.4	4244.5	0.21	4235.1	4228.8	4269	4251.3	4248.84	2919060.414	0	14	14	646	-5					
06/10/2026	F_XAUUSD1026	ONS ALTIN_10/2026_VIS	D_PM	PMFU	D_PM_FUT	DE_XAUUSD_FUT	D_XAUUSD	30/10/2026	4176	4162.7	0.32	4149.7	4145.4	4195.1	4175.8	4173.04	5893588772	0	28779	6166	81791	-7139	4149.7	1018195.29	0	5	5
06/10/2026	F_XAUUSD1226	ONS ALTIN_12/2026_VIS	D_PM	PMFU	D_PM_FUT	DE_XAUUSD_FUT	D_XAUUSD	31/12/2026	4217.5	4198.8	0.45	4189.9	4186.7	4239	4217.7	4218.97	2833814190	0	13687	2685	16661	9322					
06/10/2026	F_XCUUSD0227	TON BAKIR_02/2027_VIS	D_MT	MTF	D_MT_FUT	DE_XCUUSD_FUT	D_XCUUSD	26/02/2027	14920.5	14920.5	0	0	0	0	0	0	0	0	0	0	4	0					
06/10/2026	F_XCUUSD1026	TON BAKIR_10/2026_VIS	D_MT	MTF	D_MT_FUT	DE_XCUUSD_FUT	D_XCUUSD	30/10/2026	14915.5	14858	0.39	16093.5	14710	16093.5	14921.5	14919.35	4246414.411	0	58	38	177	48					
06/10/2026	F_XCUUSD1226	TON BAKIR_12/2026_VIS	D_MT	MTF	D_MT_FUT	DE_XCUUSD_FUT	D_XCUUSD	31/12/2026	15126.5	15056	0.47	16556	14900	16556	14900	15384.37	1434424.358	0	19	17	50	4					
06/10/2026	F_XLBNK0227	BIST L.BANKA_02/2027_VIS	D_IX	INF	D_IX_FUT	DE_BISTLBANKA_FUT	D_XLBNKD	26/02/2027	16492	16492	0	0	0	0	0	0	0	0	0	0	56	0					
06/10/2026	F_XLBNK1026	BIST L.BANKA_10/2026_VIS	D_IX	INF	D_IX_FUT	DE_BISTLBANKA_FUT	D_XLBNKD	30/10/2026	14862	14798	0.43	14841	14716	14906	14866	14792.71	786232590	0	5315	1480	9930	116					
06/10/2026	F_XLBNK1226	BIST L.BANKA_12/2026_VIS	D_IX	INF	D_IX_FUT	DE_BISTLBANKA_FUT	D_XLBNKD	31/12/2026	15717	15695	0.14	15697	15605	15799	15741	15708.45	16650960	0	106	57	996	-19					
06/10/2026	F_XPDUSD0227	ONS PALADYUM_02/2027_VIS	D_PM	PMFU	D_PM_FUT	DE_XPDUSD_FUT	D_XPDUSD	26/02/2027	1209.9	1227.3	-1.42	1209.9	1209.9	1209.9	1209.9	1209.9	59373.66468	0	1	1	30	-1					
06/10/2026	F_XPDUSD1026	ONS PALADYUM_10/2026_VIS	D_PM	PMFU	D_PM_FUT	DE_XPDUSD_FUT	D_XPDUSD	30/10/2026	1181.4	1190.8	-0.79	1179	1178.1	1189.5	1180	1180.31	6545133.143	0	113	30	388	106					
06/10/2026	F_XPDUSD1226	ONS PALADYUM_12/2026_VIS	D_PM	PMFU	D_PM_FUT	DE_XPDUSD_FUT	D_XPDUSD	31/12/2026	1210	1221	-0.9	1224.9	1195	1224.9	1195	1209.95	118752.2367	0	2	2	147	4					
06/10/2026	F_XPTUSD0227	ONS PLATIN_02/2027_VIS	D_PM	PMFU	D_PM_FUT	DE_XPTUSD_FUT	D_XPTUSD	26/02/2027	1794.3	1794.3	0	0	0	0	0	0	0	0	0	0	19	0					
06/10/2026	F_XPTUSD1026	ONS PLATIN_10/2026_VIS	D_PM	PMFU	D_PM_FUT	DE_XPTUSD_FUT	D_XPTUSD	30/10/2026	1715.9	1744.7	-1.65	1729.4	1700.1	1729.4	1700.1	1715.9	336818.8155	0	4	4	283	1					
06/10/2026	F_XPTUSD1226	ONS PLATIN_12/2026_VIS	D_PM	PMFU	D_PM_FUT	DE_XPTUSD_FUT	D_XPTUSD	31/12/2026	1780.9	1796.7	-0.88	1782.7	1779	1782.7	1779	1780.85	174784.0164	0	2	2	122	2					
06/10/2026	F_XSD250227	BIST XSD25_02/2027_VIS	D_IX	INF	D_IX_FUT	DE_BISTSUR25_FUT	D_XSD25D	26/02/2027	19073	19073	0	0	0	0	0	0	0	0	0	0	0	0					
06/10/2026	F_XSD251026	BIST XSD25_10/2026_VIS	D_IX	INF	D_IX_FUT	DE_BISTSUR25_FUT	D_XSD25D	30/10/2026	17475	17475	0	0	0	0	0	0	0	0	0	0	0	0					
06/10/2026	F_XSD251226	BIST XSD25_12/2026_VIS	D_IX	INF	D_IX_FUT	DE_BISTSUR25_FUT	D_XSD25D	31/12/2026	18262	18262	0	0	0	0	0	0	0	0	0	0	0	0					
06/10/2026	F_XU0300227	BIST 30_02/2027_VIS	D_IX	INF	D_IX_FUT	DE_BIST30_FUT	D_XU030D	26/02/2027	17190	17280	-0.52	17299	17082	17301	17224	17151.48	42707180	0	249	188	681	151					
06/10/2026	F_XU0301026	BIST 30_10/2026_VIS	D_IX	INF	D_IX_FUT	DE_BIST30_FUT	D_XU030D	30/10/2026	15697	15784	-0.55	15790	15586	15820	15690	15676.37	33353355840	0	212762	72711	445206	718	15790	9474000	0	60	27
06/10/2026	F_XU0301226	BIST 30_12/2026_VIS	D_IX	INF	D_IX_FUT	DE_BIST30_FUT	D_XU030D	31/12/2026	16452	16559	-0.65	16575	16356	16580	16452	16433.99	1042406090	0	6343	2930	21939	1293					
06/10/2026	F_YKBNK1026	YKBNK_10/2026_VIS	D_EQ	SSF	D_EQ_FPD	DE_YKBNK_FPD	YKBNK.E	30/10/2026	37.25	36.8	1.22	36.8	36.65	37.37	37.23	37.08	1994291306	0	537870	23027	1640253	-5239	36.8	150880	0	41	5
06/10/2026	F_YKBNK1126	YKBNK_11/2026_VIS	D_EQ	SSF	D_EQ_FPD	DE_YKBNK_FPD	YKBNK.E	30/11/2026	38.19	37.73	1.22	37.75	37.6	38.31	38.19	38.02	37403089	0	9838	1208	22905	1392					
06/10/2026	F_YKBNK1226	YKBNK_12/2026_VIS	D_EQ	SSF	D_EQ_FPD	DE_YKBNK_FPD	YKBNK.E	31/12/2026	39	39.01	-0.03	38.84	38.77	39.21	39.2	39.01	117044	0	30	23	79	-5					
06/10/2026	O_AKBNKE1026C66.00	AKBNK_10/2026_AVRUPA_OPSIYON	D_EQ	SSO	D_EQ_ECP	DE_AKBNK_ECP	AKBNK.E	30/10/2026	5.99	5.66	5.83	0	0	0	0	0	0	0	0	0	3	0					
06/10/2026	O_AKBNKE1026C68.00	AKBNK_10/2026_AVRUPA_OPSIYON	D_EQ	SSO	D_EQ_ECP	DE_AKBNK_ECP	AKBNK.E	30/10/2026	4.59	4.32	6.25	4.08	4.08	4.08	4.08	4.08	680000	40800	100	2	490	-100					
06/10/2026	O_AKBNKE1026C70.00	AKBNK_10/2026_AVRUPA_OPSIYON	D_EQ	SSO	D_EQ_ECP	DE_AKBNK_ECP	AKBNK.E	30/10/2026	3.41	3.18	7.23	2.92	2.87	3.22	2.94	3.04	2520000	109345	360	9	2516	0					
06/10/2026	O_AKBNKE1026C72.00	AKBNK_10/2026_AVRUPA_OPSIYON	D_EQ	SSO	D_EQ_ECP	DE_AKBNK_ECP	AKBNK.E	30/10/2026	2.44	2.28	7.02	2	1.96	2	1.96	1.99	2469600	68120	343	3	3487	343					
06/10/2026	O_AKBNKE1026C74.00	AKBNK_10/2026_AVRUPA_OPSIYON	D_EQ	SSO	D_EQ_ECP	DE_AKBNK_ECP	AKBNK.E	30/10/2026	1.69	1.58	6.96	1.24	1.24	1.24	1.24	1.24	740000	12400	100	1	2821	0					
06/10/2026	O_AKBNKE1026C76.00	AKBNK_10/2026_AVRUPA_OPSIYON	D_EQ	SSO	D_EQ_ECP	DE_AKBNK_ECP	AKBNK.E	30/10/2026	1.14	1.09	4.59	0	0	0	0	0	0	0	0	0	3505	0					
06/10/2026	O_AKBNKE1026C78.00	AKBNK_10/2026_AVRUPA_OPSIYON	D_EQ	SSO	D_EQ_ECP	DE_AKBNK_ECP	AKBNK.E	30/10/2026	0.75	0.73	2.74	0	0	0	0	0	0	0	0	0	1360	0					
06/10/2026	O_AKBNKE1026C80.00	AKBNK_10/2026_AVRUPA_OPSIYON	D_EQ	SSO	D_EQ_ECP	DE_AKBNK_ECP	AKBNK.E	30/10/2026	0.48	0.48	0	0	0	0	0	0	0	0	0	0	601	0					
06/10/2026	O_AKBNKE1026C82.00	AKBNK_10/2026_AVRUPA_OPSIYON	D_EQ	SSO	D_EQ_ECP	DE_AKBNK_ECP	AKBNK.E	30/10/2026	0.3	0.31	-3.23	0	0	0	0	0	0	0	0	0	350	0					
06/10/2026	O_AKBNKE1026C84.00	AKBNK_10/2026_AVRUPA_OPSIYON	D_EQ	SSO	D_EQ_ECP	DE_AKBNK_ECP	AKBNK.E	30/10/2026	0.18	0.2	-10	0	0	0	0	0	0	0	0	0	620	0					
06/10/2026	O_AKBNKE1026C86.00	AKBNK_10/2026_AVRUPA_OPSIYON	D_EQ	SSO	D_EQ_ECP	DE_AKBNK_ECP	AKBNK.E	30/10/2026	0.11	0.13	-15.38	0	0	0	0	0	0	0	0	0	0	0					
06/10/2026	O_AKBNKE1026C88.00	AKBNK_10/2026_AVRUPA_OPSIYON	D_EQ	SSO	D_EQ_ECP	DE_AKBNK_ECP	AKBNK.E	30/10/2026	0.06	0.08	-25	0	0	0	0	0	0	0	0	0	25	0					
06/10/2026	O_AKBNKE1026C90.00	AKBNK_10/2026_AVRUPA_OPSIYON	D_EQ	SSO	D_EQ_ECP	DE_AKBNK_ECP	AKBNK.E	30/10/2026	0.04	0.05	-20	0	0	0	0	0	0	0	0	0	225	0					
06/10/2026	O_AKBNKE1026P56.00	AKBNK_10/2026_AVRUPA_OPSIYON	D_EQ	SSO	D_EQ_EPP	DE_AKBNK_EPP	AKBNK.E	30/10/2026	0.02	0.04	-50	0	0	0	0	0	0	0	0	0	0	0					
06/10/2026	O_AKBNKE1026P58.00	AKBNK_10/2026_AVRUPA_OPSIYON	D_EQ	SSO	D_EQ_EPP	DE_AKBNK_EPP	AKBNK.E	30/10/2026	0.05	0.09	-44.44	0	0	0	0	0	0	0	0	0	0	0					
06/10/2026	O_AKBNKE1026P60.00	AKBNK_10/2026_AVRUPA_OPSIYON	D_EQ	SSO	D_EQ_EPP	DE_AKBNK_EPP	AKBNK.E	30/10/2026	0.12	0.18	-33.33	0	0	0	0	0	0	0	0	0	300	0					
06/10/2026	O_AKBNKE1026P62.00	AKBNK_10/2026_AVRUPA_OPSIYON	D_EQ	SSO	D_EQ_EPP	DE_AKBNK_EPP	AKBNK.E	30/10/2026	0.26	0.34	-23.53	0.28	0.28	0.28	0.28	0.28	620000	2800	100	1	8190	0					
06/10/2026	O_AKBNKE1026P66.00	AKBNK_10/2026_AVRUPA_OPSIYON	D_EQ	SSO	D_EQ_EPP	DE_AKBNK_EPP	AKBNK.E	30/10/2026	0.86	1.02	-15.69	1.08	1.08	1.08	1.08	1.08	660000	10800	100	1	1500	-100					
06/10/2026	O_AKBNKE1026P68.00	AKBNK_10/2026_AVRUPA_OPSIYON	D_EQ	SSO	D_EQ_EPP	DE_AKBNK_EPP	AKBNK.E	30/10/2026	1.42	1.62	-12.35	0	0	0	0	0	0	0	0	0	973	0					
06/10/2026	O_AKBNKE1026P70.00	AKBNK_10/2026_AVRUPA_OPSIYON	D_EQ	SSO	D_EQ_EPP	DE_AKBNK_EPP	AKBNK.E	30/10/2026	2.18	2.44	-10.66	0	0	0	0	0	0	0	0	0	1480	0					
06/10/2026	O_AKBNKE1026P72.00	AKBNK_10/2026_AVRUPA_OPSIYON	D_EQ	SSO	D_EQ_EPP	DE_AKBNK_EPP	AKBNK.E	30/10/2026	3.17	3.48	-8.91	0	0	0	0	0	0	0	0	0	1004	0					
06/10/2026	O_AKBNKE1026P74.00	AKBNK_10/2026_AVRUPA_OPSIYON	D_EQ	SSO	D_EQ_EPP	DE_AKBNK_EPP	AKBNK.E	30/10/2026	4.37	4.73	-7.61	4.72	4.72	4.72	4.72	4.72	1280200	81656	173	4	920	-75					
06/10/2026	O_AKBNKE1026P76.00	AKBNK_10/2026_AVRUPA_OPSIYON	D_EQ	SSO	D_EQ_EPP	DE_AKBNK_EPP	AKBNK.E	30/10/2026	5.77	6.18	-6.63	0	0	0	0	0	0	0	0	0	50	0					
06/10/2026	O_AKBNKE1026P78.00	AKBNK_10/2026_AVRUPA_OPSIYON	D_EQ	SSO	D_EQ_EPP	DE_AKBNK_EPP	AKBNK.E	30/10/2026	7.32	7.78	-5.91	0	0	0	0	0	0	0	0	0	25	0					
06/10/2026	O_AKBNKE1026P80.00	AKBNK_10/2026_AVRUPA_OPSIYON	D_EQ	SSO	D_EQ_EPP	DE_AKBNK_EPP	AKBNK.E	30/10/2026	9	9.48	-5.06	0	0	0	0	0	0	0	0	0	227	0					
06/10/2026	O_AKBNKE1126C68.00	AKBNK_11/2026_AVRUPA_OPSIYON	D_EQ	SSO	D_EQ_ECP	DE_AKBNK_ECP	AKBNK.E	30/11/2026	7.23	6.92	4.48	0	0	0	0	0	0	0	0	0	0	0					
06/10/2026	O_AKBNKE1126C70.00	AKBNK_11/2026_AVRUPA_OPSIYON	D_EQ	SSO	D_EQ_ECP	DE_AKBNK_ECP	AKBNK.E	30/11/2026	6.02	5.74	4.88	0	0	0	0	0	0	0	0	0	0	0					
06/10/2026	O_AKBNKE1126C72.00	AKBNK_11/2026_AVRUPA_OPSIYON	D_EQ	SSO	D_EQ_ECP	DE_AKBNK_ECP	AKBNK.E	30/11/2026	4.95	4.7	5.32	0	0	0	0	0	0	0	0	0	3500	0					
06/10/2026	O_AKBNKE1126C74.00	AKBNK_11/2026_AVRUPA_OPSIYON	D_EQ	SSO	D_EQ_ECP	DE_AKBNK_ECP	AKBNK.E	30/11/2026	4.02	3.82	5.24	0	0	0	0	0	0	0	0	0	0	0					
06/10/2026	O_AKBNKE1126C76.00	AKBNK_11/2026_AVRUPA_OPSIYON	D_EQ	SSO	D_EQ_ECP	DE_AKBNK_ECP	AKBNK.E	30/11/2026	3.23	3.08	4.87	0	0	0	0	0	0	0	0	0	0	0					
06/10/2026	O_AKBNKE1126C78.00	AKBNK_11/2026_AVRUPA_OPSIYON	D_EQ	SSO	D_EQ_ECP	DE_AKBNK_ECP	AKBNK.E	30/11/2026	2.58	2.48	4.03	0	0	0	0	0	0	0	0	0	0	0					
06/10/2026	O_AKBNKE1126C80.00	AKBNK_11/2026_AVRUPA_OPSIYON	D_EQ	SSO	D_EQ_ECP	DE_AKBNK_ECP	AKBNK.E	30/11/2026	2.05	2	2.5	0	0	0	0	0	0	0	0	0	0	0					
06/10/2026	O_AKBNKE1126C82.00	AKBNK_11/2026_AVRUPA_OPSIYON	D_EQ	SSO	D_EQ_ECP	DE_AKBNK_ECP	AKBNK.E	30/11/2026	1.61	1.6	0.63	0	0	0	0	0	0	0	0	0	0	0					
06/10/2026	O_AKBNKE1126C84.00	AKBNK_11/2026_AVRUPA_OPSIYON	D_EQ	SSO	D_EQ_ECP	DE_AKBNK_ECP	AKBNK.E	30/11/2026	1.25	1.28	-2.34	0	0	0	0	0	0	0	0	0	0	0					
06/10/2026	O_AKBNKE1126C86.00	AKBNK_11/2026_AVRUPA_OPSIYON	D_EQ	SSO	D_EQ_ECP	DE_AKBNK_ECP	AKBNK.E	30/11/2026	0.97	1.02	-4.9	0	0	0	0	0	0	0	0	0	0	0					
06/10/2026	O_AKBNKE1126C88.00	AKBNK_11/2026_AVRUPA_OPSIYON	D_EQ	SSO	D_EQ_ECP	DE_AKBNK_ECP	AKBNK.E	30/11/2026	0.75	0.81	-7.41	0	0	0	0	0	0	0	0	0	0	0					
06/10/2026	O_AKBNKE1126C90.00	AKBNK_11/2026_AVRUPA_OPSIYON	D_EQ	SSO	D_EQ_ECP	DE_AKBNK_ECP	AKBNK.E	30/11/2026	0.57	0.65	-12.31	0	0	0	0	0	0	0	0	0	0	0					
06/10/2026	O_AKBNKE1126C92.00	AKBNK_11/2026_AVRUPA_OPSIYON	D_EQ	SSO	D_EQ_ECP	DE_AKBNK_ECP	AKBNK.E	30/11/2026	0.44	0.52	-15.38	0	0	0	0	0	0	0	0	0	0	0					
06/10/2026	O_AKBNKE1126P58.00	AKBNK_11/2026_AVRUPA_OPSIYON	D_EQ	SSO	D_EQ_EPP	DE_AKBNK_EPP	AKBNK.E	30/11/2026	0.27	0.35	-22.86	0	0	0	0	0	0	0	0	0	35	0					
06/10/2026	O_AKBNKE1126P60.00	AKBNK_11/2026_AVRUPA_OPSIYON	D_EQ	SSO	D_EQ_EPP	DE_AKBNK_EPP	AKBNK.E	30/11/2026	0.43	0.54	-20.37	0	0	0	0	0	0	0	0	0	15	0					
06/10/2026	O_AKBNKE1126P62.00	AKBNK_11/2026_AVRUPA_OPSIYON	D_EQ	SSO	D_EQ_EPP	DE_AKBNK_EPP	AKBNK.E	30/11/2026	0.66	0.79	-16.46	0	0	0	0	0	0	0	0	0	2228	0					
06/10/2026	O_AKBNKE1126P64.00	AKBNK_11/2026_AVRUPA_OPSIYON	D_EQ	SSO	D_EQ_EPP	DE_AKBNK_EPP	AKBNK.E	30/11/2026	0.98	1.13	-13.27	0	0	0	0	0	0	0	0	0	0	0					
06/10/2026	O_AKBNKE1126P66.00	AKBNK_11/2026_AVRUPA_OPSIYON	D_EQ	SSO	D_EQ_EPP	DE_AKBNK_EPP	AKBNK.E	30/11/2026	1.41	1.57	-10.19	0	0	0	0	0	0	0	0	0	0	0					
06/10/2026	O_AKBNKE1126P68.00	AKBNK_11/2026_AVRUPA_OPSIYON	D_EQ	SSO	D_EQ_EPP	DE_AKBNK_EPP	AKBNK.E	30/11/2026	1.95	2.12	-8.02	0	0	0	0	0	0	0	0	0	0	0					
06/10/2026	O_AKBNKE1126P70.00	AKBNK_11/2026_AVRUPA_OPSIYON	D_EQ	SSO	D_EQ_EPP	DE_AKBNK_EPP	AKBNK.E	30/11/2026	2.62	2.83	-7.42	0	0	0	0	0	0	0	0	0	0	0					
06/10/2026	O_AKBNKE1126P72.00	AKBNK_11/2026_AVRUPA_OPSIYON	D_EQ	SSO	D_EQ_EPP	DE_AKBNK_EPP	AKBNK.E	30/11/2026	3.44	3.68	-6.52	0	0	0	0	0	0	0	0	0	0	0					
06/10/2026	O_AKBNKE1126P74.00	AKBNK_11/2026_AVRUPA_OPSIYON	D_EQ	SSO	D_EQ_EPP	DE_AKBNK_EPP	AKBNK.E	30/11/2026	4.41	4.68	-5.77	0	0	0	0	0	0	0	0	0	0	0					
06/10/2026	O_AKBNKE1126P76.00	AKBNK_11/2026_AVRUPA_OPSIYON	D_EQ	SSO	D_EQ_EPP	DE_AKBNK_EPP	AKBNK.E	30/11/2026	5.5	5.82	-5.5	0	0	0	0	0	0	0	0	0	0	0					
06/10/2026	O_AKBNKE1126P78.00	AKBNK_11/2026_AVRUPA_OPSIYON	D_EQ	SSO	D_EQ_EPP	DE_AKBNK_EPP	AKBNK.E	30/11/2026	6.74	7.12	-5.34	0	0	0	0	0	0	0	0	0	0	0					
06/10/2026	O_AKBNKE1126P80.00	AKBNK_11/2026_AVRUPA_OPSIYON	D_EQ	SSO	D_EQ_EPP	DE_AKBNK_EPP	AKBNK.E	30/11/2026	8.09	8.52	-5.05	0	0	0	0	0	0	0	0	0	0	0					
06/10/2026	O_AKBNKE1126P82.00	AKBNK_11/2026_AVRUPA_OPSIYON	D_EQ	SSO	D_EQ_EPP	DE_AKBNK_EPP	AKBNK.E	30/11/2026	9.54	10.01	-4.7	0	0	0	0	0	0	0	0	0	0	0					
06/10/2026	O_AKBNKE1226C70.00	AKBNK_12/2026_AVRUPA_OPSIYON	D_EQ	SSO	D_EQ_ECP	DE_AKBNK_ECP	AKBNK.E	31/12/2026	9.05	8.73	3.67	0	0	0	0	0	0	0	0	0	0	0					
06/10/2026	O_AKBNKE1226C72.00	AKBNK_12/2026_AVRUPA_OPSIYON	D_EQ	SSO	D_EQ_ECP	DE_AKBNK_ECP	AKBNK.E	31/12/2026	7.88	7.59	3.82	0	0	0	0	0	0	0	0	0	0	0					
06/10/2026	O_AKBNKE1226C74.00	AKBNK_12/2026_AVRUPA_OPSIYON	D_EQ	SSO	D_EQ_ECP	DE_AKBNK_ECP	AKBNK.E	31/12/2026	6.83	6.56	4.12	0	0	0	0	0	0	0	0	0	0	0					
06/10/2026	O_AKBNKE1226C76.00	AKBNK_12/2026_AVRUPA_OPSIYON	D_EQ	SSO	D_EQ_ECP	DE_AKBNK_ECP	AKBNK.E	31/12/2026	5.88	5.65	4.07	0	0	0	0	0	0	0	0	0	0	0					
06/10/2026	O_AKBNKE1226C78.00	AKBNK_12/2026_AVRUPA_OPSIYON	D_EQ	SSO	D_EQ_ECP	DE_AKBNK_ECP	AKBNK.E	31/12/2026	5.03	4.84	3.93	0	0	0	0	0	0	0	0	0	0	0					
06/10/2026	O_AKBNKE1226C80.00	AKBNK_12/2026_AVRUPA_OPSIYON	D_EQ	SSO	D_EQ_ECP	DE_AKBNK_ECP	AKBNK.E	31/12/2026	4.3	4.17	3.12	0	0	0	0	0	0	0	0	0	0	0					
06/10/2026	O_AKBNKE1226C82.00	AKBNK_12/2026_AVRUPA_OPSIYON	D_EQ	SSO	D_EQ_ECP	DE_AKBNK_ECP	AKBNK.E	31/12/2026	3.66	3.59	1.95	0	0	0	0	0	0	0	0	0	0	0					
06/10/2026	O_AKBNKE1226C84.00	AKBNK_12/2026_AVRUPA_OPSIYON	D_EQ	SSO	D_EQ_ECP	DE_AKBNK_ECP	AKBNK.E	31/12/2026	3.11	3.09	0.65	0	0	0	0	0	0	0	0	0	0	0					
06/10/2026	O_AKBNKE1226C86.00	AKBNK_12/2026_AVRUPA_OPSIYON	D_EQ	SSO	D_EQ_ECP	DE_AKBNK_ECP	AKBNK.E	31/12/2026	2.62	2.65	-1.13	0	0	0	0	0	0	0	0	0	0	0					
06/10/2026	O_AKBNKE1226P60.00	AKBNK_12/2026_AVRUPA_OPSIYON	D_EQ	SSO	D_EQ_EPP	DE_AKBNK_EPP	AKBNK.E	31/12/2026	0.53	0.65	-18.46	0	0	0	0	0	0	0	0	0	0	0					
06/10/2026	O_AKBNKE1226P62.00	AKBNK_12/2026_AVRUPA_OPSIYON	D_EQ	SSO	D_EQ_EPP	DE_AKBNK_EPP	AKBNK.E	31/12/2026	0.75	0.89	-15.73	0	0	0	0	0	0	0	0	0	6000	0					
06/10/2026	O_AKBNKE1226P64.00	AKBNK_12/2026_AVRUPA_OPSIYON	D_EQ	SSO	D_EQ_EPP	DE_AKBNK_EPP	AKBNK.E	31/12/2026	1.04	1.18	-11.86	0	0	0	0	0	0	0	0	0	0	0					
06/10/2026	O_AKBNKE1226P66.00	AKBNK_12/2026_AVRUPA_OPSIYON	D_EQ	SSO	D_EQ_EPP	DE_AKBNK_EPP	AKBNK.E	31/12/2026	1.39	1.55	-10.32	0	0	0	0	0	0	0	0	0	0	0					
06/10/2026	O_AKBNKE1226P68.00	AKBNK_12/2026_AVRUPA_OPSIYON	D_EQ	SSO	D_EQ_EPP	DE_AKBNK_EPP	AKBNK.E	31/12/2026	1.83	1.99	-8.04	0	0	0	0	0	0	0	0	0	0	0					
06/10/2026	O_AKBNKE1226P70.00	AKBNK_12/2026_AVRUPA_OPSIYON	D_EQ	SSO	D_EQ_EPP	DE_AKBNK_EPP	AKBNK.E	31/12/2026	2.36	2.51	-5.98	0	0	0	0	0	0	0	0	0	0	0					
06/10/2026	O_AKBNKE1226P72.00	AKBNK_12/2026_AVRUPA_OPSIYON	D_EQ	SSO	D_EQ_EPP	DE_AKBNK_EPP	AKBNK.E	31/12/2026	2.99	3.16	-5.38	0	0	0	0	0	0	0	0	0	0	0					
06/10/2026	O_AKBNKE1226P74.00	AKBNK_12/2026_AVRUPA_OPSIYON	D_EQ	SSO	D_EQ_EPP	DE_AKBNK_EPP	AKBNK.E	31/12/2026	3.73	3.92	-4.85	0	0	0	0	0	0	0	0	0	0	0					
06/10/2026	O_AKBNKE1226P76.00	AKBNK_12/2026_AVRUPA_OPSIYON	D_EQ	SSO	D_EQ_EPP	DE_AKBNK_EPP	AKBNK.E	31/12/2026	4.57	4.8	-4.79	0	0	0	0	0	0	0	0	0	0	0					
06/10/2026	O_ALARKE1026C100.00	ALARK_10/2026_AVRUPA_OPSIYON	D_EQ	SSO	D_EQ_ECP	DE_ALARK_ECP	ALARK.E	30/10/2026	9.23	10.4	-11.25	9.12	9.12	9.12	9.12	9.12	10000	912	1	1	45	-1					
06/10/2026	O_ALARKE1026C105.00	ALARK_10/2026_AVRUPA_OPSIYON	D_EQ	SSO	D_EQ_ECP	DE_ALARK_ECP	ALARK.E	30/10/2026	5.92	6.89	-14.08	5.56	5.56	6.04	6.04	5.95	357000	20240	34	6	154	34					
06/10/2026	O_ALARKE1026C110.00	ALARK_10/2026_AVRUPA_OPSIYON	D_EQ	SSO	D_EQ_ECP	DE_ALARK_ECP	ALARK.E	30/10/2026	3.5	4.22	-17.06	0	0	0	0	0	0	0	0	0	55	0					
06/10/2026	O_ALARKE1026C115.00	ALARK_10/2026_AVRUPA_OPSIYON	D_EQ	SSO	D_EQ_ECP	DE_ALARK_ECP	ALARK.E	30/10/2026	1.94	2.42	-19.83	0	0	0	0	0	0	0	0	0	558	0					
06/10/2026	O_ALARKE1026C120.00	ALARK_10/2026_AVRUPA_OPSIYON	D_EQ	SSO	D_EQ_ECP	DE_ALARK_ECP	ALARK.E	30/10/2026	1.04	1.33	-21.8	0	0	0	0	0	0	0	0	0	20	0					
06/10/2026	O_ALARKE1026C125.00	ALARK_10/2026_AVRUPA_OPSIYON	D_EQ	SSO	D_EQ_ECP	DE_ALARK_ECP	ALARK.E	30/10/2026	0.54	0.71	-23.94	0	0	0	0	0	0	0	0	0	0	0					
06/10/2026	O_ALARKE1026C130.00	ALARK_10/2026_AVRUPA_OPSIYON	D_EQ	SSO	D_EQ_ECP	DE_ALARK_ECP	ALARK.E	30/10/2026	0.27	0.37	-27.03	0	0	0	0	0	0	0	0	0	0	0					
06/10/2026	O_ALARKE1026C135.00	ALARK_10/2026_AVRUPA_OPSIYON	D_EQ	SSO	D_EQ_ECP	DE_ALARK_ECP	ALARK.E	30/10/2026	0.13	0.19	-31.58	0	0	0	0	0	0	0	0	0	0	0					
06/10/2026	O_ALARKE1026C140.00	ALARK_10/2026_AVRUPA_OPSIYON	D_EQ	SSO	D_EQ_ECP	DE_ALARK_ECP	ALARK.E	30/10/2026	0.07	0.09	-22.22	0	0	0	0	0	0	0	0	0	22	0					
06/10/2026	O_ALARKE1026C145.00	ALARK_10/2026_AVRUPA_OPSIYON	D_EQ	SSO	D_EQ_ECP	DE_ALARK_ECP	ALARK.E	30/10/2026	0.03	0.05	-40	0	0	0	0	0	0	0	0	0	0	0					
06/10/2026	O_ALARKE1026C150.00	ALARK_10/2026_AVRUPA_OPSIYON	D_EQ	SSO	D_EQ_ECP	DE_ALARK_ECP	ALARK.E	30/10/2026	0.02	0.02	0	0	0	0	0	0	0	0	0	0	200	0					
06/10/2026	O_ALARKE1026C98.00	ALARK_10/2026_AVRUPA_OPSIYON	D_EQ	SSO	D_EQ_ECP	DE_ALARK_ECP	ALARK.E	30/10/2026	10.77	12	-10.25	0	0	0	0	0	0	0	0	0	0	0					
06/10/2026	O_ALARKE1026P100.00	ALARK_10/2026_AVRUPA_OPSIYON	D_EQ	SSO	D_EQ_EPP	DE_ALARK_EPP	ALARK.E	30/10/2026	1.46	1.23	18.7	0	0	0	0	0	0	0	0	0	10	0					
06/10/2026	O_ALARKE1026P105.00	ALARK_10/2026_AVRUPA_OPSIYON	D_EQ	SSO	D_EQ_EPP	DE_ALARK_EPP	ALARK.E	30/10/2026	3.03	2.59	16.99	3.04	3.04	3.04	3.04	3.04	73500	2128	7	1	3	-7					
06/10/2026	O_ALARKE1026P110.00	ALARK_10/2026_AVRUPA_OPSIYON	D_EQ	SSO	D_EQ_EPP	DE_ALARK_EPP	ALARK.E	30/10/2026	5.49	4.8	14.38	0	0	0	0	0	0	0	0	0	20	0					
06/10/2026	O_ALARKE1026P115.00	ALARK_10/2026_AVRUPA_OPSIYON	D_EQ	SSO	D_EQ_EPP	DE_ALARK_EPP	ALARK.E	30/10/2026	8.81	7.86	12.09	0	0	0	0	0	0	0	0	0	30	0					
06/10/2026	O_ALARKE1026P120.00	ALARK_10/2026_AVRUPA_OPSIYON	D_EQ	SSO	D_EQ_EPP	DE_ALARK_EPP	ALARK.E	30/10/2026	12.78	11.65	9.7	0	0	0	0	0	0	0	0	0	80	0					
06/10/2026	O_ALARKE1026P125.00	ALARK_10/2026_AVRUPA_OPSIYON	D_EQ	SSO	D_EQ_EPP	DE_ALARK_EPP	ALARK.E	30/10/2026	17.15	15.9	7.86	0	0	0	0	0	0	0	0	0	0	0					
06/10/2026	O_ALARKE1026P88.00	ALARK_10/2026_AVRUPA_OPSIYON	D_EQ	SSO	D_EQ_EPP	DE_ALARK_EPP	ALARK.E	30/10/2026	0.14	0.11	27.27	0	0	0	0	0	0	0	0	0	0	0					
06/10/2026	O_ALARKE1026P90.00	ALARK_10/2026_AVRUPA_OPSIYON	D_EQ	SSO	D_EQ_EPP	DE_ALARK_EPP	ALARK.E	30/10/2026	0.22	0.18	22.22	0	0	0	0	0	0	0	0	0	0	0					
06/10/2026	O_ALARKE1026P92.00	ALARK_10/2026_AVRUPA_OPSIYON	D_EQ	SSO	D_EQ_EPP	DE_ALARK_EPP	ALARK.E	30/10/2026	0.34	0.28	21.43	0	0	0	0	0	0	0	0	0	22	0					
06/10/2026	O_ALARKE1026P94.00	ALARK_10/2026_AVRUPA_OPSIYON	D_EQ	SSO	D_EQ_EPP	DE_ALARK_EPP	ALARK.E	30/10/2026	0.51	0.42	21.43	0	0	0	0	0	0	0	0	0	0	0					
06/10/2026	O_ALARKE1026P96.00	ALARK_10/2026_AVRUPA_OPSIYON	D_EQ	SSO	D_EQ_EPP	DE_ALARK_EPP	ALARK.E	30/10/2026	0.74	0.62	19.35	0	0	0	0	0	0	0	0	0	22	0					
06/10/2026	O_ALARKE1026P98.00	ALARK_10/2026_AVRUPA_OPSIYON	D_EQ	SSO	D_EQ_EPP	DE_ALARK_EPP	ALARK.E	30/10/2026	1.05	0.88	19.32	0	0	0	0	0	0	0	0	0	25	0					
06/10/2026	O_ALARKE1126C100.00	ALARK_11/2026_AVRUPA_OPSIYON	D_EQ	SSO	D_EQ_ECP	DE_ALARK_ECP	ALARK.E	30/11/2026	13.26	14.39	-7.85	0	0	0	0	0	0	0	0	0	0	0					
06/10/2026	O_ALARKE1126C105.00	ALARK_11/2026_AVRUPA_OPSIYON	D_EQ	SSO	D_EQ_ECP	DE_ALARK_ECP	ALARK.E	30/11/2026	9.98	10.98	-9.11	0	0	0	0	0	0	0	0	0	0	0					
06/10/2026	O_ALARKE1126C110.00	ALARK_11/2026_AVRUPA_OPSIYON	D_EQ	SSO	D_EQ_ECP	DE_ALARK_ECP	ALARK.E	30/11/2026	7.3	8.14	-10.32	0	0	0	0	0	0	0	0	0	0	0					
06/10/2026	O_ALARKE1126C115.00	ALARK_11/2026_AVRUPA_OPSIYON	D_EQ	SSO	D_EQ_ECP	DE_ALARK_ECP	ALARK.E	30/11/2026	5.22	5.89	-11.38	0	0	0	0	0	0	0	0	0	0	0					
06/10/2026	O_ALARKE1126C120.00	ALARK_11/2026_AVRUPA_OPSIYON	D_EQ	SSO	D_EQ_ECP	DE_ALARK_ECP	ALARK.E	30/11/2026	3.74	4.22	-11.37	0	0	0	0	0	0	0	0	0	0	0					
06/10/2026	O_ALARKE1126C125.00	ALARK_11/2026_AVRUPA_OPSIYON	D_EQ	SSO	D_EQ_ECP	DE_ALARK_ECP	ALARK.E	30/11/2026	2.66	3.02	-11.92	0	0	0	0	0	0	0	0	0	0	0					
06/10/2026	O_ALARKE1126C130.00	ALARK_11/2026_AVRUPA_OPSIYON	D_EQ	SSO	D_EQ_ECP	DE_ALARK_ECP	ALARK.E	30/11/2026	1.88	2.15	-12.56	0	0	0	0	0	0	0	0	0	0	0					
06/10/2026	O_ALARKE1126C135.00	ALARK_11/2026_AVRUPA_OPSIYON	D_EQ	SSO	D_EQ_ECP	DE_ALARK_ECP	ALARK.E	30/11/2026	1.33	1.52	-12.5	0	0	0	0	0	0	0	0	0	0	0					
06/10/2026	O_ALARKE1126C140.00	ALARK_11/2026_AVRUPA_OPSIYON	D_EQ	SSO	D_EQ_ECP	DE_ALARK_ECP	ALARK.E	30/11/2026	0.95	1.08	-12.04	0	0	0	0	0	0	0	0	0	0	0					
06/10/2026	O_ALARKE1126C145.00	ALARK_11/2026_AVRUPA_OPSIYON	D_EQ	SSO	D_EQ_ECP	DE_ALARK_ECP	ALARK.E	30/11/2026	0.68	0.77	-11.69	0	0	0	0	0	0	0	0	0	0	0					
06/10/2026	O_ALARKE1126C150.00	ALARK_11/2026_AVRUPA_OPSIYON	D_EQ	SSO	D_EQ_ECP	DE_ALARK_ECP	ALARK.E	30/11/2026	0.49	0.55	-10.91	0	0	0	0	0	0	0	0	0	0	0					
06/10/2026	O_ALARKE1126C155.00	ALARK_11/2026_AVRUPA_OPSIYON	D_EQ	SSO	D_EQ_ECP	DE_ALARK_ECP	ALARK.E	30/11/2026	0.35	0.4	-12.5	0	0	0	0	0	0	0	0	0	0	0					
06/10/2026	O_ALARKE1126P100.00	ALARK_11/2026_AVRUPA_OPSIYON	D_EQ	SSO	D_EQ_EPP	DE_ALARK_EPP	ALARK.E	30/11/2026	2.4	2.13	12.68	0	0	0	0	0	0	0	0	0	0	0					
06/10/2026	O_ALARKE1126P105.00	ALARK_11/2026_AVRUPA_OPSIYON	D_EQ	SSO	D_EQ_EPP	DE_ALARK_EPP	ALARK.E	30/11/2026	3.83	3.44	11.34	0	0	0	0	0	0	0	0	0	3	0					
06/10/2026	O_ALARKE1126P110.00	ALARK_11/2026_AVRUPA_OPSIYON	D_EQ	SSO	D_EQ_EPP	DE_ALARK_EPP	ALARK.E	30/11/2026	5.88	5.31	10.73	0	0	0	0	0	0	0	0	0	0	0					
06/10/2026	O_ALARKE1126P115.00	ALARK_11/2026_AVRUPA_OPSIYON	D_EQ	SSO	D_EQ_EPP	DE_ALARK_EPP	ALARK.E	30/11/2026	8.52	7.78	9.51	0	0	0	0	0	0	0	0	0	0	0					
06/10/2026	O_ALARKE1126P120.00	ALARK_11/2026_AVRUPA_OPSIYON	D_EQ	SSO	D_EQ_EPP	DE_ALARK_EPP	ALARK.E	30/11/2026	11.76	10.83	8.59	0	0	0	0	0	0	0	0	0	0	0					
06/10/2026	O_ALARKE1126P125.00	ALARK_11/2026_AVRUPA_OPSIYON	D_EQ	SSO	D_EQ_EPP	DE_ALARK_EPP	ALARK.E	30/11/2026	15.4	14.34	7.39	0	0	0	0	0	0	0	0	0	0	0					
06/10/2026	O_ALARKE1126P130.00	ALARK_11/2026_AVRUPA_OPSIYON	D_EQ	SSO	D_EQ_EPP	DE_ALARK_EPP	ALARK.E	30/11/2026	19.35	18.18	6.44	0	0	0	0	0	0	0	0	0	0	0					
06/10/2026	O_ALARKE1126P90.00	ALARK_11/2026_AVRUPA_OPSIYON	D_EQ	SSO	D_EQ_EPP	DE_ALARK_EPP	ALARK.E	30/11/2026	0.77	0.66	16.67	0	0	0	0	0	0	0	0	0	0	0					
06/10/2026	O_ALARKE1126P92.00	ALARK_11/2026_AVRUPA_OPSIYON	D_EQ	SSO	D_EQ_EPP	DE_ALARK_EPP	ALARK.E	30/11/2026	0.99	0.86	15.12	0	0	0	0	0	0	0	0	0	0	0					
06/10/2026	O_ALARKE1126P94.00	ALARK_11/2026_AVRUPA_OPSIYON	D_EQ	SSO	D_EQ_EPP	DE_ALARK_EPP	ALARK.E	30/11/2026	1.26	1.1	14.55	0	0	0	0	0	0	0	0	0	0	0					
06/10/2026	O_ALARKE1126P96.00	ALARK_11/2026_AVRUPA_OPSIYON	D_EQ	SSO	D_EQ_EPP	DE_ALARK_EPP	ALARK.E	30/11/2026	1.58	1.39	13.67	0	0	0	0	0	0	0	0	0	0	0					
06/10/2026	O_ALARKE1126P98.00	ALARK_11/2026_AVRUPA_OPSIYON	D_EQ	SSO	D_EQ_EPP	DE_ALARK_EPP	ALARK.E	30/11/2026	1.95	1.73	12.72	0	0	0	0	0	0	0	0	0	0	0					
06/10/2026	O_ALARKE1226C100.00	ALARK_12/2026_AVRUPA_OPSIYON	D_EQ	SSO	D_EQ_ECP	DE_ALARK_ECP	ALARK.E	31/12/2026	18.02	19.19	-6.1	0	0	0	0	0	0	0	0	0	0	0					
06/10/2026	O_ALARKE1226C105.00	ALARK_12/2026_AVRUPA_OPSIYON	D_EQ	SSO	D_EQ_ECP	DE_ALARK_ECP	ALARK.E	31/12/2026	14.67	15.77	-6.98	0	0	0	0	0	0	0	0	0	0	0					
06/10/2026	O_ALARKE1226C110.00	ALARK_12/2026_AVRUPA_OPSIYON	D_EQ	SSO	D_EQ_ECP	DE_ALARK_ECP	ALARK.E	31/12/2026	11.75	12.71	-7.55	0	0	0	0	0	0	0	0	0	0	0					
06/10/2026	O_ALARKE1226C115.00	ALARK_12/2026_AVRUPA_OPSIYON	D_EQ	SSO	D_EQ_ECP	DE_ALARK_ECP	ALARK.E	31/12/2026	9.3	10.12	-8.1	0	0	0	0	0	0	0	0	0	0	0					
06/10/2026	O_ALARKE1226C120.00	ALARK_12/2026_AVRUPA_OPSIYON	D_EQ	SSO	D_EQ_ECP	DE_ALARK_ECP	ALARK.E	31/12/2026	7.32	7.98	-8.27	0	0	0	0	0	0	0	0	0	0	0					
06/10/2026	O_ALARKE1226C125.00	ALARK_12/2026_AVRUPA_OPSIYON	D_EQ	SSO	D_EQ_ECP	DE_ALARK_ECP	ALARK.E	31/12/2026	5.81	6.34	-8.36	0	0	0	0	0	0	0	0	0	0	0					
06/10/2026	O_ALARKE1226C130.00	ALARK_12/2026_AVRUPA_OPSIYON	D_EQ	SSO	D_EQ_ECP	DE_ALARK_ECP	ALARK.E	31/12/2026	4.6	5.03	-8.55	0	0	0	0	0	0	0	0	0	0	0					
06/10/2026	O_ALARKE1226C135.00	ALARK_12/2026_AVRUPA_OPSIYON	D_EQ	SSO	D_EQ_ECP	DE_ALARK_ECP	ALARK.E	31/12/2026	3.65	3.99	-8.52	0	0	0	0	0	0	0	0	0	0	0					
06/10/2026	O_ALARKE1226C140.00	ALARK_12/2026_AVRUPA_OPSIYON	D_EQ	SSO	D_EQ_ECP	DE_ALARK_ECP	ALARK.E	31/12/2026	2.9	3.17	-8.52	0	0	0	0	0	0	0	0	0	0	0					
06/10/2026	O_ALARKE1226C145.00	ALARK_12/2026_AVRUPA_OPSIYON	D_EQ	SSO	D_EQ_ECP	DE_ALARK_ECP	ALARK.E	31/12/2026	2.32		0	0	0	0	0	0	0	0	0	0	0	0					
06/10/2026	O_ALARKE1226P100.00	ALARK_12/2026_AVRUPA_OPSIYON	D_EQ	SSO	D_EQ_EPP	DE_ALARK_EPP	ALARK.E	31/12/2026	2.44	2.2	10.91	0	0	0	0	0	0	0	0	0	0	0					
06/10/2026	O_ALARKE1226P105.00	ALARK_12/2026_AVRUPA_OPSIYON	D_EQ	SSO	D_EQ_EPP	DE_ALARK_EPP	ALARK.E	31/12/2026	3.59	3.26	10.12	0	0	0	0	0	0	0	0	0	0	0					
06/10/2026	O_ALARKE1226P110.00	ALARK_12/2026_AVRUPA_OPSIYON	D_EQ	SSO	D_EQ_EPP	DE_ALARK_EPP	ALARK.E	31/12/2026	5.15	4.69	9.81	0	0	0	0	0	0	0	0	0	0	0					
06/10/2026	O_ALARKE1226P115.00	ALARK_12/2026_AVRUPA_OPSIYON	D_EQ	SSO	D_EQ_EPP	DE_ALARK_EPP	ALARK.E	31/12/2026	7.18	6.58	9.12	0	0	0	0	0	0	0	0	0	0	0					
06/10/2026	O_ALARKE1226P120.00	ALARK_12/2026_AVRUPA_OPSIYON	D_EQ	SSO	D_EQ_EPP	DE_ALARK_EPP	ALARK.E	31/12/2026	9.7		0	0	0	0	0	0	0	0	0	0	0	0					
06/10/2026	O_ALARKE1226P90.00	ALARK_12/2026_AVRUPA_OPSIYON	D_EQ	SSO	D_EQ_EPP	DE_ALARK_EPP	ALARK.E	31/12/2026	0.99	0.87	13.79	0	0	0	0	0	0	0	0	0	0	0					
06/10/2026	O_ALARKE1226P92.00	ALARK_12/2026_AVRUPA_OPSIYON	D_EQ	SSO	D_EQ_EPP	DE_ALARK_EPP	ALARK.E	31/12/2026	1.21	1.07	13.08	0	0	0	0	0	0	0	0	0	0	0					
06/10/2026	O_ALARKE1226P94.00	ALARK_12/2026_AVRUPA_OPSIYON	D_EQ	SSO	D_EQ_EPP	DE_ALARK_EPP	ALARK.E	31/12/2026	1.46	1.3	12.31	0	0	0	0	0	0	0	0	0	0	0					
06/10/2026	O_ALARKE1226P96.00	ALARK_12/2026_AVRUPA_OPSIYON	D_EQ	SSO	D_EQ_EPP	DE_ALARK_EPP	ALARK.E	31/12/2026	1.74	1.56	11.54	0	0	0	0	0	0	0	0	0	0	0					
06/10/2026	O_ALARKE1226P98.00	ALARK_12/2026_AVRUPA_OPSIYON	D_EQ	SSO	D_EQ_EPP	DE_ALARK_EPP	ALARK.E	31/12/2026	2.07	1.86	11.29	0	0	0	0	0	0	0	0	0	0	0					
06/10/2026	O_ARCLKE1026C100.00	ARCLK_10/2026_AVRUPA_OPSIYON	D_EQ	SSO	D_EQ_ECP	DE_ARCLK_ECP	ARCLK.E	30/10/2026	0.13	0.22	-40.91	0	0	0	0	0	0	0	0	0	0	0					
06/10/2026	O_ARCLKE1026C105.00	ARCLK_10/2026_AVRUPA_OPSIYON	D_EQ	SSO	D_EQ_ECP	DE_ARCLK_ECP	ARCLK.E	30/10/2026	0.04	0.08	-50	0	0	0	0	0	0	0	0	0	103	0					
06/10/2026	O_ARCLKE1026C110.00	ARCLK_10/2026_AVRUPA_OPSIYON	D_EQ	SSO	D_EQ_ECP	DE_ARCLK_ECP	ARCLK.E	30/10/2026	0.01	0.03	-66.67	0	0	0	0	0	0	0	0	0	0	0					
06/10/2026	O_ARCLKE1026C115.00	ARCLK_10/2026_AVRUPA_OPSIYON	D_EQ	SSO	D_EQ_ECP	DE_ARCLK_ECP	ARCLK.E	30/10/2026	0.01	0.01	0	0	0	0	0	0	0	0	0	0	303	0					
06/10/2026	O_ARCLKE1026C120.00	ARCLK_10/2026_AVRUPA_OPSIYON	D_EQ	SSO	D_EQ_ECP	DE_ARCLK_ECP	ARCLK.E	30/10/2026	0.01	0.01	0	0	0	0	0	0	0	0	0	0	406	0					
06/10/2026	O_ARCLKE1026C125.00	ARCLK_10/2026_AVRUPA_OPSIYON	D_EQ	SSO	D_EQ_ECP	DE_ARCLK_ECP	ARCLK.E	30/10/2026	0.01	0.01	0	0	0	0	0	0	0	0	0	0	0	0					
06/10/2026	O_ARCLKE1026C130.00	ARCLK_10/2026_AVRUPA_OPSIYON	D_EQ	SSO	D_EQ_ECP	DE_ARCLK_ECP	ARCLK.E	30/10/2026	0.01	0.01	0	0	0	0	0	0	0	0	0	0	0	0					
06/10/2026	O_ARCLKE1026C135.00	ARCLK_10/2026_AVRUPA_OPSIYON	D_EQ	SSO	D_EQ_ECP	DE_ARCLK_ECP	ARCLK.E	30/10/2026	0.01	0.01	0	0	0	0	0	0	0	0	0	0	0	0					
06/10/2026	O_ARCLKE1026C80.00	ARCLK_10/2026_AVRUPA_OPSIYON	D_EQ	SSO	D_EQ_ECP	DE_ARCLK_ECP	ARCLK.E	30/10/2026	4.76	5.8	-17.93	0	0	0	0	0	0	0	0	0	0	0					
06/10/2026	O_ARCLKE1026C82.00	ARCLK_10/2026_AVRUPA_OPSIYON	D_EQ	SSO	D_EQ_ECP	DE_ARCLK_ECP	ARCLK.E	30/10/2026	3.64	4.57	-20.35	0	0	0	0	0	0	0	0	0	1	0					
06/10/2026	O_ARCLKE1026C84.00	ARCLK_10/2026_AVRUPA_OPSIYON	D_EQ	SSO	D_EQ_ECP	DE_ARCLK_ECP	ARCLK.E	30/10/2026	2.72	3.51	-22.51	0	0	0	0	0	0	0	0	0	0	0					
06/10/2026	O_ARCLKE1026C86.00	ARCLK_10/2026_AVRUPA_OPSIYON	D_EQ	SSO	D_EQ_ECP	DE_ARCLK_ECP	ARCLK.E	30/10/2026	1.99	2.64	-24.62	0	0	0	0	0	0	0	0	0	10	0					
06/10/2026	O_ARCLKE1026C88.00	ARCLK_10/2026_AVRUPA_OPSIYON	D_EQ	SSO	D_EQ_ECP	DE_ARCLK_ECP	ARCLK.E	30/10/2026	1.42	1.94	-26.8	0	0	0	0	0	0	0	0	0	20	0					
06/10/2026	O_ARCLKE1026C90.00	ARCLK_10/2026_AVRUPA_OPSIYON	D_EQ	SSO	D_EQ_ECP	DE_ARCLK_ECP	ARCLK.E	30/10/2026	0.99	1.41	-29.79	0	0	0	0	0	0	0	0	0	5	0					
06/10/2026	O_ARCLKE1026C92.00	ARCLK_10/2026_AVRUPA_OPSIYON	D_EQ	SSO	D_EQ_ECP	DE_ARCLK_ECP	ARCLK.E	30/10/2026	0.68	1	-32	0	0	0	0	0	0	0	0	0	0	0					
06/10/2026	O_ARCLKE1026C94.00	ARCLK_10/2026_AVRUPA_OPSIYON	D_EQ	SSO	D_EQ_ECP	DE_ARCLK_ECP	ARCLK.E	30/10/2026	0.46	0.7	-34.29	0	0	0	0	0	0	0	0	0	0	0					
06/10/2026	O_ARCLKE1026C96.00	ARCLK_10/2026_AVRUPA_OPSIYON	D_EQ	SSO	D_EQ_ECP	DE_ARCLK_ECP	ARCLK.E	30/10/2026	0.31	0.48	-35.42	0	0	0	0	0	0	0	0	0	10	0					
06/10/2026	O_ARCLKE1026C98.00	ARCLK_10/2026_AVRUPA_OPSIYON	D_EQ	SSO	D_EQ_ECP	DE_ARCLK_ECP	ARCLK.E	30/10/2026	0.2	0.33	-39.39	0	0	0	0	0	0	0	0	0	20	0					
06/10/2026	O_ARCLKE1026P100.00	ARCLK_10/2026_AVRUPA_OPSIYON	D_EQ	SSO	D_EQ_EPP	DE_ARCLK_EPP	ARCLK.E	30/10/2026	16.86	15.5	8.77	0	0	0	0	0	0	0	0	0	10	0					
06/10/2026	O_ARCLKE1026P105.00	ARCLK_10/2026_AVRUPA_OPSIYON	D_EQ	SSO	D_EQ_EPP	DE_ARCLK_EPP	ARCLK.E	30/10/2026	21.65	20.23	7.02	0	0	0	0	0	0	0	0	0	1	0					
06/10/2026	O_ARCLKE1026P110.00	ARCLK_10/2026_AVRUPA_OPSIYON	D_EQ	SSO	D_EQ_EPP	DE_ARCLK_EPP	ARCLK.E	30/10/2026	26.5	25.05	5.79	0	0	0	0	0	0	0	0	0	0	0					
06/10/2026	O_ARCLKE1026P70.00	ARCLK_10/2026_AVRUPA_OPSIYON	D_EQ	SSO	D_EQ_EPP	DE_ARCLK_EPP	ARCLK.E	30/10/2026	0.16	0.12	33.33	0	0	0	0	0	0	0	0	0	0	0					
06/10/2026	O_ARCLKE1026P72.00	ARCLK_10/2026_AVRUPA_OPSIYON	D_EQ	SSO	D_EQ_EPP	DE_ARCLK_EPP	ARCLK.E	30/10/2026	0.3	0.23	30.43	0	0	0	0	0	0	0	0	0	0	0					
06/10/2026	O_ARCLKE1026P74.00	ARCLK_10/2026_AVRUPA_OPSIYON	D_EQ	SSO	D_EQ_EPP	DE_ARCLK_EPP	ARCLK.E	30/10/2026	0.52	0.41	26.83	0	0	0	0	0	0	0	0	0	200	0					
06/10/2026	O_ARCLKE1026P76.00	ARCLK_10/2026_AVRUPA_OPSIYON	D_EQ	SSO	D_EQ_EPP	DE_ARCLK_EPP	ARCLK.E	30/10/2026	0.85	0.67	26.87	0	0	0	0	0	0	0	0	0	100	0					
06/10/2026	O_ARCLKE1026P78.00	ARCLK_10/2026_AVRUPA_OPSIYON	D_EQ	SSO	D_EQ_EPP	DE_ARCLK_EPP	ARCLK.E	30/10/2026	1.33	1.06	25.47	0	0	0	0	0	0	0	0	0	22	0					
06/10/2026	O_ARCLKE1026P80.00	ARCLK_10/2026_AVRUPA_OPSIYON	D_EQ	SSO	D_EQ_EPP	DE_ARCLK_EPP	ARCLK.E	30/10/2026	1.98	1.6	23.75	0	0	0	0	0	0	0	0	0	14	0					
06/10/2026	O_ARCLKE1026P82.00	ARCLK_10/2026_AVRUPA_OPSIYON	D_EQ	SSO	D_EQ_EPP	DE_ARCLK_EPP	ARCLK.E	30/10/2026	2.82	2.31	22.08	2.68	2.68	3.08	3.08	2.86	106600	3724	13	2	46	0					
06/10/2026	O_ARCLKE1026P84.00	ARCLK_10/2026_AVRUPA_OPSIYON	D_EQ	SSO	D_EQ_EPP	DE_ARCLK_EPP	ARCLK.E	30/10/2026	3.85	3.2	20.31	0	0	0	0	0	0	0	0	0	240	0					
06/10/2026	O_ARCLKE1026P86.00	ARCLK_10/2026_AVRUPA_OPSIYON	D_EQ	SSO	D_EQ_EPP	DE_ARCLK_EPP	ARCLK.E	30/10/2026	5.06	4.28	18.22	0	0	0	0	0	0	0	0	0	232	0					
06/10/2026	O_ARCLKE1026P88.00	ARCLK_10/2026_AVRUPA_OPSIYON	D_EQ	SSO	D_EQ_EPP	DE_ARCLK_EPP	ARCLK.E	30/10/2026	6.45	5.53	16.64	0	0	0	0	0	0	0	0	0	254	0					
06/10/2026	O_ARCLKE1026P90.00	ARCLK_10/2026_AVRUPA_OPSIYON	D_EQ	SSO	D_EQ_EPP	DE_ARCLK_EPP	ARCLK.E	30/10/2026	7.97	6.94	14.84	0	0	0	0	0	0	0	0	0	205	0					
06/10/2026	O_ARCLKE1026P92.00	ARCLK_10/2026_AVRUPA_OPSIYON	D_EQ	SSO	D_EQ_EPP	DE_ARCLK_EPP	ARCLK.E	30/10/2026	9.61	8.49	13.19	0	0	0	0	0	0	0	0	0	25	0					
06/10/2026	O_ARCLKE1026P94.00	ARCLK_10/2026_AVRUPA_OPSIYON	D_EQ	SSO	D_EQ_EPP	DE_ARCLK_EPP	ARCLK.E	30/10/2026	11.34	10.14	11.83	0	0	0	0	0	0	0	0	0	12	0					
06/10/2026	O_ARCLKE1026P96.00	ARCLK_10/2026_AVRUPA_OPSIYON	D_EQ	SSO	D_EQ_EPP	DE_ARCLK_EPP	ARCLK.E	30/10/2026	13.14	11.87	10.7	0	0	0	0	0	0	0	0	0	10	0					
06/10/2026	O_ARCLKE1026P98.00	ARCLK_10/2026_AVRUPA_OPSIYON	D_EQ	SSO	D_EQ_EPP	DE_ARCLK_EPP	ARCLK.E	30/10/2026	14.98	13.66	9.66	0	0	0	0	0	0	0	0	0	15	0					
06/10/2026	O_ARCLKE1126C100.00	ARCLK_11/2026_AVRUPA_OPSIYON	D_EQ	SSO	D_EQ_ECP	DE_ARCLK_ECP	ARCLK.E	30/11/2026	1.14	1.46	-21.92	0	0	0	0	0	0	0	0	0	0	0					
06/10/2026	O_ARCLKE1126C105.00	ARCLK_11/2026_AVRUPA_OPSIYON	D_EQ	SSO	D_EQ_ECP	DE_ARCLK_ECP	ARCLK.E	30/11/2026	0.65	0.87	-25.29	0	0	0	0	0	0	0	0	0	0	0					
06/10/2026	O_ARCLKE1126C110.00	ARCLK_11/2026_AVRUPA_OPSIYON	D_EQ	SSO	D_EQ_ECP	DE_ARCLK_ECP	ARCLK.E	30/11/2026	0.37	0.51	-27.45	0	0	0	0	0	0	0	0	0	0	0					
06/10/2026	O_ARCLKE1126C115.00	ARCLK_11/2026_AVRUPA_OPSIYON	D_EQ	SSO	D_EQ_ECP	DE_ARCLK_ECP	ARCLK.E	30/11/2026	0.2	0.29	-31.03	0	0	0	0	0	0	0	0	0	0	0					
06/10/2026	O_ARCLKE1126C120.00	ARCLK_11/2026_AVRUPA_OPSIYON	D_EQ	SSO	D_EQ_ECP	DE_ARCLK_ECP	ARCLK.E	30/11/2026	0.11	0.17	-35.29	0	0	0	0	0	0	0	0	0	0	0					
06/10/2026	O_ARCLKE1126C125.00	ARCLK_11/2026_AVRUPA_OPSIYON	D_EQ	SSO	D_EQ_ECP	DE_ARCLK_ECP	ARCLK.E	30/11/2026	0.06	0.1	-40	0	0	0	0	0	0	0	0	0	0	0					
06/10/2026	O_ARCLKE1126C130.00	ARCLK_11/2026_AVRUPA_OPSIYON	D_EQ	SSO	D_EQ_ECP	DE_ARCLK_ECP	ARCLK.E	30/11/2026	0.03	0.06	-50	0	0	0	0	0	0	0	0	0	0	0					
06/10/2026	O_ARCLKE1126C84.00	ARCLK_11/2026_AVRUPA_OPSIYON	D_EQ	SSO	D_EQ_ECP	DE_ARCLK_ECP	ARCLK.E	30/11/2026	5.62	6.53	-13.94	0	0	0	0	0	0	0	0	0	0	0					
06/10/2026	O_ARCLKE1126C86.00	ARCLK_11/2026_AVRUPA_OPSIYON	D_EQ	SSO	D_EQ_ECP	DE_ARCLK_ECP	ARCLK.E	30/11/2026	4.7	5.52	-14.86	0	0	0	0	0	0	0	0	0	0	0					
06/10/2026	O_ARCLKE1126C88.00	ARCLK_11/2026_AVRUPA_OPSIYON	D_EQ	SSO	D_EQ_ECP	DE_ARCLK_ECP	ARCLK.E	30/11/2026	3.9	4.63	-15.77	0	0	0	0	0	0	0	0	0	0	0					
06/10/2026	O_ARCLKE1126C90.00	ARCLK_11/2026_AVRUPA_OPSIYON	D_EQ	SSO	D_EQ_ECP	DE_ARCLK_ECP	ARCLK.E	30/11/2026	3.22	3.86	-16.58	0	0	0	0	0	0	0	0	0	0	0					
06/10/2026	O_ARCLKE1126C92.00	ARCLK_11/2026_AVRUPA_OPSIYON	D_EQ	SSO	D_EQ_ECP	DE_ARCLK_ECP	ARCLK.E	30/11/2026	2.65	3.21	-17.45	0	0	0	0	0	0	0	0	0	0	0					
06/10/2026	O_ARCLKE1126C94.00	ARCLK_11/2026_AVRUPA_OPSIYON	D_EQ	SSO	D_EQ_ECP	DE_ARCLK_ECP	ARCLK.E	30/11/2026	2.16	2.66	-18.8	0	0	0	0	0	0	0	0	0	0	0					
06/10/2026	O_ARCLKE1126C96.00	ARCLK_11/2026_AVRUPA_OPSIYON	D_EQ	SSO	D_EQ_ECP	DE_ARCLK_ECP	ARCLK.E	30/11/2026	1.76	2.19	-19.63	0	0	0	0	0	0	0	0	0	0	0					
06/10/2026	O_ARCLKE1126C98.00	ARCLK_11/2026_AVRUPA_OPSIYON	D_EQ	SSO	D_EQ_ECP	DE_ARCLK_ECP	ARCLK.E	30/11/2026	1.42	1.79	-20.67	0	0	0	0	0	0	0	0	0	0	0					
06/10/2026	O_ARCLKE1126P100.00	ARCLK_11/2026_AVRUPA_OPSIYON	D_EQ	SSO	D_EQ_EPP	DE_ARCLK_EPP	ARCLK.E	30/11/2026	14.78	13.65	8.28	0	0	0	0	0	0	0	0	0	0	0					
06/10/2026	O_ARCLKE1126P105.00	ARCLK_11/2026_AVRUPA_OPSIYON	D_EQ	SSO	D_EQ_EPP	DE_ARCLK_EPP	ARCLK.E	30/11/2026	19.01	17.77	6.98	0	0	0	0	0	0	0	0	0	0	0					
06/10/2026	O_ARCLKE1126P74.00	ARCLK_11/2026_AVRUPA_OPSIYON	D_EQ	SSO	D_EQ_EPP	DE_ARCLK_EPP	ARCLK.E	30/11/2026	1.08	0.92	17.39	0	0	0	0	0	0	0	0	0	0	0					
06/10/2026	O_ARCLKE1126P76.00	ARCLK_11/2026_AVRUPA_OPSIYON	D_EQ	SSO	D_EQ_EPP	DE_ARCLK_EPP	ARCLK.E	30/11/2026	1.48	1.27	16.54	0	0	0	0	0	0	0	0	0	0	0					
06/10/2026	O_ARCLKE1126P78.00	ARCLK_11/2026_AVRUPA_OPSIYON	D_EQ	SSO	D_EQ_EPP	DE_ARCLK_EPP	ARCLK.E	30/11/2026	1.97	1.7	15.88	0	0	0	0	0	0	0	0	0	0	0					
06/10/2026	O_ARCLKE1126P80.00	ARCLK_11/2026_AVRUPA_OPSIYON	D_EQ	SSO	D_EQ_EPP	DE_ARCLK_EPP	ARCLK.E	30/11/2026	2.57	2.22	15.77	0	0	0	0	0	0	0	0	0	0	0					
06/10/2026	O_ARCLKE1126P82.00	ARCLK_11/2026_AVRUPA_OPSIYON	D_EQ	SSO	D_EQ_EPP	DE_ARCLK_EPP	ARCLK.E	30/11/2026	3.3	2.86	15.38	0	0	0	0	0	0	0	0	0	10	0					
06/10/2026	O_ARCLKE1126P84.00	ARCLK_11/2026_AVRUPA_OPSIYON	D_EQ	SSO	D_EQ_EPP	DE_ARCLK_EPP	ARCLK.E	30/11/2026	4.14	3.62	14.36	4.24	4.24	4.24	4.24	4.24	16800	848	2	1	5	-2					
06/10/2026	O_ARCLKE1126P86.00	ARCLK_11/2026_AVRUPA_OPSIYON	D_EQ	SSO	D_EQ_EPP	DE_ARCLK_EPP	ARCLK.E	30/11/2026	5.12	4.5	13.78	5.6	5.6	5.6	5.6	5.6	43000	2800	5	1	3	-5					
06/10/2026	O_ARCLKE1126P88.00	ARCLK_11/2026_AVRUPA_OPSIYON	D_EQ	SSO	D_EQ_EPP	DE_ARCLK_EPP	ARCLK.E	30/11/2026	6.2	5.5	12.73	0	0	0	0	0	0	0	0	0	0	0					
06/10/2026	O_ARCLKE1126P90.00	ARCLK_11/2026_AVRUPA_OPSIYON	D_EQ	SSO	D_EQ_EPP	DE_ARCLK_EPP	ARCLK.E	30/11/2026	7.41	6.61	12.1	0	0	0	0	0	0	0	0	0	0	0					
06/10/2026	O_ARCLKE1126P92.00	ARCLK_11/2026_AVRUPA_OPSIYON	D_EQ	SSO	D_EQ_EPP	DE_ARCLK_EPP	ARCLK.E	30/11/2026	8.73	7.85	11.21	0	0	0	0	0	0	0	0	0	0	0					
06/10/2026	O_ARCLKE1126P94.00	ARCLK_11/2026_AVRUPA_OPSIYON	D_EQ	SSO	D_EQ_EPP	DE_ARCLK_EPP	ARCLK.E	30/11/2026	10.13	9.18	10.35	0	0	0	0	0	0	0	0	0	0	0					
06/10/2026	O_ARCLKE1126P96.00	ARCLK_11/2026_AVRUPA_OPSIYON	D_EQ	SSO	D_EQ_EPP	DE_ARCLK_EPP	ARCLK.E	30/11/2026	11.61	10.6	9.53	0	0	0	0	0	0	0	0	0	0	0					
06/10/2026	O_ARCLKE1126P98.00	ARCLK_11/2026_AVRUPA_OPSIYON	D_EQ	SSO	D_EQ_EPP	DE_ARCLK_EPP	ARCLK.E	30/11/2026	13.17	12.09	8.93	0	0	0	0	0	0	0	0	0	0	0					
06/10/2026	O_ARCLKE1226C100.00	ARCLK_12/2026_AVRUPA_OPSIYON	D_EQ	SSO	D_EQ_ECP	DE_ARCLK_ECP	ARCLK.E	31/12/2026	3.07	3.61	-14.96	0	0	0	0	0	0	0	0	0	0	0					
06/10/2026	O_ARCLKE1226C86.00	ARCLK_12/2026_AVRUPA_OPSIYON	D_EQ	SSO	D_EQ_ECP	DE_ARCLK_ECP	ARCLK.E	31/12/2026	7.97	8.95	-10.95	0	0	0	0	0	0	0	0	0	0	0					
06/10/2026	O_ARCLKE1226C88.00	ARCLK_12/2026_AVRUPA_OPSIYON	D_EQ	SSO	D_EQ_ECP	DE_ARCLK_ECP	ARCLK.E	31/12/2026	7.01	7.92	-11.49	0	0	0	0	0	0	0	0	0	0	0					
06/10/2026	O_ARCLKE1226C90.00	ARCLK_12/2026_AVRUPA_OPSIYON	D_EQ	SSO	D_EQ_ECP	DE_ARCLK_ECP	ARCLK.E	31/12/2026	6.14	6.98	-12.03	0	0	0	0	0	0	0	0	0	0	0					
06/10/2026	O_ARCLKE1226C92.00	ARCLK_12/2026_AVRUPA_OPSIYON	D_EQ	SSO	D_EQ_ECP	DE_ARCLK_ECP	ARCLK.E	31/12/2026	5.37	6.14	-12.54	0	0	0	0	0	0	0	0	0	0	0					
06/10/2026	O_ARCLKE1226C94.00	ARCLK_12/2026_AVRUPA_OPSIYON	D_EQ	SSO	D_EQ_ECP	DE_ARCLK_ECP	ARCLK.E	31/12/2026	4.69	5.39	-12.99	0	0	0	0	0	0	0	0	0	0	0					
06/10/2026	O_ARCLKE1226C96.00	ARCLK_12/2026_AVRUPA_OPSIYON	D_EQ	SSO	D_EQ_ECP	DE_ARCLK_ECP	ARCLK.E	31/12/2026	4.08	4.73	-13.74	0	0	0	0	0	0	0	0	0	0	0					
06/10/2026	O_ARCLKE1226C98.00	ARCLK_12/2026_AVRUPA_OPSIYON	D_EQ	SSO	D_EQ_ECP	DE_ARCLK_ECP	ARCLK.E	31/12/2026	3.55	4.14	-14.25	0	0	0	0	0	0	0	0	0	0	0					
06/10/2026	O_ARCLKE1226P76.00	ARCLK_12/2026_AVRUPA_OPSIYON	D_EQ	SSO	D_EQ_EPP	DE_ARCLK_EPP	ARCLK.E	31/12/2026	1.49	1.32	12.88	0	0	0	0	0	0	0	0	0	0	0					
06/10/2026	O_ARCLKE1226P78.00	ARCLK_12/2026_AVRUPA_OPSIYON	D_EQ	SSO	D_EQ_EPP	DE_ARCLK_EPP	ARCLK.E	31/12/2026	1.9	1.68	13.1	0	0	0	0	0	0	0	0	0	0	0					
06/10/2026	O_ARCLKE1226P80.00	ARCLK_12/2026_AVRUPA_OPSIYON	D_EQ	SSO	D_EQ_EPP	DE_ARCLK_EPP	ARCLK.E	31/12/2026	2.38	2.11	12.8	0	0	0	0	0	0	0	0	0	0	0					
06/10/2026	O_ARCLKE1226P82.00	ARCLK_12/2026_AVRUPA_OPSIYON	D_EQ	SSO	D_EQ_EPP	DE_ARCLK_EPP	ARCLK.E	31/12/2026	2.93	2.61	12.26	0	0	0	0	0	0	0	0	0	0	0					
06/10/2026	O_ARCLKE1226P84.00	ARCLK_12/2026_AVRUPA_OPSIYON	D_EQ	SSO	D_EQ_EPP	DE_ARCLK_EPP	ARCLK.E	31/12/2026	3.59	3.18	12.89	0	0	0	0	0	0	0	0	0	0	0					
06/10/2026	O_ARCLKE1226P86.00	ARCLK_12/2026_AVRUPA_OPSIYON	D_EQ	SSO	D_EQ_EPP	DE_ARCLK_EPP	ARCLK.E	31/12/2026	4.33	3.86	12.18	0	0	0	0	0	0	0	0	0	0	0					
06/10/2026	O_ARCLKE1226P88.00	ARCLK_12/2026_AVRUPA_OPSIYON	D_EQ	SSO	D_EQ_EPP	DE_ARCLK_EPP	ARCLK.E	31/12/2026	5.17	4.63	11.66	0	0	0	0	0	0	0	0	0	0	0					
06/10/2026	O_ARCLKE1226P90.00	ARCLK_12/2026_AVRUPA_OPSIYON	D_EQ	SSO	D_EQ_EPP	DE_ARCLK_EPP	ARCLK.E	31/12/2026	6.1	5.49	11.11	0	0	0	0	0	0	0	0	0	0	0					
06/10/2026	O_ASELSE1026C340.00	ASELS_10/2026_AVRUPA_OPSIYON	D_EQ	SSO	D_EQ_ECP	DE_ASELS_ECP	ASELS.E	30/10/2026	46.16	42.57	8.43	0	0	0	0	0	0	0	0	0	32	0					
06/10/2026	O_ASELSE1026C350.00	ASELS_10/2026_AVRUPA_OPSIYON	D_EQ	SSO	D_EQ_ECP	DE_ASELS_ECP	ASELS.E	30/10/2026	37.8	34.38	9.95	0	0	0	0	0	0	0	0	0	50	0					
06/10/2026	O_ASELSE1026C360.00	ASELS_10/2026_AVRUPA_OPSIYON	D_EQ	SSO	D_EQ_ECP	DE_ASELS_ECP	ASELS.E	30/10/2026	30.06	27.05	11.13	27.5	23.5	27.5	24.3	25.62	4680000	333101	130	14	460	0					
06/10/2026	O_ASELSE1026C370.00	ASELS_10/2026_AVRUPA_OPSIYON	D_EQ	SSO	D_EQ_ECP	DE_ASELS_ECP	ASELS.E	30/10/2026	23.35	20.69	12.86	21.2	17.3	21.2	18.4	18.34	2960000	146700	80	8	535	35					
06/10/2026	O_ASELSE1026C380.00	ASELS_10/2026_AVRUPA_OPSIYON	D_EQ	SSO	D_EQ_ECP	DE_ASELS_ECP	ASELS.E	30/10/2026	17.61	15.46	13.91	15.89	13.6	16.8	16.8	15.76	4560000	189148	120	10	175	0					
06/10/2026	O_ASELSE1026C390.00	ASELS_10/2026_AVRUPA_OPSIYON	D_EQ	SSO	D_EQ_ECP	DE_ASELS_ECP	ASELS.E	30/10/2026	12.99	11.27	15.26	11.6	9.7	11.6	11.1	10.73	2457000	67630	63	7	214	-3					
06/10/2026	O_ASELSE1026C400.00	ASELS_10/2026_AVRUPA_OPSIYON	D_EQ	SSO	D_EQ_ECP	DE_ASELS_ECP	ASELS.E	30/10/2026	9.4	8.27	13.66	0	0	0	0	0	0	0	0	0	960	0					
06/10/2026	O_ASELSE1026C410.00	ASELS_10/2026_AVRUPA_OPSIYON	D_EQ	SSO	D_EQ_ECP	DE_ASELS_ECP	ASELS.E	30/10/2026	6.83	6.02	13.46	0	0	0	0	0	0	0	0	0	2358	0					
06/10/2026	O_ASELSE1026C420.00	ASELS_10/2026_AVRUPA_OPSIYON	D_EQ	SSO	D_EQ_ECP	DE_ASELS_ECP	ASELS.E	30/10/2026	4.93	4.36	13.07	0	0	0	0	0	0	0	0	0	210	0					
06/10/2026	O_ASELSE1026C430.00	ASELS_10/2026_AVRUPA_OPSIYON	D_EQ	SSO	D_EQ_ECP	DE_ASELS_ECP	ASELS.E	30/10/2026	3.53	3.15	12.06	0	0	0	0	0	0	0	0	0	133	0					
06/10/2026	O_ASELSE1026C440.00	ASELS_10/2026_AVRUPA_OPSIYON	D_EQ	SSO	D_EQ_ECP	DE_ASELS_ECP	ASELS.E	30/10/2026	2.53	2.28	10.96	2.2	2.2	2.2	2.2	2.2	7700000	38500	175	6	770	165					
06/10/2026	O_ASELSE1026C450.00	ASELS_10/2026_AVRUPA_OPSIYON	D_EQ	SSO	D_EQ_ECP	DE_ASELS_ECP	ASELS.E	30/10/2026	1.81	1.65	9.7	0	0	0	0	0	0	0	0	0	20	0					
06/10/2026	O_ASELSE1026C460.00	ASELS_10/2026_AVRUPA_OPSIYON	D_EQ	SSO	D_EQ_ECP	DE_ASELS_ECP	ASELS.E	30/10/2026	1.3	1.2	8.33	0	0	0	0	0	0	0	0	0	0	0					
06/10/2026	O_ASELSE1026C470.00	ASELS_10/2026_AVRUPA_OPSIYON	D_EQ	SSO	D_EQ_ECP	DE_ASELS_ECP	ASELS.E	30/10/2026	0.93	0.88	5.68	0	0	0	0	0	0	0	0	0	0	0					
06/10/2026	O_ASELSE1026C480.00	ASELS_10/2026_AVRUPA_OPSIYON	D_EQ	SSO	D_EQ_ECP	DE_ASELS_ECP	ASELS.E	30/10/2026	0.67	0.65	3.08	0	0	0	0	0	0	0	0	0	10	0					
06/10/2026	O_ASELSE1026C490.00	ASELS_10/2026_AVRUPA_OPSIYON	D_EQ	SSO	D_EQ_ECP	DE_ASELS_ECP	ASELS.E	30/10/2026	0.49	0.48	2.08	0	0	0	0	0	0	0	0	0	46	0					
06/10/2026	O_ASELSE1026P290.00	ASELS_10/2026_AVRUPA_OPSIYON	D_EQ	SSO	D_EQ_EPP	DE_ASELS_EPP	ASELS.E	30/10/2026	0.11	0.13	-15.38	0	0	0	0	0	0	0	0	0	0	0					
06/10/2026	O_ASELSE1026P300.00	ASELS_10/2026_AVRUPA_OPSIYON	D_EQ	SSO	D_EQ_EPP	DE_ASELS_EPP	ASELS.E	30/10/2026	0.22	0.26	-15.38	0	0	0	0	0	0	0	0	0	0	0					
06/10/2026	O_ASELSE1026P310.00	ASELS_10/2026_AVRUPA_OPSIYON	D_EQ	SSO	D_EQ_EPP	DE_ASELS_EPP	ASELS.E	30/10/2026	0.42	0.49	-14.29	0	0	0	0	0	0	0	0	0	0	0					
06/10/2026	O_ASELSE1026P320.00	ASELS_10/2026_AVRUPA_OPSIYON	D_EQ	SSO	D_EQ_EPP	DE_ASELS_EPP	ASELS.E	30/10/2026	0.77	0.89	-13.48	0	0	0	0	0	0	0	0	0	43	0					
06/10/2026	O_ASELSE1026P330.00	ASELS_10/2026_AVRUPA_OPSIYON	D_EQ	SSO	D_EQ_EPP	DE_ASELS_EPP	ASELS.E	30/10/2026	1.35	1.55	-12.9	0	0	0	0	0	0	0	0	0	240	0					
06/10/2026	O_ASELSE1026P340.00	ASELS_10/2026_AVRUPA_OPSIYON	D_EQ	SSO	D_EQ_EPP	DE_ASELS_EPP	ASELS.E	30/10/2026	2.27	2.58	-12.02	3.8	2.9	3.8	2.9	3.72	3706000	40520	109	4	312	99					
06/10/2026	O_ASELSE1026P350.00	ASELS_10/2026_AVRUPA_OPSIYON	D_EQ	SSO	D_EQ_EPP	DE_ASELS_EPP	ASELS.E	30/10/2026	3.66	4.13	-11.38	6	6	6	6	6	1750000	30000	50	2	310	50					
06/10/2026	O_ASELSE1026P360.00	ASELS_10/2026_AVRUPA_OPSIYON	D_EQ	SSO	D_EQ_EPP	DE_ASELS_EPP	ASELS.E	30/10/2026	5.67	6.56	-13.57	7	7	9	9	8	3600000	80000	100	6	104	34					
06/10/2026	O_ASELSE1026P370.00	ASELS_10/2026_AVRUPA_OPSIYON	D_EQ	SSO	D_EQ_EPP	DE_ASELS_EPP	ASELS.E	30/10/2026	8.72	9.94	-12.27	12.03	9.4	12.03	9.5	11.39	4847000	149232	131	9	200	0					
06/10/2026	O_ASELSE1026P380.00	ASELS_10/2026_AVRUPA_OPSIYON	D_EQ	SSO	D_EQ_EPP	DE_ASELS_EPP	ASELS.E	30/10/2026	12.74	14.45	-11.83	15.9	15.9	18.1	18.1	17	760000	34000	20	2	38	20					
06/10/2026	O_ASELSE1026P390.00	ASELS_10/2026_AVRUPA_OPSIYON	D_EQ	SSO	D_EQ_EPP	DE_ASELS_EPP	ASELS.E	30/10/2026	17.87	20	-10.65	21.3	21.3	24	24	23.31	3237000	193500	83	9	25	-33					
06/10/2026	O_ASELSE1026P400.00	ASELS_10/2026_AVRUPA_OPSIYON	D_EQ	SSO	D_EQ_EPP	DE_ASELS_EPP	ASELS.E	30/10/2026	24.03	26.75	-10.17	27.9	23.5	30.7	23.5	28.26	4640000	327780	116	13	112	69					
06/10/2026	O_ASELSE1026P410.00	ASELS_10/2026_AVRUPA_OPSIYON	D_EQ	SSO	D_EQ_EPP	DE_ASELS_EPP	ASELS.E	30/10/2026	31.22	34.24	-8.82	0	0	0	0	0	0	0	0	0	95	0					
06/10/2026	O_ASELSE1026P420.00	ASELS_10/2026_AVRUPA_OPSIYON	D_EQ	SSO	D_EQ_EPP	DE_ASELS_EPP	ASELS.E	30/10/2026	39.06	42.32	-7.7	0	0	0	0	0	0	0	0	0	10	0					
06/10/2026	O_ASELSE1026P430.00	ASELS_10/2026_AVRUPA_OPSIYON	D_EQ	SSO	D_EQ_EPP	DE_ASELS_EPP	ASELS.E	30/10/2026	47.42	50.85	-6.75	0	0	0	0	0	0	0	0	0	40	0					
06/10/2026	O_ASELSE1026P440.00	ASELS_10/2026_AVRUPA_OPSIYON	D_EQ	SSO	D_EQ_EPP	DE_ASELS_EPP	ASELS.E	30/10/2026	56.17	59.72	-5.94	0	0	0	0	0	0	0	0	0	103	0					
06/10/2026	O_ASELSE1126C350.00	ASELS_11/2026_AVRUPA_OPSIYON	D_EQ	SSO	D_EQ_ECP	DE_ASELS_ECP	ASELS.E	30/11/2026	51.97	48.23	7.75	0	0	0	0	0	0	0	0	0	10	0					
06/10/2026	O_ASELSE1126C360.00	ASELS_11/2026_AVRUPA_OPSIYON	D_EQ	SSO	D_EQ_ECP	DE_ASELS_ECP	ASELS.E	30/11/2026	44.64	41	8.88	0	0	0	0	0	0	0	0	0	0	0					
06/10/2026	O_ASELSE1126C370.00	ASELS_11/2026_AVRUPA_OPSIYON	D_EQ	SSO	D_EQ_ECP	DE_ASELS_ECP	ASELS.E	30/11/2026	37.83	34.61	9.3	0	0	0	0	0	0	0	0	0	30	0					
06/10/2026	O_ASELSE1126C380.00	ASELS_11/2026_AVRUPA_OPSIYON	D_EQ	SSO	D_EQ_ECP	DE_ASELS_ECP	ASELS.E	30/11/2026	31.88	28.88	10.39	0	0	0	0	0	0	0	0	0	28	0					
06/10/2026	O_ASELSE1126C390.00	ASELS_11/2026_AVRUPA_OPSIYON	D_EQ	SSO	D_EQ_ECP	DE_ASELS_ECP	ASELS.E	30/11/2026	26.58	24.01	10.7	0	0	0	0	0	0	0	0	0	68	0					
06/10/2026	O_ASELSE1126C400.00	ASELS_11/2026_AVRUPA_OPSIYON	D_EQ	SSO	D_EQ_ECP	DE_ASELS_ECP	ASELS.E	30/11/2026	22.07	19.82	11.35	18	18	18	18	18	400000	18000	10	1	58	10					
06/10/2026	O_ASELSE1126C410.00	ASELS_11/2026_AVRUPA_OPSIYON	D_EQ	SSO	D_EQ_ECP	DE_ASELS_ECP	ASELS.E	30/11/2026	18.26	16.63	9.8	0	0	0	0	0	0	0	0	0	0	0					
06/10/2026	O_ASELSE1126C420.00	ASELS_11/2026_AVRUPA_OPSIYON	D_EQ	SSO	D_EQ_ECP	DE_ASELS_ECP	ASELS.E	30/11/2026	15.32	13.96	9.74	0	0	0	0	0	0	0	0	0	0	0					
06/10/2026	O_ASELSE1126C430.00	ASELS_11/2026_AVRUPA_OPSIYON	D_EQ	SSO	D_EQ_ECP	DE_ASELS_ECP	ASELS.E	30/11/2026	12.85	11.74	9.45	0	0	0	0	0	0	0	0	0	0	0					
06/10/2026	O_ASELSE1126C440.00	ASELS_11/2026_AVRUPA_OPSIYON	D_EQ	SSO	D_EQ_ECP	DE_ASELS_ECP	ASELS.E	30/11/2026	10.8	9.9	9.09	0	0	0	0	0	0	0	0	0	0	0					
06/10/2026	O_ASELSE1126C450.00	ASELS_11/2026_AVRUPA_OPSIYON	D_EQ	SSO	D_EQ_ECP	DE_ASELS_ECP	ASELS.E	30/11/2026	9.09	8.38	8.47	0	0	0	0	0	0	0	0	0	0	0					
06/10/2026	O_ASELSE1126C460.00	ASELS_11/2026_AVRUPA_OPSIYON	D_EQ	SSO	D_EQ_ECP	DE_ASELS_ECP	ASELS.E	30/11/2026	7.68	7.12	7.87	0	0	0	0	0	0	0	0	0	0	0					
06/10/2026	O_ASELSE1126C470.00	ASELS_11/2026_AVRUPA_OPSIYON	D_EQ	SSO	D_EQ_ECP	DE_ASELS_ECP	ASELS.E	30/11/2026	6.5	6.08	6.91	0	0	0	0	0	0	0	0	0	0	0					
06/10/2026	O_ASELSE1126C480.00	ASELS_11/2026_AVRUPA_OPSIYON	D_EQ	SSO	D_EQ_ECP	DE_ASELS_ECP	ASELS.E	30/11/2026	5.53	5.22	5.94	0	0	0	0	0	0	0	0	0	0	0					
06/10/2026	O_ASELSE1126C490.00	ASELS_11/2026_AVRUPA_OPSIYON	D_EQ	SSO	D_EQ_ECP	DE_ASELS_ECP	ASELS.E	30/11/2026	4.72	4.5	4.89	0	0	0	0	0	0	0	0	0	0	0					
06/10/2026	O_ASELSE1126P300.00	ASELS_11/2026_AVRUPA_OPSIYON	D_EQ	SSO	D_EQ_EPP	DE_ASELS_EPP	ASELS.E	30/11/2026	1.47	1.47	0	0	0	0	0	0	0	0	0	0	5	0					
06/10/2026	O_ASELSE1126P310.00	ASELS_11/2026_AVRUPA_OPSIYON	D_EQ	SSO	D_EQ_EPP	DE_ASELS_EPP	ASELS.E	30/11/2026	2.08	2.09	-0.48	0	0	0	0	0	0	0	0	0	10	0					
06/10/2026	O_ASELSE1126P320.00	ASELS_11/2026_AVRUPA_OPSIYON	D_EQ	SSO	D_EQ_EPP	DE_ASELS_EPP	ASELS.E	30/11/2026	2.89	2.92	-1.03	0	0	0	0	0	0	0	0	0	3	0					
06/10/2026	O_ASELSE1126P330.00	ASELS_11/2026_AVRUPA_OPSIYON	D_EQ	SSO	D_EQ_EPP	DE_ASELS_EPP	ASELS.E	30/11/2026	3.94	4	-1.5	0	0	0	0	0	0	0	0	0	0	0					
06/10/2026	O_ASELSE1126P340.00	ASELS_11/2026_AVRUPA_OPSIYON	D_EQ	SSO	D_EQ_EPP	DE_ASELS_EPP	ASELS.E	30/11/2026	5.29	5.39	-1.86	0	0	0	0	0	0	0	0	0	0	0					
06/10/2026	O_ASELSE1126P350.00	ASELS_11/2026_AVRUPA_OPSIYON	D_EQ	SSO	D_EQ_EPP	DE_ASELS_EPP	ASELS.E	30/11/2026	6.99	7.16	-2.37	0	0	0	0	0	0	0	0	0	0	0					
06/10/2026	O_ASELSE1126P360.00	ASELS_11/2026_AVRUPA_OPSIYON	D_EQ	SSO	D_EQ_EPP	DE_ASELS_EPP	ASELS.E	30/11/2026	9.1	9.36	-2.78	0	0	0	0	0	0	0	0	0	0	0					
06/10/2026	O_ASELSE1126P370.00	ASELS_11/2026_AVRUPA_OPSIYON	D_EQ	SSO	D_EQ_EPP	DE_ASELS_EPP	ASELS.E	30/11/2026	11.74	12.41	-5.4	0	0	0	0	0	0	0	0	0	0	0					
06/10/2026	O_ASELSE1126P380.00	ASELS_11/2026_AVRUPA_OPSIYON	D_EQ	SSO	D_EQ_EPP	DE_ASELS_EPP	ASELS.E	30/11/2026	15.23	16.11	-5.46	0	0	0	0	0	0	0	0	0	0	0					
06/10/2026	O_ASELSE1126P390.00	ASELS_11/2026_AVRUPA_OPSIYON	D_EQ	SSO	D_EQ_EPP	DE_ASELS_EPP	ASELS.E	30/11/2026	19.37	20.7	-6.43	0	0	0	0	0	0	0	0	0	28	0					
06/10/2026	O_ASELSE1126P400.00	ASELS_11/2026_AVRUPA_OPSIYON	D_EQ	SSO	D_EQ_EPP	DE_ASELS_EPP	ASELS.E	30/11/2026	24.3	25.91	-6.21	0	0	0	0	0	0	0	0	0	0	0					
06/10/2026	O_ASELSE1126P410.00	ASELS_11/2026_AVRUPA_OPSIYON	D_EQ	SSO	D_EQ_EPP	DE_ASELS_EPP	ASELS.E	30/11/2026	29.95	32.16	-6.87	0	0	0	0	0	0	0	0	0	10	0					
06/10/2026	O_ASELSE1126P420.00	ASELS_11/2026_AVRUPA_OPSIYON	D_EQ	SSO	D_EQ_EPP	DE_ASELS_EPP	ASELS.E	30/11/2026	36.44	38.92	-6.37	0	0	0	0	0	0	0	0	0	38	0					
06/10/2026	O_ASELSE1126P430.00	ASELS_11/2026_AVRUPA_OPSIYON	D_EQ	SSO	D_EQ_EPP	DE_ASELS_EPP	ASELS.E	30/11/2026	43.42	46.14	-5.9	0	0	0	0	0	0	0	0	0	49	0					
06/10/2026	O_ASELSE1126P440.00	ASELS_11/2026_AVRUPA_OPSIYON	D_EQ	SSO	D_EQ_EPP	DE_ASELS_EPP	ASELS.E	30/11/2026	50.81	53.73	-5.43	0	0	0	0	0	0	0	0	0	28	0					
06/10/2026	O_ASELSE1226C350.00	ASELS_12/2026_AVRUPA_OPSIYON	D_EQ	SSO	D_EQ_ECP	DE_ASELS_ECP	ASELS.E	31/12/2026	69.1	65.05	6.23	0	0	0	0	0	0	0	0	0	0	0					
06/10/2026	O_ASELSE1226C360.00	ASELS_12/2026_AVRUPA_OPSIYON	D_EQ	SSO	D_EQ_ECP	DE_ASELS_ECP	ASELS.E	31/12/2026	61.86	57.84	6.95	0	0	0	0	0	0	0	0	0	0	0					
06/10/2026	O_ASELSE1226C370.00	ASELS_12/2026_AVRUPA_OPSIYON	D_EQ	SSO	D_EQ_ECP	DE_ASELS_ECP	ASELS.E	31/12/2026	54.93	50.94	7.83	0	0	0	0	0	0	0	0	0	0	0					
06/10/2026	O_ASELSE1226C380.00	ASELS_12/2026_AVRUPA_OPSIYON	D_EQ	SSO	D_EQ_ECP	DE_ASELS_ECP	ASELS.E	31/12/2026	48.38	44.85	7.87	0	0	0	0	0	0	0	0	0	0	0					
06/10/2026	O_ASELSE1226C390.00	ASELS_12/2026_AVRUPA_OPSIYON	D_EQ	SSO	D_EQ_ECP	DE_ASELS_ECP	ASELS.E	31/12/2026	42.6	39.21	8.65	0	0	0	0	0	0	0	0	0	0	0					
06/10/2026	O_ASELSE1226C400.00	ASELS_12/2026_AVRUPA_OPSIYON	D_EQ	SSO	D_EQ_ECP	DE_ASELS_ECP	ASELS.E	31/12/2026	37.29	34.29	8.75	0	0	0	0	0	0	0	0	0	0	0					
06/10/2026	O_ASELSE1226C410.00	ASELS_12/2026_AVRUPA_OPSIYON	D_EQ	SSO	D_EQ_ECP	DE_ASELS_ECP	ASELS.E	31/12/2026	32.64	29.9	9.16	0	0	0	0	0	0	0	0	0	0	0					
06/10/2026	O_ASELSE1226C420.00	ASELS_12/2026_AVRUPA_OPSIYON	D_EQ	SSO	D_EQ_ECP	DE_ASELS_ECP	ASELS.E	31/12/2026	28.52	26.47	7.74	0	0	0	0	0	0	0	0	0	0	0					
06/10/2026	O_ASELSE1226C430.00	ASELS_12/2026_AVRUPA_OPSIYON	D_EQ	SSO	D_EQ_ECP	DE_ASELS_ECP	ASELS.E	31/12/2026	25.27	23.46	7.72	0	0	0	0	0	0	0	0	0	0	0					
06/10/2026	O_ASELSE1226C440.00	ASELS_12/2026_AVRUPA_OPSIYON	D_EQ	SSO	D_EQ_ECP	DE_ASELS_ECP	ASELS.E	31/12/2026	22.42	20.85	7.53	0	0	0	0	0	0	0	0	0	0	0					
06/10/2026	O_ASELSE1226C450.00	ASELS_12/2026_AVRUPA_OPSIYON	D_EQ	SSO	D_EQ_ECP	DE_ASELS_ECP	ASELS.E	31/12/2026	19.92	18.58	7.21	0	0	0	0	0	0	0	0	0	0	0					
06/10/2026	O_ASELSE1226C460.00	ASELS_12/2026_AVRUPA_OPSIYON	D_EQ	SSO	D_EQ_ECP	DE_ASELS_ECP	ASELS.E	31/12/2026	17.75	16.6	6.93	0	0	0	0	0	0	0	0	0	0	0					
06/10/2026	O_ASELSE1226P300.00	ASELS_12/2026_AVRUPA_OPSIYON	D_EQ	SSO	D_EQ_EPP	DE_ASELS_EPP	ASELS.E	31/12/2026	2.37	2.25	5.33	0	0	0	0	0	0	0	0	0	0	0					
06/10/2026	O_ASELSE1226P310.00	ASELS_12/2026_AVRUPA_OPSIYON	D_EQ	SSO	D_EQ_EPP	DE_ASELS_EPP	ASELS.E	31/12/2026	3.06	2.92	4.79	0	0	0	0	0	0	0	0	0	0	0					
06/10/2026	O_ASELSE1226P320.00	ASELS_12/2026_AVRUPA_OPSIYON	D_EQ	SSO	D_EQ_EPP	DE_ASELS_EPP	ASELS.E	31/12/2026	3.91	3.75	4.27	0	0	0	0	0	0	0	0	0	0	0					
06/10/2026	O_ASELSE1226P330.00	ASELS_12/2026_AVRUPA_OPSIYON	D_EQ	SSO	D_EQ_EPP	DE_ASELS_EPP	ASELS.E	31/12/2026	4.94	4.76	3.78	0	0	0	0	0	0	0	0	0	0	0					
06/10/2026	O_ASELSE1226P340.00	ASELS_12/2026_AVRUPA_OPSIYON	D_EQ	SSO	D_EQ_EPP	DE_ASELS_EPP	ASELS.E	31/12/2026	6.17	5.99	3.01	0	0	0	0	0	0	0	0	0	0	0					
06/10/2026	O_ASELSE1226P350.00	ASELS_12/2026_AVRUPA_OPSIYON	D_EQ	SSO	D_EQ_EPP	DE_ASELS_EPP	ASELS.E	31/12/2026	7.65	7.46	2.55	0	0	0	0	0	0	0	0	0	0	0					
06/10/2026	O_ASELSE1226P360.00	ASELS_12/2026_AVRUPA_OPSIYON	D_EQ	SSO	D_EQ_EPP	DE_ASELS_EPP	ASELS.E	31/12/2026	9.39	9.21	1.95	0	0	0	0	0	0	0	0	0	0	0					
06/10/2026	O_ASELSE1226P370.00	ASELS_12/2026_AVRUPA_OPSIYON	D_EQ	SSO	D_EQ_EPP	DE_ASELS_EPP	ASELS.E	31/12/2026	11.42	11.27	1.33	0	0	0	0	0	0	0	0	0	0	0					
06/10/2026	O_ASELSE1226P380.00	ASELS_12/2026_AVRUPA_OPSIYON	D_EQ	SSO	D_EQ_EPP	DE_ASELS_EPP	ASELS.E	31/12/2026	13.85	14.13	-1.98	0	0	0	0	0	0	0	0	0	0	0					
06/10/2026	O_ASELSE1226P390.00	ASELS_12/2026_AVRUPA_OPSIYON	D_EQ	SSO	D_EQ_EPP	DE_ASELS_EPP	ASELS.E	31/12/2026	17.04	17.46	-2.41	0	0	0	0	0	0	0	0	0	0	0					
06/10/2026	O_ASELSE1226P400.00	ASELS_12/2026_AVRUPA_OPSIYON	D_EQ	SSO	D_EQ_EPP	DE_ASELS_EPP	ASELS.E	31/12/2026	20.7	21.51	-3.77	0	0	0	0	0	0	0	0	0	0	0					
06/10/2026	O_ASELSE1226P410.00	ASELS_12/2026_AVRUPA_OPSIYON	D_EQ	SSO	D_EQ_EPP	DE_ASELS_EPP	ASELS.E	31/12/2026	25.02	26.08	-4.06	0	0	0	0	0	0	0	0	0	0	0					
06/10/2026	O_BIMASE1026C390.00	BIMAS_10/2026_AVRUPA_OPSIYON	D_EQ	SSO	D_EQ_ECP	DE_BIMAS_ECP	BIMAS.E	30/10/2026	33.09	37.11	-10.83	0	0	0	0	0	0	0	0	0	1	0					
06/10/2026	O_BIMASE1026C400.00	BIMAS_10/2026_AVRUPA_OPSIYON	D_EQ	SSO	D_EQ_ECP	DE_BIMAS_ECP	BIMAS.E	30/10/2026	25.75	29.45	-12.56	0	0	0	0	0	0	0	0	0	28	0					
06/10/2026	O_BIMASE1026C410.00	BIMAS_10/2026_AVRUPA_OPSIYON	D_EQ	SSO	D_EQ_ECP	DE_BIMAS_ECP	BIMAS.E	30/10/2026	19.48	22.77	-14.45	17.3	17.3	17.3	17.3	17.3	1148000	48440	28	3	23	17					
06/10/2026	O_BIMASE1026C420.00	BIMAS_10/2026_AVRUPA_OPSIYON	D_EQ	SSO	D_EQ_ECP	DE_BIMAS_ECP	BIMAS.E	30/10/2026	14.26	17.07	-16.46	0	0	0	0	0	0	0	0	0	46	0					
06/10/2026	O_BIMASE1026C430.00	BIMAS_10/2026_AVRUPA_OPSIYON	D_EQ	SSO	D_EQ_ECP	DE_BIMAS_ECP	BIMAS.E	30/10/2026	10.17	12.47	-18.44	0	0	0	0	0	0	0	0	0	43	0					
06/10/2026	O_BIMASE1026C440.00	BIMAS_10/2026_AVRUPA_OPSIYON	D_EQ	SSO	D_EQ_ECP	DE_BIMAS_ECP	BIMAS.E	30/10/2026	7.08	8.85	-20	0	0	0	0	0	0	0	0	0	250	0					
06/10/2026	O_BIMASE1026C450.00	BIMAS_10/2026_AVRUPA_OPSIYON	D_EQ	SSO	D_EQ_ECP	DE_BIMAS_ECP	BIMAS.E	30/10/2026	4.95	6.22	-20.42	0	0	0	0	0	0	0	0	0	308	0					
06/10/2026	O_BIMASE1026C460.00	BIMAS_10/2026_AVRUPA_OPSIYON	D_EQ	SSO	D_EQ_ECP	DE_BIMAS_ECP	BIMAS.E	30/10/2026	3.43	4.33	-20.79	0	0	0	0	0	0	0	0	0	30	0					
06/10/2026	O_BIMASE1026C470.00	BIMAS_10/2026_AVRUPA_OPSIYON	D_EQ	SSO	D_EQ_ECP	DE_BIMAS_ECP	BIMAS.E	30/10/2026	2.36	2.97	-20.54	0	0	0	0	0	0	0	0	0	20	0					
06/10/2026	O_BIMASE1026C480.00	BIMAS_10/2026_AVRUPA_OPSIYON	D_EQ	SSO	D_EQ_ECP	DE_BIMAS_ECP	BIMAS.E	30/10/2026	1.61	2.02	-20.3	0	0	0	0	0	0	0	0	0	20	0					
06/10/2026	O_BIMASE1026C490.00	BIMAS_10/2026_AVRUPA_OPSIYON	D_EQ	SSO	D_EQ_ECP	DE_BIMAS_ECP	BIMAS.E	30/10/2026	1.1	1.36	-19.12	0	0	0	0	0	0	0	0	0	20	0					
06/10/2026	O_BIMASE1026C500.00	BIMAS_10/2026_AVRUPA_OPSIYON	D_EQ	SSO	D_EQ_ECP	DE_BIMAS_ECP	BIMAS.E	30/10/2026	0.75	0.91	-17.58	0	0	0	0	0	0	0	0	0	44	0					
06/10/2026	O_BIMASE1026C520.00	BIMAS_10/2026_AVRUPA_OPSIYON	D_EQ	SSO	D_EQ_ECP	DE_BIMAS_ECP	BIMAS.E	30/10/2026	0.35	0.41	-14.63	0	0	0	0	0	0	0	0	0	0	0					
06/10/2026	O_BIMASE1026P340.00	BIMAS_10/2026_AVRUPA_OPSIYON	D_EQ	SSO	D_EQ_EPP	DE_BIMAS_EPP	BIMAS.E	30/10/2026	0.23	0.17	35.29	0	0	0	0	0	0	0	0	0	23	0					
06/10/2026	O_BIMASE1026P350.00	BIMAS_10/2026_AVRUPA_OPSIYON	D_EQ	SSO	D_EQ_EPP	DE_BIMAS_EPP	BIMAS.E	30/10/2026	0.46	0.35	31.43	0	0	0	0	0	0	0	0	0	69	0					
06/10/2026	O_BIMASE1026P360.00	BIMAS_10/2026_AVRUPA_OPSIYON	D_EQ	SSO	D_EQ_EPP	DE_BIMAS_EPP	BIMAS.E	30/10/2026	0.85	0.68	25	0	0	0	0	0	0	0	0	0	66	0					
06/10/2026	O_BIMASE1026P370.00	BIMAS_10/2026_AVRUPA_OPSIYON	D_EQ	SSO	D_EQ_EPP	DE_BIMAS_EPP	BIMAS.E	30/10/2026	1.52	1.24	22.58	0	0	0	0	0	0	0	0	0	378	0					
06/10/2026	O_BIMASE1026P380.00	BIMAS_10/2026_AVRUPA_OPSIYON	D_EQ	SSO	D_EQ_EPP	DE_BIMAS_EPP	BIMAS.E	30/10/2026	2.59	2.16	19.91	0	0	0	0	0	0	0	0	0	60	0					
06/10/2026	O_BIMASE1026P390.00	BIMAS_10/2026_AVRUPA_OPSIYON	D_EQ	SSO	D_EQ_EPP	DE_BIMAS_EPP	BIMAS.E	30/10/2026	4.21	3.59	17.27	3.7	3.7	3.9	3.7	3.78	2847000	27570	73	4	134	72					
06/10/2026	O_BIMASE1026P400.00	BIMAS_10/2026_AVRUPA_OPSIYON	D_EQ	SSO	D_EQ_EPP	DE_BIMAS_EPP	BIMAS.E	30/10/2026	6.63	5.67	16.93	6.3	6.3	6.3	6.3	6.3	4000000	63000	100	4	130	97					
06/10/2026	O_BIMASE1026P410.00	BIMAS_10/2026_AVRUPA_OPSIYON	D_EQ	SSO	D_EQ_EPP	DE_BIMAS_EPP	BIMAS.E	30/10/2026	10.11	8.74	15.68	0	0	0	0	0	0	0	0	0	30	0					
06/10/2026	O_BIMASE1026P420.00	BIMAS_10/2026_AVRUPA_OPSIYON	D_EQ	SSO	D_EQ_EPP	DE_BIMAS_EPP	BIMAS.E	30/10/2026	14.65	12.78	14.63	0	0	0	0	0	0	0	0	0	97	0					
06/10/2026	O_BIMASE1026P430.00	BIMAS_10/2026_AVRUPA_OPSIYON	D_EQ	SSO	D_EQ_EPP	DE_BIMAS_EPP	BIMAS.E	30/10/2026	20.31	17.92	13.34	0	0	0	0	0	0	0	0	0	28	0					
06/10/2026	O_BIMASE1026P440.00	BIMAS_10/2026_AVRUPA_OPSIYON	D_EQ	SSO	D_EQ_EPP	DE_BIMAS_EPP	BIMAS.E	30/10/2026	26.97	24.05	12.14	26.4	26.4	27.1	27.1	26.81	2112000	128680	48	5	7	-48					
06/10/2026	O_BIMASE1026P450.00	BIMAS_10/2026_AVRUPA_OPSIYON	D_EQ	SSO	D_EQ_EPP	DE_BIMAS_EPP	BIMAS.E	30/10/2026	34.6	31.16	11.04	0	0	0	0	0	0	0	0	0	20	0					
06/10/2026	O_BIMASE1026P460.00	BIMAS_10/2026_AVRUPA_OPSIYON	D_EQ	SSO	D_EQ_EPP	DE_BIMAS_EPP	BIMAS.E	30/10/2026	42.83	39.01	9.79	0	0	0	0	0	0	0	0	0	78	0					
06/10/2026	O_BIMASE1126C420.00	BIMAS_11/2026_AVRUPA_OPSIYON	D_EQ	SSO	D_EQ_ECP	DE_BIMAS_ECP	BIMAS.E	30/11/2026	28.46	31.63	-10.02	0	0	0	0	0	0	0	0	0	10	0					
06/10/2026	O_BIMASE1126C430.00	BIMAS_11/2026_AVRUPA_OPSIYON	D_EQ	SSO	D_EQ_ECP	DE_BIMAS_ECP	BIMAS.E	30/11/2026	23.4	26.24	-10.82	0	0	0	0	0	0	0	0	0	0	0					
06/10/2026	O_BIMASE1126C440.00	BIMAS_11/2026_AVRUPA_OPSIYON	D_EQ	SSO	D_EQ_ECP	DE_BIMAS_ECP	BIMAS.E	30/11/2026	19.12	21.6	-11.48	0	0	0	0	0	0	0	0	0	9	0					
06/10/2026	O_BIMASE1126C450.00	BIMAS_11/2026_AVRUPA_OPSIYON	D_EQ	SSO	D_EQ_ECP	DE_BIMAS_ECP	BIMAS.E	30/11/2026	15.51	17.63	-12.02	0	0	0	0	0	0	0	0	0	0	0					
06/10/2026	O_BIMASE1126C460.00	BIMAS_11/2026_AVRUPA_OPSIYON	D_EQ	SSO	D_EQ_ECP	DE_BIMAS_ECP	BIMAS.E	30/11/2026	12.78	14.4	-11.25	0	0	0	0	0	0	0	0	0	0	0					
06/10/2026	O_BIMASE1126C470.00	BIMAS_11/2026_AVRUPA_OPSIYON	D_EQ	SSO	D_EQ_ECP	DE_BIMAS_ECP	BIMAS.E	30/11/2026	10.52	11.8	-10.85	0	0	0	0	0	0	0	0	0	0	0					
06/10/2026	O_BIMASE1126C480.00	BIMAS_11/2026_AVRUPA_OPSIYON	D_EQ	SSO	D_EQ_ECP	DE_BIMAS_ECP	BIMAS.E	30/11/2026	8.66	9.65	-10.26	0	0	0	0	0	0	0	0	0	0	0					
06/10/2026	O_BIMASE1126C490.00	BIMAS_11/2026_AVRUPA_OPSIYON	D_EQ	SSO	D_EQ_ECP	DE_BIMAS_ECP	BIMAS.E	30/11/2026	7.14	7.88	-9.39	0	0	0	0	0	0	0	0	0	0	0					
06/10/2026	O_BIMASE1126C500.00	BIMAS_11/2026_AVRUPA_OPSIYON	D_EQ	SSO	D_EQ_ECP	DE_BIMAS_ECP	BIMAS.E	30/11/2026	5.91	6.43	-8.09	0	0	0	0	0	0	0	0	0	0	0					
06/10/2026	O_BIMASE1126C520.00	BIMAS_11/2026_AVRUPA_OPSIYON	D_EQ	SSO	D_EQ_ECP	DE_BIMAS_ECP	BIMAS.E	30/11/2026	4.07	4.29	-5.13	0	0	0	0	0	0	0	0	0	0	0					
06/10/2026	O_BIMASE1126C540.00	BIMAS_11/2026_AVRUPA_OPSIYON	D_EQ	SSO	D_EQ_ECP	DE_BIMAS_ECP	BIMAS.E	30/11/2026	2.86	2.88	-0.69	0	0	0	0	0	0	0	0	0	0	0					
06/10/2026	O_BIMASE1126C560.00	BIMAS_11/2026_AVRUPA_OPSIYON	D_EQ	SSO	D_EQ_ECP	DE_BIMAS_ECP	BIMAS.E	30/11/2026	2.04	1.96	4.08	0	0	0	0	0	0	0	0	0	0	0					
06/10/2026	O_BIMASE1126P370.00	BIMAS_11/2026_AVRUPA_OPSIYON	D_EQ	SSO	D_EQ_EPP	DE_BIMAS_EPP	BIMAS.E	30/11/2026	3.84	3.27	17.43	0	0	0	0	0	0	0	0	0	4	0					
06/10/2026	O_BIMASE1126P380.00	BIMAS_11/2026_AVRUPA_OPSIYON	D_EQ	SSO	D_EQ_EPP	DE_BIMAS_EPP	BIMAS.E	30/11/2026	5.24	4.56	14.91	0	0	0	0	0	0	0	0	0	0	0					
06/10/2026	O_BIMASE1126P390.00	BIMAS_11/2026_AVRUPA_OPSIYON	D_EQ	SSO	D_EQ_EPP	DE_BIMAS_EPP	BIMAS.E	30/11/2026	7.02	6.22	12.86	0	0	0	0	0	0	0	0	0	0	0					
06/10/2026	O_BIMASE1126P400.00	BIMAS_11/2026_AVRUPA_OPSIYON	D_EQ	SSO	D_EQ_EPP	DE_BIMAS_EPP	BIMAS.E	30/11/2026	9.26	8.33	11.16	0	0	0	0	0	0	0	0	0	0	0					
06/10/2026	O_BIMASE1126P410.00	BIMAS_11/2026_AVRUPA_OPSIYON	D_EQ	SSO	D_EQ_EPP	DE_BIMAS_EPP	BIMAS.E	30/11/2026	12.15	10.93	11.16	0	0	0	0	0	0	0	0	0	0	0					
06/10/2026	O_BIMASE1126P420.00	BIMAS_11/2026_AVRUPA_OPSIYON	D_EQ	SSO	D_EQ_EPP	DE_BIMAS_EPP	BIMAS.E	30/11/2026	15.84	14.34	10.46	0	0	0	0	0	0	0	0	0	0	0					
06/10/2026	O_BIMASE1126P430.00	BIMAS_11/2026_AVRUPA_OPSIYON	D_EQ	SSO	D_EQ_EPP	DE_BIMAS_EPP	BIMAS.E	30/11/2026	20.22	18.39	9.95	0	0	0	0	0	0	0	0	0	11	0					
06/10/2026	O_BIMASE1126P440.00	BIMAS_11/2026_AVRUPA_OPSIYON	D_EQ	SSO	D_EQ_EPP	DE_BIMAS_EPP	BIMAS.E	30/11/2026	25.39	23.19	9.49	0	0	0	0	0	0	0	0	0	10	0					
06/10/2026	O_BIMASE1126P450.00	BIMAS_11/2026_AVRUPA_OPSIYON	D_EQ	SSO	D_EQ_EPP	DE_BIMAS_EPP	BIMAS.E	30/11/2026	31.22	28.64	9.01	0	0	0	0	0	0	0	0	0	13	0					
06/10/2026	O_BIMASE1126P460.00	BIMAS_11/2026_AVRUPA_OPSIYON	D_EQ	SSO	D_EQ_EPP	DE_BIMAS_EPP	BIMAS.E	30/11/2026	37.93	34.85	8.84	39	39	39	39	39	460000	39000	10	1	33	10					
06/10/2026	O_BIMASE1126P470.00	BIMAS_11/2026_AVRUPA_OPSIYON	D_EQ	SSO	D_EQ_EPP	DE_BIMAS_EPP	BIMAS.E	30/11/2026	45.11	41.69	8.2	0	0	0	0	0	0	0	0	0	20	0					
06/10/2026	O_BIMASE1126P480.00	BIMAS_11/2026_AVRUPA_OPSIYON	D_EQ	SSO	D_EQ_EPP	DE_BIMAS_EPP	BIMAS.E	30/11/2026	52.7	48.97	7.62	0	0	0	0	0	0	0	0	0	0	0					
06/10/2026	O_BIMASE1226C430.00	BIMAS_12/2026_AVRUPA_OPSIYON	D_EQ	SSO	D_EQ_ECP	DE_BIMAS_ECP	BIMAS.E	31/12/2026	39.92	43.31	-7.83	0	0	0	0	0	0	0	0	0	0	0					
06/10/2026	O_BIMASE1226C440.00	BIMAS_12/2026_AVRUPA_OPSIYON	D_EQ	SSO	D_EQ_ECP	DE_BIMAS_ECP	BIMAS.E	31/12/2026	34.67	37.81	-8.3	0	0	0	0	0	0	0	0	0	0	0					
06/10/2026	O_BIMASE1226C450.00	BIMAS_12/2026_AVRUPA_OPSIYON	D_EQ	SSO	D_EQ_ECP	DE_BIMAS_ECP	BIMAS.E	31/12/2026	30.06	32.9	-8.63	0	0	0	0	0	0	0	0	0	0	0					
06/10/2026	O_BIMASE1226C460.00	BIMAS_12/2026_AVRUPA_OPSIYON	D_EQ	SSO	D_EQ_ECP	DE_BIMAS_ECP	BIMAS.E	31/12/2026	25.93	28.51	-9.05	0	0	0	0	0	0	0	0	0	0	0					
06/10/2026	O_BIMASE1226C470.00	BIMAS_12/2026_AVRUPA_OPSIYON	D_EQ	SSO	D_EQ_ECP	DE_BIMAS_ECP	BIMAS.E	31/12/2026	22.7	24.74	-8.25	0	0	0	0	0	0	0	0	0	0	0					
06/10/2026	O_BIMASE1226C480.00	BIMAS_12/2026_AVRUPA_OPSIYON	D_EQ	SSO	D_EQ_ECP	DE_BIMAS_ECP	BIMAS.E	31/12/2026	19.89	21.58	-7.83	0	0	0	0	0	0	0	0	0	0	0					
06/10/2026	O_BIMASE1226C490.00	BIMAS_12/2026_AVRUPA_OPSIYON	D_EQ	SSO	D_EQ_ECP	DE_BIMAS_ECP	BIMAS.E	31/12/2026	17.45	18.82	-7.28	0	0	0	0	0	0	0	0	0	0	0					
06/10/2026	O_BIMASE1226C500.00	BIMAS_12/2026_AVRUPA_OPSIYON	D_EQ	SSO	D_EQ_ECP	DE_BIMAS_ECP	BIMAS.E	31/12/2026	15.34	16.41	-6.52	0	0	0	0	0	0	0	0	0	0	0					
06/10/2026	O_BIMASE1226C520.00	BIMAS_12/2026_AVRUPA_OPSIYON	D_EQ	SSO	D_EQ_ECP	DE_BIMAS_ECP	BIMAS.E	31/12/2026	11.93	12.5	-4.56	0	0	0	0	0	0	0	0	0	0	0					
06/10/2026	O_BIMASE1226P380.00	BIMAS_12/2026_AVRUPA_OPSIYON	D_EQ	SSO	D_EQ_EPP	DE_BIMAS_EPP	BIMAS.E	31/12/2026	5.54	4.84	14.46	0	0	0	0	0	0	0	0	0	0	0					
06/10/2026	O_BIMASE1226P390.00	BIMAS_12/2026_AVRUPA_OPSIYON	D_EQ	SSO	D_EQ_EPP	DE_BIMAS_EPP	BIMAS.E	31/12/2026	6.98	6.21	12.4	0	0	0	0	0	0	0	0	0	0	0					
06/10/2026	O_BIMASE1226P400.00	BIMAS_12/2026_AVRUPA_OPSIYON	D_EQ	SSO	D_EQ_EPP	DE_BIMAS_EPP	BIMAS.E	31/12/2026	8.71	7.86	10.81	0	0	0	0	0	0	0	0	0	0	0					
06/10/2026	O_BIMASE1226P410.00	BIMAS_12/2026_AVRUPA_OPSIYON	D_EQ	SSO	D_EQ_EPP	DE_BIMAS_EPP	BIMAS.E	31/12/2026	10.75	9.84	9.25	0	0	0	0	0	0	0	0	0	0	0					
06/10/2026	O_BIMASE1226P420.00	BIMAS_12/2026_AVRUPA_OPSIYON	D_EQ	SSO	D_EQ_EPP	DE_BIMAS_EPP	BIMAS.E	31/12/2026	13.29	12.17	9.2	0	0	0	0	0	0	0	0	0	0	0					
06/10/2026	O_BIMASE1226P430.00	BIMAS_12/2026_AVRUPA_OPSIYON	D_EQ	SSO	D_EQ_EPP	DE_BIMAS_EPP	BIMAS.E	31/12/2026	16.51	15.15	8.98	0	0	0	0	0	0	0	0	0	0	0					
06/10/2026	O_BIMASE1226P440.00	BIMAS_12/2026_AVRUPA_OPSIYON	D_EQ	SSO	D_EQ_EPP	DE_BIMAS_EPP	BIMAS.E	31/12/2026	20.22	18.62	8.59	0	0	0	0	0	0	0	0	0	0	0					
06/10/2026	O_BIMASE1226P450.00	BIMAS_12/2026_AVRUPA_OPSIYON	D_EQ	SSO	D_EQ_EPP	DE_BIMAS_EPP	BIMAS.E	31/12/2026	24.59	22.67	8.47	0	0	0	0	0	0	0	0	0	0	0					
06/10/2026	O_BIMASE1226P460.00	BIMAS_12/2026_AVRUPA_OPSIYON	D_EQ	SSO	D_EQ_EPP	DE_BIMAS_EPP	BIMAS.E	31/12/2026	29.43	27.24	8.04	0	0	0	0	0	0	0	0	0	0	0					
06/10/2026	O_EKGYOE1026C18.50	EKGYO_10/2026_AVRUPA_OPSIYON	D_EQ	SSO	D_EQ_ECP	DE_EKGYO_ECP	EKGYO.E	30/10/2026	1.91	2.08	-8.17	0	0	0	0	0	0	0	0	0	313	0					
06/10/2026	O_EKGYOE1026C19.00	EKGYO_10/2026_AVRUPA_OPSIYON	D_EQ	SSO	D_EQ_ECP	DE_EKGYO_ECP	EKGYO.E	30/10/2026	1.53	1.69	-9.47	0	0	0	0	0	0	0	0	0	201	0					
06/10/2026	O_EKGYOE1026C19.50	EKGYO_10/2026_AVRUPA_OPSIYON	D_EQ	SSO	D_EQ_ECP	DE_EKGYO_ECP	EKGYO.E	30/10/2026	1.2	1.34	-10.45	1.08	1.08	1.08	1.08	1.08	475800	26352	244	1	1601	0					
06/10/2026	O_EKGYOE1026C20.00	EKGYO_10/2026_AVRUPA_OPSIYON	D_EQ	SSO	D_EQ_ECP	DE_EKGYO_ECP	EKGYO.E	30/10/2026	0.92	1.04	-11.54	0.82	0.82	0.82	0.82	0.82	190000	7790	95	1	1545	95					
06/10/2026	O_EKGYOE1026C20.50	EKGYO_10/2026_AVRUPA_OPSIYON	D_EQ	SSO	D_EQ_ECP	DE_EKGYO_ECP	EKGYO.E	30/10/2026	0.68	0.79	-13.92	0	0	0	0	0	0	0	0	0	4299	0					
06/10/2026	O_EKGYOE1026C21.00	EKGYO_10/2026_AVRUPA_OPSIYON	D_EQ	SSO	D_EQ_ECP	DE_EKGYO_ECP	EKGYO.E	30/10/2026	0.5	0.58	-13.79	0	0	0	0	0	0	0	0	0	20999	0					
06/10/2026	O_EKGYOE1026C21.50	EKGYO_10/2026_AVRUPA_OPSIYON	D_EQ	SSO	D_EQ_ECP	DE_EKGYO_ECP	EKGYO.E	30/10/2026	0.36	0.43	-16.28	0.26	0.26	0.28	0.28	0.27	6450000	81000	3000	16	12165	3000					
06/10/2026	O_EKGYOE1026C22.00	EKGYO_10/2026_AVRUPA_OPSIYON	D_EQ	SSO	D_EQ_ECP	DE_EKGYO_ECP	EKGYO.E	30/10/2026	0.26	0.32	-18.75	0	0	0	0	0	0	0	0	0	2082	0					
06/10/2026	O_EKGYOE1026C22.50	EKGYO_10/2026_AVRUPA_OPSIYON	D_EQ	SSO	D_EQ_ECP	DE_EKGYO_ECP	EKGYO.E	30/10/2026	0.19	0.23	-17.39	0	0	0	0	0	0	0	0	0	3000	0					
06/10/2026	O_EKGYOE1026C23.00	EKGYO_10/2026_AVRUPA_OPSIYON	D_EQ	SSO	D_EQ_ECP	DE_EKGYO_ECP	EKGYO.E	30/10/2026	0.14	0.17	-17.65	0	0	0	0	0	0	0	0	0	6000	0					
06/10/2026	O_EKGYOE1026C23.50	EKGYO_10/2026_AVRUPA_OPSIYON	D_EQ	SSO	D_EQ_ECP	DE_EKGYO_ECP	EKGYO.E	30/10/2026	0.1	0.12	-16.67	0	0	0	0	0	0	0	0	0	50	0					
06/10/2026	O_EKGYOE1026C24.00	EKGYO_10/2026_AVRUPA_OPSIYON	D_EQ	SSO	D_EQ_ECP	DE_EKGYO_ECP	EKGYO.E	30/10/2026	0.07	0.09	-22.22	0	0	0	0	0	0	0	0	0	0	0					
06/10/2026	O_EKGYOE1026C24.50	EKGYO_10/2026_AVRUPA_OPSIYON	D_EQ	SSO	D_EQ_ECP	DE_EKGYO_ECP	EKGYO.E	30/10/2026	0.05	0.06	-16.67	0	0	0	0	0	0	0	0	0	0	0					
06/10/2026	O_EKGYOE1026C25.00	EKGYO_10/2026_AVRUPA_OPSIYON	D_EQ	SSO	D_EQ_ECP	DE_EKGYO_ECP	EKGYO.E	30/10/2026	0.03	0.05	-40	0.06	0.04	0.06	0.04	0.05	1262500	2720	505	6	20850	500					
06/10/2026	O_EKGYOE1026C26.00	EKGYO_10/2026_AVRUPA_OPSIYON	D_EQ	SSO	D_EQ_ECP	DE_EKGYO_ECP	EKGYO.E	30/10/2026	0.02	0.02	0	0	0	0	0	0	0	0	0	0	9	0					
06/10/2026	O_EKGYOE1026C27.00	EKGYO_10/2026_AVRUPA_OPSIYON	D_EQ	SSO	D_EQ_ECP	DE_EKGYO_ECP	EKGYO.E	30/10/2026	0.01	0.01	0	0	0	0	0	0	0	0	0	0	100	0					
06/10/2026	O_EKGYOE1026C28.00	EKGYO_10/2026_AVRUPA_OPSIYON	D_EQ	SSO	D_EQ_ECP	DE_EKGYO_ECP	EKGYO.E	30/10/2026	0.01	0.01	0	0	0	0	0	0	0	0	0	0	0	0					
06/10/2026	O_EKGYOE1026P16.00	EKGYO_10/2026_AVRUPA_OPSIYON	D_EQ	SSO	D_EQ_EPP	DE_EKGYO_EPP	EKGYO.E	30/10/2026	0.01	0.01	0	0	0	0	0	0	0	0	0	0	101	0					
06/10/2026	O_EKGYOE1026P16.50	EKGYO_10/2026_AVRUPA_OPSIYON	D_EQ	SSO	D_EQ_EPP	DE_EKGYO_EPP	EKGYO.E	30/10/2026	0.03	0.02	50	0	0	0	0	0	0	0	0	0	4096	0					
06/10/2026	O_EKGYOE1026P17.00	EKGYO_10/2026_AVRUPA_OPSIYON	D_EQ	SSO	D_EQ_EPP	DE_EKGYO_EPP	EKGYO.E	30/10/2026	0.05	0.04	25	0	0	0	0	0	0	0	0	0	6227	0					
06/10/2026	O_EKGYOE1026P17.50	EKGYO_10/2026_AVRUPA_OPSIYON	D_EQ	SSO	D_EQ_EPP	DE_EKGYO_EPP	EKGYO.E	30/10/2026	0.08	0.07	14.29	0	0	0	0	0	0	0	0	0	113722	0					
06/10/2026	O_EKGYOE1026P18.00	EKGYO_10/2026_AVRUPA_OPSIYON	D_EQ	SSO	D_EQ_EPP	DE_EKGYO_EPP	EKGYO.E	30/10/2026	0.13	0.12	8.33	0	0	0	0	0	0	0	0	0	7274	0					
06/10/2026	O_EKGYOE1026P18.50	EKGYO_10/2026_AVRUPA_OPSIYON	D_EQ	SSO	D_EQ_EPP	DE_EKGYO_EPP	EKGYO.E	30/10/2026	0.21	0.19	10.53	0	0	0	0	0	0	0	0	0	9787	0					
06/10/2026	O_EKGYOE1026P19.00	EKGYO_10/2026_AVRUPA_OPSIYON	D_EQ	SSO	D_EQ_EPP	DE_EKGYO_EPP	EKGYO.E	30/10/2026	0.32	0.29	10.34	0	0	0	0	0	0	0	0	0	3735	0					
06/10/2026	O_EKGYOE1026P19.50	EKGYO_10/2026_AVRUPA_OPSIYON	D_EQ	SSO	D_EQ_EPP	DE_EKGYO_EPP	EKGYO.E	30/10/2026	0.47	0.43	9.3	0	0	0	0	0	0	0	0	0	300	0					
06/10/2026	O_EKGYOE1026P20.00	EKGYO_10/2026_AVRUPA_OPSIYON	D_EQ	SSO	D_EQ_EPP	DE_EKGYO_EPP	EKGYO.E	30/10/2026	0.67	0.61	9.84	0.68	0.68	0.68	0.68	0.68	800000	27200	400	1	15500	0					
06/10/2026	O_EKGYOE1026P20.50	EKGYO_10/2026_AVRUPA_OPSIYON	D_EQ	SSO	D_EQ_EPP	DE_EKGYO_EPP	EKGYO.E	30/10/2026	0.93	0.85	9.41	0	0	0	0	0	0	0	0	0	300	0					
06/10/2026	O_EKGYOE1026P21.00	EKGYO_10/2026_AVRUPA_OPSIYON	D_EQ	SSO	D_EQ_EPP	DE_EKGYO_EPP	EKGYO.E	30/10/2026	1.23	1.13	8.85	0	0	0	0	0	0	0	0	0	2271	0					
06/10/2026	O_EKGYOE1026P21.50	EKGYO_10/2026_AVRUPA_OPSIYON	D_EQ	SSO	D_EQ_EPP	DE_EKGYO_EPP	EKGYO.E	30/10/2026	1.58	1.47	7.48	0	0	0	0	0	0	0	0	0	0	0					
06/10/2026	O_EKGYOE1026P22.00	EKGYO_10/2026_AVRUPA_OPSIYON	D_EQ	SSO	D_EQ_EPP	DE_EKGYO_EPP	EKGYO.E	30/10/2026	1.97	1.84	7.07	0	0	0	0	0	0	0	0	0	1118	0					
06/10/2026	O_EKGYOE1026P22.50	EKGYO_10/2026_AVRUPA_OPSIYON	D_EQ	SSO	D_EQ_EPP	DE_EKGYO_EPP	EKGYO.E	30/10/2026	2.38	2.24	6.25	0	0	0	0	0	0	0	0	0	0	0					
06/10/2026	O_EKGYOE1026P23.00	EKGYO_10/2026_AVRUPA_OPSIYON	D_EQ	SSO	D_EQ_EPP	DE_EKGYO_EPP	EKGYO.E	30/10/2026	2.82	2.67	5.62	0	0	0	0	0	0	0	0	0	150	0					
06/10/2026	O_EKGYOE1026P24.00	EKGYO_10/2026_AVRUPA_OPSIYON	D_EQ	SSO	D_EQ_EPP	DE_EKGYO_EPP	EKGYO.E	30/10/2026	3.73	3.56	4.78	0	0	0	0	0	0	0	0	0	4780	0					
06/10/2026	O_EKGYOE1126C19.00	EKGYO_11/2026_AVRUPA_OPSIYON	D_EQ	SSO	D_EQ_ECP	DE_EKGYO_ECP	EKGYO.E	30/11/2026	2.3	2.44	-5.74	0	0	0	0	0	0	0	0	0	2	0					
06/10/2026	O_EKGYOE1126C19.50	EKGYO_11/2026_AVRUPA_OPSIYON	D_EQ	SSO	D_EQ_ECP	DE_EKGYO_ECP	EKGYO.E	30/11/2026	1.96	2.1	-6.67	0	0	0	0	0	0	0	0	0	0	0					
06/10/2026	O_EKGYOE1126C20.00	EKGYO_11/2026_AVRUPA_OPSIYON	D_EQ	SSO	D_EQ_ECP	DE_EKGYO_ECP	EKGYO.E	30/11/2026	1.66	1.79	-7.26	0	0	0	0	0	0	0	0	0	0	0					
06/10/2026	O_EKGYOE1126C20.50	EKGYO_11/2026_AVRUPA_OPSIYON	D_EQ	SSO	D_EQ_ECP	DE_EKGYO_ECP	EKGYO.E	30/11/2026	1.39	1.51	-7.95	0	0	0	0	0	0	0	0	0	0	0					
06/10/2026	O_EKGYOE1126C21.00	EKGYO_11/2026_AVRUPA_OPSIYON	D_EQ	SSO	D_EQ_ECP	DE_EKGYO_ECP	EKGYO.E	30/11/2026	1.17	1.27	-7.87	0	0	0	0	0	0	0	0	0	0	0					
06/10/2026	O_EKGYOE1126C21.50	EKGYO_11/2026_AVRUPA_OPSIYON	D_EQ	SSO	D_EQ_ECP	DE_EKGYO_ECP	EKGYO.E	30/11/2026	0.97	1.06	-8.49	0	0	0	0	0	0	0	0	0	0	0					
06/10/2026	O_EKGYOE1126C22.00	EKGYO_11/2026_AVRUPA_OPSIYON	D_EQ	SSO	D_EQ_ECP	DE_EKGYO_ECP	EKGYO.E	30/11/2026	0.81	0.88	-7.95	0	0	0	0	0	0	0	0	0	0	0					
06/10/2026	O_EKGYOE1126C22.50	EKGYO_11/2026_AVRUPA_OPSIYON	D_EQ	SSO	D_EQ_ECP	DE_EKGYO_ECP	EKGYO.E	30/11/2026	0.68	0.75	-9.33	0	0	0	0	0	0	0	0	0	0	0					
06/10/2026	O_EKGYOE1126C23.00	EKGYO_11/2026_AVRUPA_OPSIYON	D_EQ	SSO	D_EQ_ECP	DE_EKGYO_ECP	EKGYO.E	30/11/2026	0.57	0.63	-9.52	0	0	0	0	0	0	0	0	0	0	0					
06/10/2026	O_EKGYOE1126C23.50	EKGYO_11/2026_AVRUPA_OPSIYON	D_EQ	SSO	D_EQ_ECP	DE_EKGYO_ECP	EKGYO.E	30/11/2026	0.48	0.53	-9.43	0	0	0	0	0	0	0	0	0	0	0					
06/10/2026	O_EKGYOE1126C24.00	EKGYO_11/2026_AVRUPA_OPSIYON	D_EQ	SSO	D_EQ_ECP	DE_EKGYO_ECP	EKGYO.E	30/11/2026	0.4	0.45	-11.11	0	0	0	0	0	0	0	0	0	0	0					
06/10/2026	O_EKGYOE1126C24.50	EKGYO_11/2026_AVRUPA_OPSIYON	D_EQ	SSO	D_EQ_ECP	DE_EKGYO_ECP	EKGYO.E	30/11/2026	0.34	0.38	-10.53	0	0	0	0	0	0	0	0	0	0	0					
06/10/2026	O_EKGYOE1126C25.00	EKGYO_11/2026_AVRUPA_OPSIYON	D_EQ	SSO	D_EQ_ECP	DE_EKGYO_ECP	EKGYO.E	30/11/2026	0.29	0.32	-9.38	0	0	0	0	0	0	0	0	0	22	0					
06/10/2026	O_EKGYOE1126C26.00	EKGYO_11/2026_AVRUPA_OPSIYON	D_EQ	SSO	D_EQ_ECP	DE_EKGYO_ECP	EKGYO.E	30/11/2026	0.21	0.23	-8.7	0.14	0.12	0.14	0.14	0.14	15600	81	6	6	6	6					
06/10/2026	O_EKGYOE1126C27.00	EKGYO_11/2026_AVRUPA_OPSIYON	D_EQ	SSO	D_EQ_ECP	DE_EKGYO_ECP	EKGYO.E	30/11/2026	0.15	0.17	-11.76	0	0	0	0	0	0	0	0	0	0	0					
06/10/2026	O_EKGYOE1126C28.00	EKGYO_11/2026_AVRUPA_OPSIYON	D_EQ	SSO	D_EQ_ECP	DE_EKGYO_ECP	EKGYO.E	30/11/2026	0.11	0.13	-15.38	0	0	0	0	0	0	0	0	0	0	0					
06/10/2026	O_EKGYOE1126C29.00	EKGYO_11/2026_AVRUPA_OPSIYON	D_EQ	SSO	D_EQ_ECP	DE_EKGYO_ECP	EKGYO.E	30/11/2026	0.09	0.1	-10	0	0	0	0	0	0	0	0	0	0	0					
06/10/2026	O_EKGYOE1126P16.50	EKGYO_11/2026_AVRUPA_OPSIYON	D_EQ	SSO	D_EQ_EPP	DE_EKGYO_EPP	EKGYO.E	30/11/2026	0.11	0.11	0	0	0	0	0	0	0	0	0	0	309	0					
06/10/2026	O_EKGYOE1126P17.00	EKGYO_11/2026_AVRUPA_OPSIYON	D_EQ	SSO	D_EQ_EPP	DE_EKGYO_EPP	EKGYO.E	30/11/2026	0.16	0.15	6.67	0	0	0	0	0	0	0	0	0	2515	0					
06/10/2026	O_EKGYOE1126P18.00	EKGYO_11/2026_AVRUPA_OPSIYON	D_EQ	SSO	D_EQ_EPP	DE_EKGYO_EPP	EKGYO.E	30/11/2026	0.29	0.27	7.41	0	0	0	0	0	0	0	0	0	293	0					
06/10/2026	O_EKGYOE1126P18.50	EKGYO_11/2026_AVRUPA_OPSIYON	D_EQ	SSO	D_EQ_EPP	DE_EKGYO_EPP	EKGYO.E	30/11/2026	0.38	0.35	8.57	0	0	0	0	0	0	0	0	0	0	0					
06/10/2026	O_EKGYOE1126P19.00	EKGYO_11/2026_AVRUPA_OPSIYON	D_EQ	SSO	D_EQ_EPP	DE_EKGYO_EPP	EKGYO.E	30/11/2026	0.49	0.46	6.52	0	0	0	0	0	0	0	0	0	0	0					
06/10/2026	O_EKGYOE1126P19.50	EKGYO_11/2026_AVRUPA_OPSIYON	D_EQ	SSO	D_EQ_EPP	DE_EKGYO_EPP	EKGYO.E	30/11/2026	0.62	0.59	5.08	0	0	0	0	0	0	0	0	0	0	0					
06/10/2026	O_EKGYOE1126P20.00	EKGYO_11/2026_AVRUPA_OPSIYON	D_EQ	SSO	D_EQ_EPP	DE_EKGYO_EPP	EKGYO.E	30/11/2026	0.8	0.74	8.11	0	0	0	0	0	0	0	0	0	0	0					
06/10/2026	O_EKGYOE1126P20.50	EKGYO_11/2026_AVRUPA_OPSIYON	D_EQ	SSO	D_EQ_EPP	DE_EKGYO_EPP	EKGYO.E	30/11/2026	1	0.94	6.38	0	0	0	0	0	0	0	0	0	15000	0					
06/10/2026	O_EKGYOE1126P21.00	EKGYO_11/2026_AVRUPA_OPSIYON	D_EQ	SSO	D_EQ_EPP	DE_EKGYO_EPP	EKGYO.E	30/11/2026	1.25	1.17	6.84	0	0	0	0	0	0	0	0	0	0	0					
06/10/2026	O_EKGYOE1126P21.50	EKGYO_11/2026_AVRUPA_OPSIYON	D_EQ	SSO	D_EQ_EPP	DE_EKGYO_EPP	EKGYO.E	30/11/2026	1.52	1.43	6.29	0	0	0	0	0	0	0	0	0	0	0					
06/10/2026	O_EKGYOE1126P22.00	EKGYO_11/2026_AVRUPA_OPSIYON	D_EQ	SSO	D_EQ_EPP	DE_EKGYO_EPP	EKGYO.E	30/11/2026	1.83	1.73	5.78	0	0	0	0	0	0	0	0	0	0	0					
06/10/2026	O_EKGYOE1126P22.50	EKGYO_11/2026_AVRUPA_OPSIYON	D_EQ	SSO	D_EQ_EPP	DE_EKGYO_EPP	EKGYO.E	30/11/2026	2.18	2.06	5.83	0	0	0	0	0	0	0	0	0	0	0					
06/10/2026	O_EKGYOE1126P23.00	EKGYO_11/2026_AVRUPA_OPSIYON	D_EQ	SSO	D_EQ_EPP	DE_EKGYO_EPP	EKGYO.E	30/11/2026	2.54	2.42	4.96	0	0	0	0	0	0	0	0	0	0	0					
06/10/2026	O_EKGYOE1126P23.50	EKGYO_11/2026_AVRUPA_OPSIYON	D_EQ	SSO	D_EQ_EPP	DE_EKGYO_EPP	EKGYO.E	30/11/2026	2.92	2.79	4.66	0	0	0	0	0	0	0	0	0	0	0					
06/10/2026	O_EKGYOE1126P24.00	EKGYO_11/2026_AVRUPA_OPSIYON	D_EQ	SSO	D_EQ_EPP	DE_EKGYO_EPP	EKGYO.E	30/11/2026	3.32	3.18	4.4	0	0	0	0	0	0	0	0	0	0	0					
06/10/2026	O_EKGYOE1126P24.50	EKGYO_11/2026_AVRUPA_OPSIYON	D_EQ	SSO	D_EQ_EPP	DE_EKGYO_EPP	EKGYO.E	30/11/2026	3.73	3.58	4.19	0	0	0	0	0	0	0	0	0	0	0					
06/10/2026	O_EKGYOE1226C19.50	EKGYO_12/2026_AVRUPA_OPSIYON	D_EQ	SSO	D_EQ_ECP	DE_EKGYO_ECP	EKGYO.E	31/12/2026	2.85	3	-5	0	0	0	0	0	0	0	0	0	0	0					
06/10/2026	O_EKGYOE1226C20.00	EKGYO_12/2026_AVRUPA_OPSIYON	D_EQ	SSO	D_EQ_ECP	DE_EKGYO_ECP	EKGYO.E	31/12/2026	2.52	2.67	-5.62	0	0	0	0	0	0	0	0	0	0	0					
06/10/2026	O_EKGYOE1226C20.50	EKGYO_12/2026_AVRUPA_OPSIYON	D_EQ	SSO	D_EQ_ECP	DE_EKGYO_ECP	EKGYO.E	31/12/2026	2.23	2.36	-5.51	0	0	0	0	0	0	0	0	0	0	0					
06/10/2026	O_EKGYOE1226C21.00	EKGYO_12/2026_AVRUPA_OPSIYON	D_EQ	SSO	D_EQ_ECP	DE_EKGYO_ECP	EKGYO.E	31/12/2026	1.96	2.09	-6.22	0	0	0	0	0	0	0	0	0	0	0					
06/10/2026	O_EKGYOE1226C21.50	EKGYO_12/2026_AVRUPA_OPSIYON	D_EQ	SSO	D_EQ_ECP	DE_EKGYO_ECP	EKGYO.E	31/12/2026	1.73	1.84	-5.98	0	0	0	0	0	0	0	0	0	0	0					
06/10/2026	O_EKGYOE1226C22.00	EKGYO_12/2026_AVRUPA_OPSIYON	D_EQ	SSO	D_EQ_ECP	DE_EKGYO_ECP	EKGYO.E	31/12/2026	1.51	1.62	-6.79	0	0	0	0	0	0	0	0	0	0	0					
06/10/2026	O_EKGYOE1226C22.50	EKGYO_12/2026_AVRUPA_OPSIYON	D_EQ	SSO	D_EQ_ECP	DE_EKGYO_ECP	EKGYO.E	31/12/2026	1.33	1.42	-6.34	0	0	0	0	0	0	0	0	0	0	0					
06/10/2026	O_EKGYOE1226C23.00	EKGYO_12/2026_AVRUPA_OPSIYON	D_EQ	SSO	D_EQ_ECP	DE_EKGYO_ECP	EKGYO.E	31/12/2026	1.18	1.26	-6.35	0	0	0	0	0	0	0	0	0	0	0					
06/10/2026	O_EKGYOE1226C23.50	EKGYO_12/2026_AVRUPA_OPSIYON	D_EQ	SSO	D_EQ_ECP	DE_EKGYO_ECP	EKGYO.E	31/12/2026	1.05	1.12	-6.25	0	0	0	0	0	0	0	0	0	0	0					
06/10/2026	O_EKGYOE1226C24.00	EKGYO_12/2026_AVRUPA_OPSIYON	D_EQ	SSO	D_EQ_ECP	DE_EKGYO_ECP	EKGYO.E	31/12/2026	0.93		0	0	0	0	0	0	0	0	0	0	0	0					
06/10/2026	O_EKGYOE1226C24.50	EKGYO_12/2026_AVRUPA_OPSIYON	D_EQ	SSO	D_EQ_ECP	DE_EKGYO_ECP	EKGYO.E	31/12/2026	0.83		0	0	0	0	0	0	0	0	0	0	0	0					
06/10/2026	O_EKGYOE1226P17.00	EKGYO_12/2026_AVRUPA_OPSIYON	D_EQ	SSO	D_EQ_EPP	DE_EKGYO_EPP	EKGYO.E	31/12/2026	0.2	0.19	5.26	0	0	0	0	0	0	0	0	0	0	0					
06/10/2026	O_EKGYOE1226P17.50	EKGYO_12/2026_AVRUPA_OPSIYON	D_EQ	SSO	D_EQ_EPP	DE_EKGYO_EPP	EKGYO.E	31/12/2026	0.26	0.24	8.33	0	0	0	0	0	0	0	0	0	25000	0					
06/10/2026	O_EKGYOE1226P18.00	EKGYO_12/2026_AVRUPA_OPSIYON	D_EQ	SSO	D_EQ_EPP	DE_EKGYO_EPP	EKGYO.E	31/12/2026	0.32	0.3	6.67	0	0	0	0	0	0	0	0	0	0	0					
06/10/2026	O_EKGYOE1226P18.50	EKGYO_12/2026_AVRUPA_OPSIYON	D_EQ	SSO	D_EQ_EPP	DE_EKGYO_EPP	EKGYO.E	31/12/2026	0.4	0.38	5.26	0	0	0	0	0	0	0	0	0	0	0					
06/10/2026	O_EKGYOE1226P19.00	EKGYO_12/2026_AVRUPA_OPSIYON	D_EQ	SSO	D_EQ_EPP	DE_EKGYO_EPP	EKGYO.E	31/12/2026	0.49	0.46	6.52	0	0	0	0	0	0	0	0	0	0	0					
06/10/2026	O_EKGYOE1226P19.50	EKGYO_12/2026_AVRUPA_OPSIYON	D_EQ	SSO	D_EQ_EPP	DE_EKGYO_EPP	EKGYO.E	31/12/2026	0.6	0.57	5.26	0	0	0	0	0	0	0	0	0	0	0					
06/10/2026	O_EKGYOE1226P20.00	EKGYO_12/2026_AVRUPA_OPSIYON	D_EQ	SSO	D_EQ_EPP	DE_EKGYO_EPP	EKGYO.E	31/12/2026	0.72	0.68	5.88	0	0	0	0	0	0	0	0	0	0	0					
06/10/2026	O_EKGYOE1226P20.50	EKGYO_12/2026_AVRUPA_OPSIYON	D_EQ	SSO	D_EQ_EPP	DE_EKGYO_EPP	EKGYO.E	31/12/2026	0.88	0.83	6.02	0	0	0	0	0	0	0	0	0	0	0					
06/10/2026	O_EKGYOE1226P21.00	EKGYO_12/2026_AVRUPA_OPSIYON	D_EQ	SSO	D_EQ_EPP	DE_EKGYO_EPP	EKGYO.E	31/12/2026	1.06	1	6	0	0	0	0	0	0	0	0	0	0	0					
06/10/2026	O_EKGYOE1226P21.50	EKGYO_12/2026_AVRUPA_OPSIYON	D_EQ	SSO	D_EQ_EPP	DE_EKGYO_EPP	EKGYO.E	31/12/2026	1.27		0	0	0	0	0	0	0	0	0	0	0	0					
06/10/2026	O_EKGYOE1226P22.00	EKGYO_12/2026_AVRUPA_OPSIYON	D_EQ	SSO	D_EQ_EPP	DE_EKGYO_EPP	EKGYO.E	31/12/2026	1.5		0	0	0	0	0	0	0	0	0	0	0	0					
06/10/2026	O_ENKAIE1026C100.00	ENKAI_10/2026_AVRUPA_OPSIYON	D_EQ	SSO	D_EQ_ECP	DE_ENKAI_ECP	ENKAI.E	30/10/2026	0.27	0.47	-42.55	0	0	0	0	0	0	0	0	0	176	0					
06/10/2026	O_ENKAIE1026C105.00	ENKAI_10/2026_AVRUPA_OPSIYON	D_EQ	SSO	D_EQ_ECP	DE_ENKAI_ECP	ENKAI.E	30/10/2026	0.12	0.21	-42.86	0	0	0	0	0	0	0	0	0	0	0					
06/10/2026	O_ENKAIE1026C110.00	ENKAI_10/2026_AVRUPA_OPSIYON	D_EQ	SSO	D_EQ_ECP	DE_ENKAI_ECP	ENKAI.E	30/10/2026	0.05	0.09	-44.44	0	0	0	0	0	0	0	0	0	110	0					
06/10/2026	O_ENKAIE1026C115.00	ENKAI_10/2026_AVRUPA_OPSIYON	D_EQ	SSO	D_EQ_ECP	DE_ENKAI_ECP	ENKAI.E	30/10/2026	0.02	0.04	-50	0	0	0	0	0	0	0	0	0	107	0					
06/10/2026	O_ENKAIE1026C120.00	ENKAI_10/2026_AVRUPA_OPSIYON	D_EQ	SSO	D_EQ_ECP	DE_ENKAI_ECP	ENKAI.E	30/10/2026	0.01	0.02	-50	0	0	0	0	0	0	0	0	0	0	0					
06/10/2026	O_ENKAIE1026C82.00	ENKAI_10/2026_AVRUPA_OPSIYON	D_EQ	SSO	D_EQ_ECP	DE_ENKAI_ECP	ENKAI.E	30/10/2026	4.73	6.39	-25.98	0	0	0	0	0	0	0	0	0	40	0					
06/10/2026	O_ENKAIE1026C84.00	ENKAI_10/2026_AVRUPA_OPSIYON	D_EQ	SSO	D_EQ_ECP	DE_ENKAI_ECP	ENKAI.E	30/10/2026	3.62	5.09	-28.88	0	0	0	0	0	0	0	0	0	180	0					
06/10/2026	O_ENKAIE1026C86.00	ENKAI_10/2026_AVRUPA_OPSIYON	D_EQ	SSO	D_EQ_ECP	DE_ENKAI_ECP	ENKAI.E	30/10/2026	2.71	3.96	-31.57	0	0	0	0	0	0	0	0	0	101	0					
06/10/2026	O_ENKAIE1026C88.00	ENKAI_10/2026_AVRUPA_OPSIYON	D_EQ	SSO	D_EQ_ECP	DE_ENKAI_ECP	ENKAI.E	30/10/2026	1.99	3.02	-34.11	0	0	0	0	0	0	0	0	0	2	0					
06/10/2026	O_ENKAIE1026C90.00	ENKAI_10/2026_AVRUPA_OPSIYON	D_EQ	SSO	D_EQ_ECP	DE_ENKAI_ECP	ENKAI.E	30/10/2026	1.45	2.26	-35.84	0	0	0	0	0	0	0	0	0	151	0					
06/10/2026	O_ENKAIE1026C92.00	ENKAI_10/2026_AVRUPA_OPSIYON	D_EQ	SSO	D_EQ_ECP	DE_ENKAI_ECP	ENKAI.E	30/10/2026	1.05	1.67	-37.13	0	0	0	0	0	0	0	0	0	143	0					
06/10/2026	O_ENKAIE1026C94.00	ENKAI_10/2026_AVRUPA_OPSIYON	D_EQ	SSO	D_EQ_ECP	DE_ENKAI_ECP	ENKAI.E	30/10/2026	0.76	1.23	-38.21	0	0	0	0	0	0	0	0	0	0	0					
06/10/2026	O_ENKAIE1026C96.00	ENKAI_10/2026_AVRUPA_OPSIYON	D_EQ	SSO	D_EQ_ECP	DE_ENKAI_ECP	ENKAI.E	30/10/2026	0.54	0.9	-40	0	0	0	0	0	0	0	0	0	0	0					
06/10/2026	O_ENKAIE1026C98.00	ENKAI_10/2026_AVRUPA_OPSIYON	D_EQ	SSO	D_EQ_ECP	DE_ENKAI_ECP	ENKAI.E	30/10/2026	0.38	0.66	-42.42	0.12	0.12	0.12	0.12	0.12	1421000	1740	145	2	321	145					
06/10/2026	O_ENKAIE1026P72.00	ENKAI_10/2026_AVRUPA_OPSIYON	D_EQ	SSO	D_EQ_EPP	DE_ENKAI_EPP	ENKAI.E	30/10/2026	0.22	0.14	57.14	0	0	0	0	0	0	0	0	0	0	0					
06/10/2026	O_ENKAIE1026P74.00	ENKAI_10/2026_AVRUPA_OPSIYON	D_EQ	SSO	D_EQ_EPP	DE_ENKAI_EPP	ENKAI.E	30/10/2026	0.37	0.24	54.17	0	0	0	0	0	0	0	0	0	14	0					
06/10/2026	O_ENKAIE1026P76.00	ENKAI_10/2026_AVRUPA_OPSIYON	D_EQ	SSO	D_EQ_EPP	DE_ENKAI_EPP	ENKAI.E	30/10/2026	0.6	0.4	50	0	0	0	0	0	0	0	0	0	323	0					
06/10/2026	O_ENKAIE1026P78.00	ENKAI_10/2026_AVRUPA_OPSIYON	D_EQ	SSO	D_EQ_EPP	DE_ENKAI_EPP	ENKAI.E	30/10/2026	0.93	0.64	45.31	0.84	0.84	0.84	0.84	0.84	7800000	84000	1000	10	1516	1000					
06/10/2026	O_ENKAIE1026P80.00	ENKAI_10/2026_AVRUPA_OPSIYON	D_EQ	SSO	D_EQ_EPP	DE_ENKAI_EPP	ENKAI.E	30/10/2026	1.39	0.97	43.3	0	0	0	0	0	0	0	0	0	3367	0					
06/10/2026	O_ENKAIE1026P82.00	ENKAI_10/2026_AVRUPA_OPSIYON	D_EQ	SSO	D_EQ_EPP	DE_ENKAI_EPP	ENKAI.E	30/10/2026	2.05	1.43	43.36	2	2	2	2	2	418200	10200	51	2	51	51					
06/10/2026	O_ENKAIE1026P84.00	ENKAI_10/2026_AVRUPA_OPSIYON	D_EQ	SSO	D_EQ_EPP	DE_ENKAI_EPP	ENKAI.E	30/10/2026	2.89	2.08	38.94	0	0	0	0	0	0	0	0	0	344	0					
06/10/2026	O_ENKAIE1026P86.00	ENKAI_10/2026_AVRUPA_OPSIYON	D_EQ	SSO	D_EQ_EPP	DE_ENKAI_EPP	ENKAI.E	30/10/2026	3.94	2.9	35.86	0	0	0	0	0	0	0	0	0	110	0					
06/10/2026	O_ENKAIE1026P88.00	ENKAI_10/2026_AVRUPA_OPSIYON	D_EQ	SSO	D_EQ_EPP	DE_ENKAI_EPP	ENKAI.E	30/10/2026	5.16	3.91	31.97	0	0	0	0	0	0	0	0	0	0	0					
06/10/2026	O_ENKAIE1026P90.00	ENKAI_10/2026_AVRUPA_OPSIYON	D_EQ	SSO	D_EQ_EPP	DE_ENKAI_EPP	ENKAI.E	30/10/2026	6.58	5.09	29.27	0	0	0	0	0	0	0	0	0	0	0					
06/10/2026	O_ENKAIE1026P92.00	ENKAI_10/2026_AVRUPA_OPSIYON	D_EQ	SSO	D_EQ_EPP	DE_ENKAI_EPP	ENKAI.E	30/10/2026	8.13	6.46	25.85	0	0	0	0	0	0	0	0	0	0	0					
06/10/2026	O_ENKAIE1026P94.00	ENKAI_10/2026_AVRUPA_OPSIYON	D_EQ	SSO	D_EQ_EPP	DE_ENKAI_EPP	ENKAI.E	30/10/2026	9.79	7.97	22.84	0	0	0	0	0	0	0	0	0	0	0					
06/10/2026	O_ENKAIE1026P96.00	ENKAI_10/2026_AVRUPA_OPSIYON	D_EQ	SSO	D_EQ_EPP	DE_ENKAI_EPP	ENKAI.E	30/10/2026	11.52	9.59	20.13	0	0	0	0	0	0	0	0	0	1	0					
06/10/2026	O_ENKAIE1026P98.00	ENKAI_10/2026_AVRUPA_OPSIYON	D_EQ	SSO	D_EQ_EPP	DE_ENKAI_EPP	ENKAI.E	30/10/2026	13.32	11.29	17.98	0	0	0	0	0	0	0	0	0	0	0					
06/10/2026	O_ENKAIE1126C100.00	ENKAI_11/2026_AVRUPA_OPSIYON	D_EQ	SSO	D_EQ_ECP	DE_ENKAI_ECP	ENKAI.E	30/11/2026	1.64	2.17	-24.42	0	0	0	0	0	0	0	0	0	0	0					
06/10/2026	O_ENKAIE1126C105.00	ENKAI_11/2026_AVRUPA_OPSIYON	D_EQ	SSO	D_EQ_ECP	DE_ENKAI_ECP	ENKAI.E	30/11/2026	1.07	1.42	-24.65	0	0	0	0	0	0	0	0	0	0	0					
06/10/2026	O_ENKAIE1126C110.00	ENKAI_11/2026_AVRUPA_OPSIYON	D_EQ	SSO	D_EQ_ECP	DE_ENKAI_ECP	ENKAI.E	30/11/2026	0.71	0.93	-23.66	0	0	0	0	0	0	0	0	0	0	0					
06/10/2026	O_ENKAIE1126C115.00	ENKAI_11/2026_AVRUPA_OPSIYON	D_EQ	SSO	D_EQ_ECP	DE_ENKAI_ECP	ENKAI.E	30/11/2026	0.48	0.62	-22.58	0	0	0	0	0	0	0	0	0	0	0					
06/10/2026	O_ENKAIE1126C120.00	ENKAI_11/2026_AVRUPA_OPSIYON	D_EQ	SSO	D_EQ_ECP	DE_ENKAI_ECP	ENKAI.E	30/11/2026	0.33	0.42	-21.43	0	0	0	0	0	0	0	0	0	0	0					
06/10/2026	O_ENKAIE1126C125.00	ENKAI_11/2026_AVRUPA_OPSIYON	D_EQ	SSO	D_EQ_ECP	DE_ENKAI_ECP	ENKAI.E	30/11/2026	0.23	0.29	-20.69	0	0	0	0	0	0	0	0	0	0	0					
06/10/2026	O_ENKAIE1126C86.00	ENKAI_11/2026_AVRUPA_OPSIYON	D_EQ	SSO	D_EQ_ECP	DE_ENKAI_ECP	ENKAI.E	30/11/2026	5.63	7.1	-20.7	0	0	0	0	0	0	0	0	0	1	0					
06/10/2026	O_ENKAIE1126C88.00	ENKAI_11/2026_AVRUPA_OPSIYON	D_EQ	SSO	D_EQ_ECP	DE_ENKAI_ECP	ENKAI.E	30/11/2026	4.73	6.03	-21.56	0	0	0	0	0	0	0	0	0	0	0					
06/10/2026	O_ENKAIE1126C90.00	ENKAI_11/2026_AVRUPA_OPSIYON	D_EQ	SSO	D_EQ_ECP	DE_ENKAI_ECP	ENKAI.E	30/11/2026	3.94	5.1	-22.75	0	0	0	0	0	0	0	0	0	0	0					
06/10/2026	O_ENKAIE1126C92.00	ENKAI_11/2026_AVRUPA_OPSIYON	D_EQ	SSO	D_EQ_ECP	DE_ENKAI_ECP	ENKAI.E	30/11/2026	3.3	4.28	-22.9	0	0	0	0	0	0	0	0	0	0	0					
06/10/2026	O_ENKAIE1126C94.00	ENKAI_11/2026_AVRUPA_OPSIYON	D_EQ	SSO	D_EQ_ECP	DE_ENKAI_ECP	ENKAI.E	30/11/2026	2.77	3.6	-23.06	0	0	0	0	0	0	0	0	0	0	0					
06/10/2026	O_ENKAIE1126C96.00	ENKAI_11/2026_AVRUPA_OPSIYON	D_EQ	SSO	D_EQ_ECP	DE_ENKAI_ECP	ENKAI.E	30/11/2026	2.33	3.04	-23.36	0	0	0	0	0	0	0	0	0	0	0					
06/10/2026	O_ENKAIE1126C98.00	ENKAI_11/2026_AVRUPA_OPSIYON	D_EQ	SSO	D_EQ_ECP	DE_ENKAI_ECP	ENKAI.E	30/11/2026	1.96	2.57	-23.74	0	0	0	0	0	0	0	0	0	0	0					
06/10/2026	O_ENKAIE1126P100.00	ENKAI_11/2026_AVRUPA_OPSIYON	D_EQ	SSO	D_EQ_EPP	DE_ENKAI_EPP	ENKAI.E	30/11/2026	13.43	11.65	15.28	0	0	0	0	0	0	0	0	0	0	0					
06/10/2026	O_ENKAIE1126P76.00	ENKAI_11/2026_AVRUPA_OPSIYON	D_EQ	SSO	D_EQ_EPP	DE_ENKAI_EPP	ENKAI.E	30/11/2026	1.23	0.96	28.13	1.32	1.32	1.32	1.32	1.32	76000	1320	10	1	30	10					
06/10/2026	O_ENKAIE1126P78.00	ENKAI_11/2026_AVRUPA_OPSIYON	D_EQ	SSO	D_EQ_EPP	DE_ENKAI_EPP	ENKAI.E	30/11/2026	1.61	1.27	26.77	0	0	0	0	0	0	0	0	0	0	0					
06/10/2026	O_ENKAIE1126P80.00	ENKAI_11/2026_AVRUPA_OPSIYON	D_EQ	SSO	D_EQ_EPP	DE_ENKAI_EPP	ENKAI.E	30/11/2026	2.08	1.65	26.06	0	0	0	0	0	0	0	0	0	0	0					
06/10/2026	O_ENKAIE1126P82.00	ENKAI_11/2026_AVRUPA_OPSIYON	D_EQ	SSO	D_EQ_EPP	DE_ENKAI_EPP	ENKAI.E	30/11/2026	2.64	2.12	24.53	0	0	0	0	0	0	0	0	0	0	0					
06/10/2026	O_ENKAIE1126P84.00	ENKAI_11/2026_AVRUPA_OPSIYON	D_EQ	SSO	D_EQ_EPP	DE_ENKAI_EPP	ENKAI.E	30/11/2026	3.36	2.67	25.84	0	0	0	0	0	0	0	0	0	0	0					
06/10/2026	O_ENKAIE1126P86.00	ENKAI_11/2026_AVRUPA_OPSIYON	D_EQ	SSO	D_EQ_EPP	DE_ENKAI_EPP	ENKAI.E	30/11/2026	4.2	3.38	24.26	0	0	0	0	0	0	0	0	0	0	0					
06/10/2026	O_ENKAIE1126P88.00	ENKAI_11/2026_AVRUPA_OPSIYON	D_EQ	SSO	D_EQ_EPP	DE_ENKAI_EPP	ENKAI.E	30/11/2026	5.18	4.2	23.33	0	0	0	0	0	0	0	0	0	0	0					
06/10/2026	O_ENKAIE1126P90.00	ENKAI_11/2026_AVRUPA_OPSIYON	D_EQ	SSO	D_EQ_EPP	DE_ENKAI_EPP	ENKAI.E	30/11/2026	6.28	5.15	21.94	0	0	0	0	0	0	0	0	0	0	0					
06/10/2026	O_ENKAIE1126P92.00	ENKAI_11/2026_AVRUPA_OPSIYON	D_EQ	SSO	D_EQ_EPP	DE_ENKAI_EPP	ENKAI.E	30/11/2026	7.53	6.22	21.06	0	0	0	0	0	0	0	0	0	0	0					
06/10/2026	O_ENKAIE1126P94.00	ENKAI_11/2026_AVRUPA_OPSIYON	D_EQ	SSO	D_EQ_EPP	DE_ENKAI_EPP	ENKAI.E	30/11/2026	8.89	7.43	19.65	0	0	0	0	0	0	0	0	0	0	0					
06/10/2026	O_ENKAIE1126P96.00	ENKAI_11/2026_AVRUPA_OPSIYON	D_EQ	SSO	D_EQ_EPP	DE_ENKAI_EPP	ENKAI.E	30/11/2026	10.34	8.75	18.17	0	0	0	0	0	0	0	0	0	1	0					
06/10/2026	O_ENKAIE1126P98.00	ENKAI_11/2026_AVRUPA_OPSIYON	D_EQ	SSO	D_EQ_EPP	DE_ENKAI_EPP	ENKAI.E	30/11/2026	11.85	10.17	16.52	0	0	0	0	0	0	0	0	0	0	0					
06/10/2026	O_ENKAIE1226C100.00	ENKAI_12/2026_AVRUPA_OPSIYON	D_EQ	SSO	D_EQ_ECP	DE_ENKAI_ECP	ENKAI.E	31/12/2026	3.85	4.68	-17.74	0	0	0	0	0	0	0	0	0	0	0					
06/10/2026	O_ENKAIE1226C105.00	ENKAI_12/2026_AVRUPA_OPSIYON	D_EQ	SSO	D_EQ_ECP	DE_ENKAI_ECP	ENKAI.E	31/12/2026	2.88	3.51	-17.95	0	0	0	0	0	0	0	0	0	0	0					
06/10/2026	O_ENKAIE1226C110.00	ENKAI_12/2026_AVRUPA_OPSIYON	D_EQ	SSO	D_EQ_ECP	DE_ENKAI_ECP	ENKAI.E	31/12/2026	2.18		0	0	0	0	0	0	0	0	0	0	0	0					
06/10/2026	O_ENKAIE1226C88.00	ENKAI_12/2026_AVRUPA_OPSIYON	D_EQ	SSO	D_EQ_ECP	DE_ENKAI_ECP	ENKAI.E	31/12/2026	8.04	9.62	-16.42	0	0	0	0	0	0	0	0	0	0	0					
06/10/2026	O_ENKAIE1226C90.00	ENKAI_12/2026_AVRUPA_OPSIYON	D_EQ	SSO	D_EQ_ECP	DE_ENKAI_ECP	ENKAI.E	31/12/2026	7.09	8.54	-16.98	0	0	0	0	0	0	0	0	0	0	0					
06/10/2026	O_ENKAIE1226C92.00	ENKAI_12/2026_AVRUPA_OPSIYON	D_EQ	SSO	D_EQ_ECP	DE_ENKAI_ECP	ENKAI.E	31/12/2026	6.23	7.56	-17.59	0	0	0	0	0	0	0	0	0	0	0					
06/10/2026	O_ENKAIE1226C94.00	ENKAI_12/2026_AVRUPA_OPSIYON	D_EQ	SSO	D_EQ_ECP	DE_ENKAI_ECP	ENKAI.E	31/12/2026	5.5	6.68	-17.66	0	0	0	0	0	0	0	0	0	0	0					
06/10/2026	O_ENKAIE1226C96.00	ENKAI_12/2026_AVRUPA_OPSIYON	D_EQ	SSO	D_EQ_ECP	DE_ENKAI_ECP	ENKAI.E	31/12/2026	4.88	5.91	-17.43	0	0	0	0	0	0	0	0	0	0	0					
06/10/2026	O_ENKAIE1226C98.00	ENKAI_12/2026_AVRUPA_OPSIYON	D_EQ	SSO	D_EQ_ECP	DE_ENKAI_ECP	ENKAI.E	31/12/2026	4.34	5.26	-17.49	0	0	0	0	0	0	0	0	0	0	0					
06/10/2026	O_ENKAIE1226P78.00	ENKAI_12/2026_AVRUPA_OPSIYON	D_EQ	SSO	D_EQ_EPP	DE_ENKAI_EPP	ENKAI.E	31/12/2026	1.66	1.37	21.17	0	0	0	0	0	0	0	0	0	0	0					
06/10/2026	O_ENKAIE1226P80.00	ENKAI_12/2026_AVRUPA_OPSIYON	D_EQ	SSO	D_EQ_EPP	DE_ENKAI_EPP	ENKAI.E	31/12/2026	2.04	1.69	20.71	0	0	0	0	0	0	0	0	0	0	0					
06/10/2026	O_ENKAIE1226P82.00	ENKAI_12/2026_AVRUPA_OPSIYON	D_EQ	SSO	D_EQ_EPP	DE_ENKAI_EPP	ENKAI.E	31/12/2026	2.48	2.07	19.81	0	0	0	0	0	0	0	0	0	0	0					
06/10/2026	O_ENKAIE1226P84.00	ENKAI_12/2026_AVRUPA_OPSIYON	D_EQ	SSO	D_EQ_EPP	DE_ENKAI_EPP	ENKAI.E	31/12/2026	2.98	2.51	18.73	0	0	0	0	0	0	0	0	0	0	0					
06/10/2026	O_ENKAIE1226P86.00	ENKAI_12/2026_AVRUPA_OPSIYON	D_EQ	SSO	D_EQ_EPP	DE_ENKAI_EPP	ENKAI.E	31/12/2026	3.62	3.01	20.27	0	0	0	0	0	0	0	0	0	0	0					
06/10/2026	O_ENKAIE1226P88.00	ENKAI_12/2026_AVRUPA_OPSIYON	D_EQ	SSO	D_EQ_EPP	DE_ENKAI_EPP	ENKAI.E	31/12/2026	4.35	3.63	19.83	0	0	0	0	0	0	0	0	0	0	0					
06/10/2026	O_ENKAIE1226P90.00	ENKAI_12/2026_AVRUPA_OPSIYON	D_EQ	SSO	D_EQ_EPP	DE_ENKAI_EPP	ENKAI.E	31/12/2026	5.2	4.34	19.82	0	0	0	0	0	0	0	0	0	0	0					
06/10/2026	O_ENKAIE1226P92.00	ENKAI_12/2026_AVRUPA_OPSIYON	D_EQ	SSO	D_EQ_EPP	DE_ENKAI_EPP	ENKAI.E	31/12/2026	6.13	5.16	18.8	0	0	0	0	0	0	0	0	0	0	0					
06/10/2026	O_ENKAIE1226P94.00	ENKAI_12/2026_AVRUPA_OPSIYON	D_EQ	SSO	D_EQ_EPP	DE_ENKAI_EPP	ENKAI.E	31/12/2026	7.2		0	0	0	0	0	0	0	0	0	0	0	0					
06/10/2026	O_EREGLE1026C35.00	EREGL_10/2026_AVRUPA_OPSIYON	D_EQ	SSO	D_EQ_ECP	DE_EREGL_ECP	EREGL.E	30/10/2026	3.39	3.9	-13.08	0	0	0	0	0	0	0	0	0	150	0					
06/10/2026	O_EREGLE1026C36.00	EREGL_10/2026_AVRUPA_OPSIYON	D_EQ	SSO	D_EQ_ECP	DE_EREGL_ECP	EREGL.E	30/10/2026	2.68	3.14	-14.65	0	0	0	0	0	0	0	0	0	96	0					
06/10/2026	O_EREGLE1026C37.00	EREGL_10/2026_AVRUPA_OPSIYON	D_EQ	SSO	D_EQ_ECP	DE_EREGL_ECP	EREGL.E	30/10/2026	2.06	2.47	-16.6	0	0	0	0	0	0	0	0	0	77	0					
06/10/2026	O_EREGLE1026C38.00	EREGL_10/2026_AVRUPA_OPSIYON	D_EQ	SSO	D_EQ_ECP	DE_EREGL_ECP	EREGL.E	30/10/2026	1.54	1.89	-18.52	0	0	0	0	0	0	0	0	0	102	0					
06/10/2026	O_EREGLE1026C39.00	EREGL_10/2026_AVRUPA_OPSIYON	D_EQ	SSO	D_EQ_ECP	DE_EREGL_ECP	EREGL.E	30/10/2026	1.12	1.41	-20.57	0	0	0	0	0	0	0	0	0	125	0					
06/10/2026	O_EREGLE1026C40.00	EREGL_10/2026_AVRUPA_OPSIYON	D_EQ	SSO	D_EQ_ECP	DE_EREGL_ECP	EREGL.E	30/10/2026	0.79	1.02	-22.55	0	0	0	0	0	0	0	0	0	6580	0					
06/10/2026	O_EREGLE1026C41.00	EREGL_10/2026_AVRUPA_OPSIYON	D_EQ	SSO	D_EQ_ECP	DE_EREGL_ECP	EREGL.E	30/10/2026	0.55	0.73	-24.66	0	0	0	0	0	0	0	0	0	5000	0					
06/10/2026	O_EREGLE1026C42.00	EREGL_10/2026_AVRUPA_OPSIYON	D_EQ	SSO	D_EQ_ECP	DE_EREGL_ECP	EREGL.E	30/10/2026	0.37	0.51	-27.45	0	0	0	0	0	0	0	0	0	550	0					
06/10/2026	O_EREGLE1026C43.00	EREGL_10/2026_AVRUPA_OPSIYON	D_EQ	SSO	D_EQ_ECP	DE_EREGL_ECP	EREGL.E	30/10/2026	0.24	0.35	-31.43	0	0	0	0	0	0	0	0	0	75	0					
06/10/2026	O_EREGLE1026C44.00	EREGL_10/2026_AVRUPA_OPSIYON	D_EQ	SSO	D_EQ_ECP	DE_EREGL_ECP	EREGL.E	30/10/2026	0.16	0.23	-30.43	0	0	0	0	0	0	0	0	0	0	0					
06/10/2026	O_EREGLE1026C45.00	EREGL_10/2026_AVRUPA_OPSIYON	D_EQ	SSO	D_EQ_ECP	DE_EREGL_ECP	EREGL.E	30/10/2026	0.1	0.16	-37.5	0	0	0	0	0	0	0	0	0	0	0					
06/10/2026	O_EREGLE1026C46.00	EREGL_10/2026_AVRUPA_OPSIYON	D_EQ	SSO	D_EQ_ECP	DE_EREGL_ECP	EREGL.E	30/10/2026	0.06	0.1	-40	0	0	0	0	0	0	0	0	0	200	0					
06/10/2026	O_EREGLE1026C47.00	EREGL_10/2026_AVRUPA_OPSIYON	D_EQ	SSO	D_EQ_ECP	DE_EREGL_ECP	EREGL.E	30/10/2026	0.04	0.06	-33.33	0	0	0	0	0	0	0	0	0	0	0					
06/10/2026	O_EREGLE1026C48.00	EREGL_10/2026_AVRUPA_OPSIYON	D_EQ	SSO	D_EQ_ECP	DE_EREGL_ECP	EREGL.E	30/10/2026	0.02	0.04	-50	0	0	0	0	0	0	0	0	0	2600	0					
06/10/2026	O_EREGLE1026C49.00	EREGL_10/2026_AVRUPA_OPSIYON	D_EQ	SSO	D_EQ_ECP	DE_EREGL_ECP	EREGL.E	30/10/2026	0.01	0.03	-66.67	0	0	0	0	0	0	0	0	0	0	0					
06/10/2026	O_EREGLE1026C50.00	EREGL_10/2026_AVRUPA_OPSIYON	D_EQ	SSO	D_EQ_ECP	DE_EREGL_ECP	EREGL.E	30/10/2026	0.01	0.02	-50	0	0	0	0	0	0	0	0	0	0	0					
06/10/2026	O_EREGLE1026C52.00	EREGL_10/2026_AVRUPA_OPSIYON	D_EQ	SSO	D_EQ_ECP	DE_EREGL_ECP	EREGL.E	30/10/2026	0.01	0.01	0	0	0	0	0	0	0	0	0	0	0	0					
06/10/2026	O_EREGLE1026C54.00	EREGL_10/2026_AVRUPA_OPSIYON	D_EQ	SSO	D_EQ_ECP	DE_EREGL_ECP	EREGL.E	30/10/2026	0.01	0.01	0	0	0	0	0	0	0	0	0	0	0	0					
06/10/2026	O_EREGLE1026P30.00	EREGL_10/2026_AVRUPA_OPSIYON	D_EQ	SSO	D_EQ_EPP	DE_EREGL_EPP	EREGL.E	30/10/2026	0.02	0.01	100	0	0	0	0	0	0	0	0	0	0	0					
06/10/2026	O_EREGLE1026P31.00	EREGL_10/2026_AVRUPA_OPSIYON	D_EQ	SSO	D_EQ_EPP	DE_EREGL_EPP	EREGL.E	30/10/2026	0.04	0.03	33.33	0	0	0	0	0	0	0	0	0	30	0					
06/10/2026	O_EREGLE1026P32.00	EREGL_10/2026_AVRUPA_OPSIYON	D_EQ	SSO	D_EQ_EPP	DE_EREGL_EPP	EREGL.E	30/10/2026	0.08	0.06	33.33	0	0	0	0	0	0	0	0	0	4500	0					
06/10/2026	O_EREGLE1026P33.00	EREGL_10/2026_AVRUPA_OPSIYON	D_EQ	SSO	D_EQ_EPP	DE_EREGL_EPP	EREGL.E	30/10/2026	0.15	0.12	25	0	0	0	0	0	0	0	0	0	38	0					
06/10/2026	O_EREGLE1026P34.00	EREGL_10/2026_AVRUPA_OPSIYON	D_EQ	SSO	D_EQ_EPP	DE_EREGL_EPP	EREGL.E	30/10/2026	0.27	0.21	28.57	0	0	0	0	0	0	0	0	0	32	0					
06/10/2026	O_EREGLE1026P35.00	EREGL_10/2026_AVRUPA_OPSIYON	D_EQ	SSO	D_EQ_EPP	DE_EREGL_EPP	EREGL.E	30/10/2026	0.45	0.36	25	0	0	0	0	0	0	0	0	0	101	0					
06/10/2026	O_EREGLE1026P36.00	EREGL_10/2026_AVRUPA_OPSIYON	D_EQ	SSO	D_EQ_EPP	DE_EREGL_EPP	EREGL.E	30/10/2026	0.71	0.57	24.56	0.92	0.76	0.92	0.76	0.91	3549600	90040	986	5	3534	984					
06/10/2026	O_EREGLE1026P37.00	EREGL_10/2026_AVRUPA_OPSIYON	D_EQ	SSO	D_EQ_EPP	DE_EREGL_EPP	EREGL.E	30/10/2026	1.06	0.88	20.45	0	0	0	0	0	0	0	0	0	0	0					
06/10/2026	O_EREGLE1026P38.00	EREGL_10/2026_AVRUPA_OPSIYON	D_EQ	SSO	D_EQ_EPP	DE_EREGL_EPP	EREGL.E	30/10/2026	1.52	1.27	19.69	1.86	1.86	1.86	1.86	1.86	570000	27900	150	3	150	150					
06/10/2026	O_EREGLE1026P39.00	EREGL_10/2026_AVRUPA_OPSIYON	D_EQ	SSO	D_EQ_EPP	DE_EREGL_EPP	EREGL.E	30/10/2026	2.08	1.77	17.51	2.46	2.46	2.46	2.46	2.46	780000	49200	200	4	201	200					
06/10/2026	O_EREGLE1026P40.00	EREGL_10/2026_AVRUPA_OPSIYON	D_EQ	SSO	D_EQ_EPP	DE_EREGL_EPP	EREGL.E	30/10/2026	2.72	2.36	15.25	3.14	3.14	3.14	3.14	3.14	200000	15700	50	1	1510	0					
06/10/2026	O_EREGLE1026P41.00	EREGL_10/2026_AVRUPA_OPSIYON	D_EQ	SSO	D_EQ_EPP	DE_EREGL_EPP	EREGL.E	30/10/2026	3.46	3.04	13.82	0	0	0	0	0	0	0	0	0	525	0					
06/10/2026	O_EREGLE1026P42.00	EREGL_10/2026_AVRUPA_OPSIYON	D_EQ	SSO	D_EQ_EPP	DE_EREGL_EPP	EREGL.E	30/10/2026	4.25	3.79	12.14	0	0	0	0	0	0	0	0	0	0	0					
06/10/2026	O_EREGLE1026P43.00	EREGL_10/2026_AVRUPA_OPSIYON	D_EQ	SSO	D_EQ_EPP	DE_EREGL_EPP	EREGL.E	30/10/2026	5.1	4.6	10.87	0	0	0	0	0	0	0	0	0	0	0					
06/10/2026	O_EREGLE1026P44.00	EREGL_10/2026_AVRUPA_OPSIYON	D_EQ	SSO	D_EQ_EPP	DE_EREGL_EPP	EREGL.E	30/10/2026	5.99	5.46	9.71	0	0	0	0	0	0	0	0	0	0	0					
06/10/2026	O_EREGLE1026P45.00	EREGL_10/2026_AVRUPA_OPSIYON	D_EQ	SSO	D_EQ_EPP	DE_EREGL_EPP	EREGL.E	30/10/2026	6.91	6.36	8.65	0	0	0	0	0	0	0	0	0	0	0					
06/10/2026	O_EREGLE1026P46.00	EREGL_10/2026_AVRUPA_OPSIYON	D_EQ	SSO	D_EQ_EPP	DE_EREGL_EPP	EREGL.E	30/10/2026	7.85	7.28	7.83	0	0	0	0	0	0	0	0	0	0	0					
06/10/2026	O_EREGLE1026P47.00	EREGL_10/2026_AVRUPA_OPSIYON	D_EQ	SSO	D_EQ_EPP	DE_EREGL_EPP	EREGL.E	30/10/2026	8.8	8.22	7.06	0	0	0	0	0	0	0	0	0	0	0					
06/10/2026	O_EREGLE1126C36.00	EREGL_11/2026_AVRUPA_OPSIYON	D_EQ	SSO	D_EQ_ECP	DE_EREGL_ECP	EREGL.E	30/11/2026	4.1	4.56	-10.09	0	0	0	0	0	0	0	0	0	0	0					
06/10/2026	O_EREGLE1126C37.00	EREGL_11/2026_AVRUPA_OPSIYON	D_EQ	SSO	D_EQ_ECP	DE_EREGL_ECP	EREGL.E	30/11/2026	3.48	3.9	-10.77	0	0	0	0	0	0	0	0	0	0	0					
06/10/2026	O_EREGLE1126C38.00	EREGL_11/2026_AVRUPA_OPSIYON	D_EQ	SSO	D_EQ_ECP	DE_EREGL_ECP	EREGL.E	30/11/2026	2.92	3.31	-11.78	0	0	0	0	0	0	0	0	0	50	0					
06/10/2026	O_EREGLE1126C39.00	EREGL_11/2026_AVRUPA_OPSIYON	D_EQ	SSO	D_EQ_ECP	DE_EREGL_ECP	EREGL.E	30/11/2026	2.43	2.78	-12.59	0	0	0	0	0	0	0	0	0	0	0					
06/10/2026	O_EREGLE1126C40.00	EREGL_11/2026_AVRUPA_OPSIYON	D_EQ	SSO	D_EQ_ECP	DE_EREGL_ECP	EREGL.E	30/11/2026	2.01	2.31	-12.99	0	0	0	0	0	0	0	0	0	0	0					
06/10/2026	O_EREGLE1126C41.00	EREGL_11/2026_AVRUPA_OPSIYON	D_EQ	SSO	D_EQ_ECP	DE_EREGL_ECP	EREGL.E	30/11/2026	1.64	1.91	-14.14	0	0	0	0	0	0	0	0	0	0	0					
06/10/2026	O_EREGLE1126C42.00	EREGL_11/2026_AVRUPA_OPSIYON	D_EQ	SSO	D_EQ_ECP	DE_EREGL_ECP	EREGL.E	30/11/2026	1.33	1.57	-15.29	0	0	0	0	0	0	0	0	0	0	0					
06/10/2026	O_EREGLE1126C43.00	EREGL_11/2026_AVRUPA_OPSIYON	D_EQ	SSO	D_EQ_ECP	DE_EREGL_ECP	EREGL.E	30/11/2026	1.08	1.28	-15.63	0	0	0	0	0	0	0	0	0	0	0					
06/10/2026	O_EREGLE1126C44.00	EREGL_11/2026_AVRUPA_OPSIYON	D_EQ	SSO	D_EQ_ECP	DE_EREGL_ECP	EREGL.E	30/11/2026	0.86	1.04	-17.31	0	0	0	0	0	0	0	0	0	0	0					
06/10/2026	O_EREGLE1126C45.00	EREGL_11/2026_AVRUPA_OPSIYON	D_EQ	SSO	D_EQ_ECP	DE_EREGL_ECP	EREGL.E	30/11/2026	0.69	0.84	-17.86	0	0	0	0	0	0	0	0	0	0	0					
06/10/2026	O_EREGLE1126C46.00	EREGL_11/2026_AVRUPA_OPSIYON	D_EQ	SSO	D_EQ_ECP	DE_EREGL_ECP	EREGL.E	30/11/2026	0.54	0.68	-20.59	0	0	0	0	0	0	0	0	0	0	0					
06/10/2026	O_EREGLE1126C47.00	EREGL_11/2026_AVRUPA_OPSIYON	D_EQ	SSO	D_EQ_ECP	DE_EREGL_ECP	EREGL.E	30/11/2026	0.43	0.54	-20.37	0	0	0	0	0	0	0	0	0	0	0					
06/10/2026	O_EREGLE1126C48.00	EREGL_11/2026_AVRUPA_OPSIYON	D_EQ	SSO	D_EQ_ECP	DE_EREGL_ECP	EREGL.E	30/11/2026	0.33	0.43	-23.26	0	0	0	0	0	0	0	0	0	0	0					
06/10/2026	O_EREGLE1126C49.00	EREGL_11/2026_AVRUPA_OPSIYON	D_EQ	SSO	D_EQ_ECP	DE_EREGL_ECP	EREGL.E	30/11/2026	0.26	0.34	-23.53	0	0	0	0	0	0	0	0	0	0	0					
06/10/2026	O_EREGLE1126P31.00	EREGL_11/2026_AVRUPA_OPSIYON	D_EQ	SSO	D_EQ_EPP	DE_EREGL_EPP	EREGL.E	30/11/2026	0.16	0.14	14.29	0	0	0	0	0	0	0	0	0	0	0					
06/10/2026	O_EREGLE1126P32.00	EREGL_11/2026_AVRUPA_OPSIYON	D_EQ	SSO	D_EQ_EPP	DE_EREGL_EPP	EREGL.E	30/11/2026	0.25	0.22	13.64	0	0	0	0	0	0	0	0	0	50	0					
06/10/2026	O_EREGLE1126P33.00	EREGL_11/2026_AVRUPA_OPSIYON	D_EQ	SSO	D_EQ_EPP	DE_EREGL_EPP	EREGL.E	30/11/2026	0.37	0.32	15.63	0	0	0	0	0	0	0	0	0	0	0					
06/10/2026	O_EREGLE1126P34.00	EREGL_11/2026_AVRUPA_OPSIYON	D_EQ	SSO	D_EQ_EPP	DE_EREGL_EPP	EREGL.E	30/11/2026	0.54	0.46	17.39	0	0	0	0	0	0	0	0	0	0	0					
06/10/2026	O_EREGLE1126P35.00	EREGL_11/2026_AVRUPA_OPSIYON	D_EQ	SSO	D_EQ_EPP	DE_EREGL_EPP	EREGL.E	30/11/2026	0.75	0.65	15.38	0	0	0	0	0	0	0	0	0	0	0					
06/10/2026	O_EREGLE1126P36.00	EREGL_11/2026_AVRUPA_OPSIYON	D_EQ	SSO	D_EQ_EPP	DE_EREGL_EPP	EREGL.E	30/11/2026	1.02	0.88	15.91	0	0	0	0	0	0	0	0	0	0	0					
06/10/2026	O_EREGLE1126P37.00	EREGL_11/2026_AVRUPA_OPSIYON	D_EQ	SSO	D_EQ_EPP	DE_EREGL_EPP	EREGL.E	30/11/2026	1.34	1.17	14.53	0	0	0	0	0	0	0	0	0	0	0					
06/10/2026	O_EREGLE1126P38.00	EREGL_11/2026_AVRUPA_OPSIYON	D_EQ	SSO	D_EQ_EPP	DE_EREGL_EPP	EREGL.E	30/11/2026	1.73	1.51	14.57	0	0	0	0	0	0	0	0	0	25	0					
06/10/2026	O_EREGLE1126P39.00	EREGL_11/2026_AVRUPA_OPSIYON	D_EQ	SSO	D_EQ_EPP	DE_EREGL_EPP	EREGL.E	30/11/2026	2.18	1.93	12.95	0	0	0	0	0	0	0	0	0	0	0					
06/10/2026	O_EREGLE1126P40.00	EREGL_11/2026_AVRUPA_OPSIYON	D_EQ	SSO	D_EQ_EPP	DE_EREGL_EPP	EREGL.E	30/11/2026	2.7	2.41	12.03	0	0	0	0	0	0	0	0	0	0	0					
06/10/2026	O_EREGLE1126P41.00	EREGL_11/2026_AVRUPA_OPSIYON	D_EQ	SSO	D_EQ_EPP	DE_EREGL_EPP	EREGL.E	30/11/2026	3.28	2.94	11.56	0	0	0	0	0	0	0	0	0	0	0					
06/10/2026	O_EREGLE1126P42.00	EREGL_11/2026_AVRUPA_OPSIYON	D_EQ	SSO	D_EQ_EPP	DE_EREGL_EPP	EREGL.E	30/11/2026	3.92	3.55	10.42	0	0	0	0	0	0	0	0	0	0	0					
06/10/2026	O_EREGLE1126P43.00	EREGL_11/2026_AVRUPA_OPSIYON	D_EQ	SSO	D_EQ_EPP	DE_EREGL_EPP	EREGL.E	30/11/2026	4.6	4.2	9.52	0	0	0	0	0	0	0	0	0	0	0					
06/10/2026	O_EREGLE1126P44.00	EREGL_11/2026_AVRUPA_OPSIYON	D_EQ	SSO	D_EQ_EPP	DE_EREGL_EPP	EREGL.E	30/11/2026	5.33	4.91	8.55	0	0	0	0	0	0	0	0	0	0	0					
06/10/2026	O_EREGLE1226C38.00	EREGL_12/2026_AVRUPA_OPSIYON	D_EQ	SSO	D_EQ_ECP	DE_EREGL_ECP	EREGL.E	31/12/2026	4.52	4.95	-8.69	0	0	0	0	0	0	0	0	0	0	0					
06/10/2026	O_EREGLE1226C39.00	EREGL_12/2026_AVRUPA_OPSIYON	D_EQ	SSO	D_EQ_ECP	DE_EREGL_ECP	EREGL.E	31/12/2026	3.98	4.38	-9.13	0	0	0	0	0	0	0	0	0	0	0					
06/10/2026	O_EREGLE1226C40.00	EREGL_12/2026_AVRUPA_OPSIYON	D_EQ	SSO	D_EQ_ECP	DE_EREGL_ECP	EREGL.E	31/12/2026	3.48	3.85	-9.61	0	0	0	0	0	0	0	0	0	0	0					
06/10/2026	O_EREGLE1226C41.00	EREGL_12/2026_AVRUPA_OPSIYON	D_EQ	SSO	D_EQ_ECP	DE_EREGL_ECP	EREGL.E	31/12/2026	3.03	3.37	-10.09	0	0	0	0	0	0	0	0	0	0	0					
06/10/2026	O_EREGLE1226C42.00	EREGL_12/2026_AVRUPA_OPSIYON	D_EQ	SSO	D_EQ_ECP	DE_EREGL_ECP	EREGL.E	31/12/2026	2.63	2.94	-10.54	0	0	0	0	0	0	0	0	0	0	0					
06/10/2026	O_EREGLE1226C43.00	EREGL_12/2026_AVRUPA_OPSIYON	D_EQ	SSO	D_EQ_ECP	DE_EREGL_ECP	EREGL.E	31/12/2026	2.28	2.56	-10.94	0	0	0	0	0	0	0	0	0	0	0					
06/10/2026	O_EREGLE1226C44.00	EREGL_12/2026_AVRUPA_OPSIYON	D_EQ	SSO	D_EQ_ECP	DE_EREGL_ECP	EREGL.E	31/12/2026	1.96	2.22	-11.71	0	0	0	0	0	0	0	0	0	0	0					
06/10/2026	O_EREGLE1226C45.00	EREGL_12/2026_AVRUPA_OPSIYON	D_EQ	SSO	D_EQ_ECP	DE_EREGL_ECP	EREGL.E	31/12/2026	1.69	1.93	-12.44	0	0	0	0	0	0	0	0	0	0	0					
06/10/2026	O_EREGLE1226C46.00	EREGL_12/2026_AVRUPA_OPSIYON	D_EQ	SSO	D_EQ_ECP	DE_EREGL_ECP	EREGL.E	31/12/2026	1.45	1.66	-12.65	0	0	0	0	0	0	0	0	0	0	0					
06/10/2026	O_EREGLE1226C47.00	EREGL_12/2026_AVRUPA_OPSIYON	D_EQ	SSO	D_EQ_ECP	DE_EREGL_ECP	EREGL.E	31/12/2026	1.24		0	0	0	0	0	0	0	0	0	0	0	0					
06/10/2026	O_EREGLE1226P33.00	EREGL_12/2026_AVRUPA_OPSIYON	D_EQ	SSO	D_EQ_EPP	DE_EREGL_EPP	EREGL.E	31/12/2026	0.43	0.38	13.16	0	0	0	0	0	0	0	0	0	0	0					
06/10/2026	O_EREGLE1226P34.00	EREGL_12/2026_AVRUPA_OPSIYON	D_EQ	SSO	D_EQ_EPP	DE_EREGL_EPP	EREGL.E	31/12/2026	0.57	0.51	11.76	0	0	0	0	0	0	0	0	0	0	0					
06/10/2026	O_EREGLE1226P35.00	EREGL_12/2026_AVRUPA_OPSIYON	D_EQ	SSO	D_EQ_EPP	DE_EREGL_EPP	EREGL.E	31/12/2026	0.76	0.67	13.43	0	0	0	0	0	0	0	0	0	0	0					
06/10/2026	O_EREGLE1226P36.00	EREGL_12/2026_AVRUPA_OPSIYON	D_EQ	SSO	D_EQ_EPP	DE_EREGL_EPP	EREGL.E	31/12/2026	0.97	0.86	12.79	0	0	0	0	0	0	0	0	0	0	0					
06/10/2026	O_EREGLE1226P37.00	EREGL_12/2026_AVRUPA_OPSIYON	D_EQ	SSO	D_EQ_EPP	DE_EREGL_EPP	EREGL.E	31/12/2026	1.23	1.09	12.84	0	0	0	0	0	0	0	0	0	0	0					
06/10/2026	O_EREGLE1226P38.00	EREGL_12/2026_AVRUPA_OPSIYON	D_EQ	SSO	D_EQ_EPP	DE_EREGL_EPP	EREGL.E	31/12/2026	1.54	1.36	13.24	0	0	0	0	0	0	0	0	0	0	0					
06/10/2026	O_EREGLE1226P39.00	EREGL_12/2026_AVRUPA_OPSIYON	D_EQ	SSO	D_EQ_EPP	DE_EREGL_EPP	EREGL.E	31/12/2026	1.89	1.69	11.83	0	0	0	0	0	0	0	0	0	0	0					
06/10/2026	O_EREGLE1226P40.00	EREGL_12/2026_AVRUPA_OPSIYON	D_EQ	SSO	D_EQ_EPP	DE_EREGL_EPP	EREGL.E	31/12/2026	2.29	2.05	11.71	0	0	0	0	0	0	0	0	0	0	0					
06/10/2026	O_EREGLE1226P41.00	EREGL_12/2026_AVRUPA_OPSIYON	D_EQ	SSO	D_EQ_EPP	DE_EREGL_EPP	EREGL.E	31/12/2026	2.74	2.47	10.93	0	0	0	0	0	0	0	0	0	0	0					
06/10/2026	O_EREGLE1226P42.00	EREGL_12/2026_AVRUPA_OPSIYON	D_EQ	SSO	D_EQ_EPP	DE_EREGL_EPP	EREGL.E	31/12/2026	3.23		0	0	0	0	0	0	0	0	0	0	0	0					
06/10/2026	O_FROTOE1026C100.00	FROTO_10/2026_AVRUPA_OPSIYON	D_EQ	SSO	D_EQ_ECP	DE_FROTO_ECP	FROTO.E	30/10/2026	0.1	0.08	25	0	0	0	0	0	0	0	0	0	0	0					
06/10/2026	O_FROTOE1026C74.00	FROTO_10/2026_AVRUPA_OPSIYON	D_EQ	SSO	D_EQ_ECP	DE_FROTO_ECP	FROTO.E	30/10/2026	4.15	4.22	-1.66	0	0	0	0	0	0	0	0	0	80	0					
06/10/2026	O_FROTOE1026C76.00	FROTO_10/2026_AVRUPA_OPSIYON	D_EQ	SSO	D_EQ_ECP	DE_FROTO_ECP	FROTO.E	30/10/2026	3.03	3.11	-2.57	2.96	2.96	3	3	2.98	15200	596	2	2	100	0					
06/10/2026	O_FROTOE1026C78.00	FROTO_10/2026_AVRUPA_OPSIYON	D_EQ	SSO	D_EQ_ECP	DE_FROTO_ECP	FROTO.E	30/10/2026	2.16	2.24	-3.57	0	0	0	0	0	0	0	0	0	27	0					
06/10/2026	O_FROTOE1026C80.00	FROTO_10/2026_AVRUPA_OPSIYON	D_EQ	SSO	D_EQ_ECP	DE_FROTO_ECP	FROTO.E	30/10/2026	1.51	1.57	-3.82	0	0	0	0	0	0	0	0	0	11	0					
06/10/2026	O_FROTOE1026C82.00	FROTO_10/2026_AVRUPA_OPSIYON	D_EQ	SSO	D_EQ_ECP	DE_FROTO_ECP	FROTO.E	30/10/2026	1.1	1.13	-2.65	0	0	0	0	0	0	0	0	0	10	0					
06/10/2026	O_FROTOE1026C84.00	FROTO_10/2026_AVRUPA_OPSIYON	D_EQ	SSO	D_EQ_ECP	DE_FROTO_ECP	FROTO.E	30/10/2026	0.8	0.82	-2.44	0	0	0	0	0	0	0	0	0	10	0					
06/10/2026	O_FROTOE1026C86.00	FROTO_10/2026_AVRUPA_OPSIYON	D_EQ	SSO	D_EQ_ECP	DE_FROTO_ECP	FROTO.E	30/10/2026	0.59	0.59	0	0	0	0	0	0	0	0	0	0	0	0					
06/10/2026	O_FROTOE1026C88.00	FROTO_10/2026_AVRUPA_OPSIYON	D_EQ	SSO	D_EQ_ECP	DE_FROTO_ECP	FROTO.E	30/10/2026	0.44	0.43	2.33	0	0	0	0	0	0	0	0	0	0	0					
06/10/2026	O_FROTOE1026C90.00	FROTO_10/2026_AVRUPA_OPSIYON	D_EQ	SSO	D_EQ_ECP	DE_FROTO_ECP	FROTO.E	30/10/2026	0.33	0.31	6.45	0	0	0	0	0	0	0	0	0	10	0					
06/10/2026	O_FROTOE1026C92.00	FROTO_10/2026_AVRUPA_OPSIYON	D_EQ	SSO	D_EQ_ECP	DE_FROTO_ECP	FROTO.E	30/10/2026	0.26	0.23	13.04	0	0	0	0	0	0	0	0	0	2	0					
06/10/2026	O_FROTOE1026C94.00	FROTO_10/2026_AVRUPA_OPSIYON	D_EQ	SSO	D_EQ_ECP	DE_FROTO_ECP	FROTO.E	30/10/2026	0.2	0.17	17.65	0	0	0	0	0	0	0	0	0	0	0					
06/10/2026	O_FROTOE1026C96.00	FROTO_10/2026_AVRUPA_OPSIYON	D_EQ	SSO	D_EQ_ECP	DE_FROTO_ECP	FROTO.E	30/10/2026	0.16	0.13	23.08	0	0	0	0	0	0	0	0	0	0	0					
06/10/2026	O_FROTOE1026C98.00	FROTO_10/2026_AVRUPA_OPSIYON	D_EQ	SSO	D_EQ_ECP	DE_FROTO_ECP	FROTO.E	30/10/2026	0.12	0.1	20	0	0	0	0	0	0	0	0	0	5	0					
06/10/2026	O_FROTOE1026P64.00	FROTO_10/2026_AVRUPA_OPSIYON	D_EQ	SSO	D_EQ_EPP	DE_FROTO_EPP	FROTO.E	30/10/2026	0.18	0.17	5.88	0	0	0	0	0	0	0	0	0	0	0					
06/10/2026	O_FROTOE1026P66.00	FROTO_10/2026_AVRUPA_OPSIYON	D_EQ	SSO	D_EQ_EPP	DE_FROTO_EPP	FROTO.E	30/10/2026	0.29	0.28	3.57	0	0	0	0	0	0	0	0	0	45	0					
06/10/2026	O_FROTOE1026P68.00	FROTO_10/2026_AVRUPA_OPSIYON	D_EQ	SSO	D_EQ_EPP	DE_FROTO_EPP	FROTO.E	30/10/2026	0.47	0.47	0	0	0	0	0	0	0	0	0	0	267	0					
06/10/2026	O_FROTOE1026P70.00	FROTO_10/2026_AVRUPA_OPSIYON	D_EQ	SSO	D_EQ_EPP	DE_FROTO_EPP	FROTO.E	30/10/2026	0.73	0.74	-1.35	0.76	0.76	0.76	0.76	0.76	1106000	12008	158	1	2394	158					
06/10/2026	O_FROTOE1026P72.00	FROTO_10/2026_AVRUPA_OPSIYON	D_EQ	SSO	D_EQ_EPP	DE_FROTO_EPP	FROTO.E	30/10/2026	1.11	1.15	-3.48	0	0	0	0	0	0	0	0	0	2307	0					
06/10/2026	O_FROTOE1026P74.00	FROTO_10/2026_AVRUPA_OPSIYON	D_EQ	SSO	D_EQ_EPP	DE_FROTO_EPP	FROTO.E	30/10/2026	1.72	1.77	-2.82	0	0	0	0	0	0	0	0	0	1050	0					
06/10/2026	O_FROTOE1026P76.00	FROTO_10/2026_AVRUPA_OPSIYON	D_EQ	SSO	D_EQ_EPP	DE_FROTO_EPP	FROTO.E	30/10/2026	2.55	2.6	-1.92	0	0	0	0	0	0	0	0	0	140	0					
06/10/2026	O_FROTOE1026P78.00	FROTO_10/2026_AVRUPA_OPSIYON	D_EQ	SSO	D_EQ_EPP	DE_FROTO_EPP	FROTO.E	30/10/2026	3.64	3.68	-1.09	0	0	0	0	0	0	0	0	0	215	0					
06/10/2026	O_FROTOE1026P80.00	FROTO_10/2026_AVRUPA_OPSIYON	D_EQ	SSO	D_EQ_EPP	DE_FROTO_EPP	FROTO.E	30/10/2026	4.94	4.97	-0.6	0	0	0	0	0	0	0	0	0	59	0					
06/10/2026	O_FROTOE1026P82.00	FROTO_10/2026_AVRUPA_OPSIYON	D_EQ	SSO	D_EQ_EPP	DE_FROTO_EPP	FROTO.E	30/10/2026	6.48	6.48	0	0	0	0	0	0	0	0	0	0	170	0					
06/10/2026	O_FROTOE1026P84.00	FROTO_10/2026_AVRUPA_OPSIYON	D_EQ	SSO	D_EQ_EPP	DE_FROTO_EPP	FROTO.E	30/10/2026	8.13	8.11	0.25	0	0	0	0	0	0	0	0	0	10	0					
06/10/2026	O_FROTOE1026P86.00	FROTO_10/2026_AVRUPA_OPSIYON	D_EQ	SSO	D_EQ_EPP	DE_FROTO_EPP	FROTO.E	30/10/2026	9.87	9.83	0.41	0	0	0	0	0	0	0	0	0	0	0					
06/10/2026	O_FROTOE1026P88.00	FROTO_10/2026_AVRUPA_OPSIYON	D_EQ	SSO	D_EQ_EPP	DE_FROTO_EPP	FROTO.E	30/10/2026	11.67	11.62	0.43	0	0	0	0	0	0	0	0	0	0	0					
06/10/2026	O_FROTOE1026P90.00	FROTO_10/2026_AVRUPA_OPSIYON	D_EQ	SSO	D_EQ_EPP	DE_FROTO_EPP	FROTO.E	30/10/2026	13.51	13.45	0.45	0	0	0	0	0	0	0	0	0	0	0					
06/10/2026	O_FROTOE1126C100.00	FROTO_11/2026_AVRUPA_OPSIYON	D_EQ	SSO	D_EQ_ECP	DE_FROTO_ECP	FROTO.E	30/11/2026	0.93	0.79	17.72	0	0	0	0	0	0	0	0	0	0	0					
06/10/2026	O_FROTOE1126C105.00	FROTO_11/2026_AVRUPA_OPSIYON	D_EQ	SSO	D_EQ_ECP	DE_FROTO_ECP	FROTO.E	30/11/2026	0.75	0.59	27.12	0	0	0	0	0	0	0	0	0	0	0					
06/10/2026	O_FROTOE1126C76.00	FROTO_11/2026_AVRUPA_OPSIYON	D_EQ	SSO	D_EQ_ECP	DE_FROTO_ECP	FROTO.E	30/11/2026	5.74	5.8	-1.03	0	0	0	0	0	0	0	0	0	1	0					
06/10/2026	O_FROTOE1126C78.00	FROTO_11/2026_AVRUPA_OPSIYON	D_EQ	SSO	D_EQ_ECP	DE_FROTO_ECP	FROTO.E	30/11/2026	4.68	4.75	-1.47	0	0	0	0	0	0	0	0	0	0	0					
06/10/2026	O_FROTOE1126C80.00	FROTO_11/2026_AVRUPA_OPSIYON	D_EQ	SSO	D_EQ_ECP	DE_FROTO_ECP	FROTO.E	30/11/2026	3.83	3.88	-1.29	0	0	0	0	0	0	0	0	0	0	0					
06/10/2026	O_FROTOE1126C82.00	FROTO_11/2026_AVRUPA_OPSIYON	D_EQ	SSO	D_EQ_ECP	DE_FROTO_ECP	FROTO.E	30/11/2026	3.11	3.16	-1.58	0	0	0	0	0	0	0	0	0	0	0					
06/10/2026	O_FROTOE1126C84.00	FROTO_11/2026_AVRUPA_OPSIYON	D_EQ	SSO	D_EQ_ECP	DE_FROTO_ECP	FROTO.E	30/11/2026	2.63	2.64	-0.38	0	0	0	0	0	0	0	0	0	0	0					
06/10/2026	O_FROTOE1126C86.00	FROTO_11/2026_AVRUPA_OPSIYON	D_EQ	SSO	D_EQ_ECP	DE_FROTO_ECP	FROTO.E	30/11/2026	2.24	2.22	0.9	1.8	1.8	1.8	1.8	1.8	86000	1800	10	1	40	10					
06/10/2026	O_FROTOE1126C88.00	FROTO_11/2026_AVRUPA_OPSIYON	D_EQ	SSO	D_EQ_ECP	DE_FROTO_ECP	FROTO.E	30/11/2026	1.93	1.88	2.66	0	0	0	0	0	0	0	0	0	0	0					
06/10/2026	O_FROTOE1126C90.00	FROTO_11/2026_AVRUPA_OPSIYON	D_EQ	SSO	D_EQ_ECP	DE_FROTO_ECP	FROTO.E	30/11/2026	1.67	1.6	4.38	0	0	0	0	0	0	0	0	0	0	0					
06/10/2026	O_FROTOE1126C92.00	FROTO_11/2026_AVRUPA_OPSIYON	D_EQ	SSO	D_EQ_ECP	DE_FROTO_ECP	FROTO.E	30/11/2026	1.46	1.37	6.57	0	0	0	0	0	0	0	0	0	0	0					
06/10/2026	O_FROTOE1126C94.00	FROTO_11/2026_AVRUPA_OPSIYON	D_EQ	SSO	D_EQ_ECP	DE_FROTO_ECP	FROTO.E	30/11/2026	1.29	1.18	9.32	0	0	0	0	0	0	0	0	0	0	0					
06/10/2026	O_FROTOE1126C96.00	FROTO_11/2026_AVRUPA_OPSIYON	D_EQ	SSO	D_EQ_ECP	DE_FROTO_ECP	FROTO.E	30/11/2026	1.15	1.02	12.75	0	0	0	0	0	0	0	0	0	0	0					
06/10/2026	O_FROTOE1126C98.00	FROTO_11/2026_AVRUPA_OPSIYON	D_EQ	SSO	D_EQ_ECP	DE_FROTO_ECP	FROTO.E	30/11/2026	1.03	0.89	15.73	0	0	0	0	0	0	0	0	0	0	0					
06/10/2026	O_FROTOE1126P66.00	FROTO_11/2026_AVRUPA_OPSIYON	D_EQ	SSO	D_EQ_EPP	DE_FROTO_EPP	FROTO.E	30/11/2026	0.83	0.77	7.79	0.74	0.74	0.74	0.74	0.74	6600	74	1	1	41	1					
06/10/2026	O_FROTOE1126P68.00	FROTO_11/2026_AVRUPA_OPSIYON	D_EQ	SSO	D_EQ_EPP	DE_FROTO_EPP	FROTO.E	30/11/2026	1.07	1.02	4.9	0	0	0	0	0	0	0	0	0	0	0					
06/10/2026	O_FROTOE1126P70.00	FROTO_11/2026_AVRUPA_OPSIYON	D_EQ	SSO	D_EQ_EPP	DE_FROTO_EPP	FROTO.E	30/11/2026	1.37	1.35	1.48	0	0	0	0	0	0	0	0	0	50	0					
06/10/2026	O_FROTOE1126P72.00	FROTO_11/2026_AVRUPA_OPSIYON	D_EQ	SSO	D_EQ_EPP	DE_FROTO_EPP	FROTO.E	30/11/2026	1.75	1.75	0	0	0	0	0	0	0	0	0	0	0	0					
06/10/2026	O_FROTOE1126P74.00	FROTO_11/2026_AVRUPA_OPSIYON	D_EQ	SSO	D_EQ_EPP	DE_FROTO_EPP	FROTO.E	30/11/2026	2.21	2.24	-1.34	0	0	0	0	0	0	0	0	0	0	0					
06/10/2026	O_FROTOE1126P76.00	FROTO_11/2026_AVRUPA_OPSIYON	D_EQ	SSO	D_EQ_EPP	DE_FROTO_EPP	FROTO.E	30/11/2026	2.91	2.94	-1.02	0	0	0	0	0	0	0	0	0	0	0					
06/10/2026	O_FROTOE1126P78.00	FROTO_11/2026_AVRUPA_OPSIYON	D_EQ	SSO	D_EQ_EPP	DE_FROTO_EPP	FROTO.E	30/11/2026	3.74	3.78	-1.06	0	0	0	0	0	0	0	0	0	0	0					
06/10/2026	O_FROTOE1126P80.00	FROTO_11/2026_AVRUPA_OPSIYON	D_EQ	SSO	D_EQ_EPP	DE_FROTO_EPP	FROTO.E	30/11/2026	4.77	4.8	-0.63	0	0	0	0	0	0	0	0	0	0	0					
06/10/2026	O_FROTOE1126P82.00	FROTO_11/2026_AVRUPA_OPSIYON	D_EQ	SSO	D_EQ_EPP	DE_FROTO_EPP	FROTO.E	30/11/2026	5.95	5.96	-0.17	0	0	0	0	0	0	0	0	0	0	0					
06/10/2026	O_FROTOE1126P84.00	FROTO_11/2026_AVRUPA_OPSIYON	D_EQ	SSO	D_EQ_EPP	DE_FROTO_EPP	FROTO.E	30/11/2026	7.36	7.34	0.27	0	0	0	0	0	0	0	0	0	0	0					
06/10/2026	O_FROTOE1126P86.00	FROTO_11/2026_AVRUPA_OPSIYON	D_EQ	SSO	D_EQ_EPP	DE_FROTO_EPP	FROTO.E	30/11/2026	8.86	8.8	0.68	0	0	0	0	0	0	0	0	0	0	0					
06/10/2026	O_FROTOE1126P88.00	FROTO_11/2026_AVRUPA_OPSIYON	D_EQ	SSO	D_EQ_EPP	DE_FROTO_EPP	FROTO.E	30/11/2026	10.43	10.34	0.87	0	0	0	0	0	0	0	0	0	0	0					
06/10/2026	O_FROTOE1126P90.00	FROTO_11/2026_AVRUPA_OPSIYON	D_EQ	SSO	D_EQ_EPP	DE_FROTO_EPP	FROTO.E	30/11/2026	12.06	11.95	0.92	0	0	0	0	0	0	0	0	0	0	0					
06/10/2026	O_FROTOE1126P92.00	FROTO_11/2026_AVRUPA_OPSIYON	D_EQ	SSO	D_EQ_EPP	DE_FROTO_EPP	FROTO.E	30/11/2026	13.74	13.61	0.96	0	0	0	0	0	0	0	0	0	0	0					
06/10/2026	O_FROTOE1226C78.00	FROTO_12/2026_AVRUPA_OPSIYON	D_EQ	SSO	D_EQ_ECP	DE_FROTO_ECP	FROTO.E	31/12/2026	7.78	7.84	-0.77	0	0	0	0	0	0	0	0	0	0	0					
06/10/2026	O_FROTOE1226C80.00	FROTO_12/2026_AVRUPA_OPSIYON	D_EQ	SSO	D_EQ_ECP	DE_FROTO_ECP	FROTO.E	31/12/2026	6.71	6.78	-1.03	0	0	0	0	0	0	0	0	0	0	0					
06/10/2026	O_FROTOE1226C82.00	FROTO_12/2026_AVRUPA_OPSIYON	D_EQ	SSO	D_EQ_ECP	DE_FROTO_ECP	FROTO.E	31/12/2026	5.81	5.87	-1.02	0	0	0	0	0	0	0	0	0	0	0					
06/10/2026	O_FROTOE1226C84.00	FROTO_12/2026_AVRUPA_OPSIYON	D_EQ	SSO	D_EQ_ECP	DE_FROTO_ECP	FROTO.E	31/12/2026	5.02	5.07	-0.99	0	0	0	0	0	0	0	0	0	0	0					
06/10/2026	O_FROTOE1226C86.00	FROTO_12/2026_AVRUPA_OPSIYON	D_EQ	SSO	D_EQ_ECP	DE_FROTO_ECP	FROTO.E	31/12/2026	4.49	4.49	0	0	0	0	0	0	0	0	0	0	0	0					
06/10/2026	O_FROTOE1226C88.00	FROTO_12/2026_AVRUPA_OPSIYON	D_EQ	SSO	D_EQ_ECP	DE_FROTO_ECP	FROTO.E	31/12/2026	4.03	3.99	1	0	0	0	0	0	0	0	0	0	0	0					
06/10/2026	O_FROTOE1226C90.00	FROTO_12/2026_AVRUPA_OPSIYON	D_EQ	SSO	D_EQ_ECP	DE_FROTO_ECP	FROTO.E	31/12/2026	3.65	3.56	2.53	0	0	0	0	0	0	0	0	0	0	0					
06/10/2026	O_FROTOE1226C92.00	FROTO_12/2026_AVRUPA_OPSIYON	D_EQ	SSO	D_EQ_ECP	DE_FROTO_ECP	FROTO.E	31/12/2026	3.32	3.2	3.75	0	0	0	0	0	0	0	0	0	0	0					
06/10/2026	O_FROTOE1226C94.00	FROTO_12/2026_AVRUPA_OPSIYON	D_EQ	SSO	D_EQ_ECP	DE_FROTO_ECP	FROTO.E	31/12/2026	3.04	2.88	5.56	0	0	0	0	0	0	0	0	0	0	0					
06/10/2026	O_FROTOE1226P68.00	FROTO_12/2026_AVRUPA_OPSIYON	D_EQ	SSO	D_EQ_EPP	DE_FROTO_EPP	FROTO.E	31/12/2026	1.25	1.16	7.76	0	0	0	0	0	0	0	0	0	0	0					
06/10/2026	O_FROTOE1226P70.00	FROTO_12/2026_AVRUPA_OPSIYON	D_EQ	SSO	D_EQ_EPP	DE_FROTO_EPP	FROTO.E	31/12/2026	1.5	1.43	4.9	0	0	0	0	0	0	0	0	0	0	0					
06/10/2026	O_FROTOE1226P72.00	FROTO_12/2026_AVRUPA_OPSIYON	D_EQ	SSO	D_EQ_EPP	DE_FROTO_EPP	FROTO.E	31/12/2026	1.79	1.74	2.87	0	0	0	0	0	0	0	0	0	0	0					
06/10/2026	O_FROTOE1226P74.00	FROTO_12/2026_AVRUPA_OPSIYON	D_EQ	SSO	D_EQ_EPP	DE_FROTO_EPP	FROTO.E	31/12/2026	2.13	2.12	0.47	0	0	0	0	0	0	0	0	0	0	0					
06/10/2026	O_FROTOE1226P76.00	FROTO_12/2026_AVRUPA_OPSIYON	D_EQ	SSO	D_EQ_EPP	DE_FROTO_EPP	FROTO.E	31/12/2026	2.54	2.56	-0.78	0	0	0	0	0	0	0	0	0	0	0					
06/10/2026	O_FROTOE1226P78.00	FROTO_12/2026_AVRUPA_OPSIYON	D_EQ	SSO	D_EQ_EPP	DE_FROTO_EPP	FROTO.E	31/12/2026	3.17	3.19	-0.63	0	0	0	0	0	0	0	0	0	0	0					
06/10/2026	O_FROTOE1226P80.00	FROTO_12/2026_AVRUPA_OPSIYON	D_EQ	SSO	D_EQ_EPP	DE_FROTO_EPP	FROTO.E	31/12/2026	3.89	3.92	-0.77	0	0	0	0	0	0	0	0	0	0	0					
06/10/2026	O_FROTOE1226P82.00	FROTO_12/2026_AVRUPA_OPSIYON	D_EQ	SSO	D_EQ_EPP	DE_FROTO_EPP	FROTO.E	31/12/2026	4.79	4.8	-0.21	0	0	0	0	0	0	0	0	0	0	0					
06/10/2026	O_FROTOE1226P84.00	FROTO_12/2026_AVRUPA_OPSIYON	D_EQ	SSO	D_EQ_EPP	DE_FROTO_EPP	FROTO.E	31/12/2026	5.8	5.8	0	0	0	0	0	0	0	0	0	0	0	0					
06/10/2026	O_GARANE1026C120.00	GARAN_10/2026_AVRUPA_OPSIYON	D_EQ	SSO	D_EQ_ECP	DE_GARAN_ECP	GARAN.E	30/10/2026	14.95	14.37	4.04	0	0	0	0	0	0	0	0	0	0	0					
06/10/2026	O_GARANE1026C125.00	GARAN_10/2026_AVRUPA_OPSIYON	D_EQ	SSO	D_EQ_ECP	DE_GARAN_ECP	GARAN.E	30/10/2026	10.85	10.34	4.93	0	0	0	0	0	0	0	0	0	0	0					
06/10/2026	O_GARANE1026C130.00	GARAN_10/2026_AVRUPA_OPSIYON	D_EQ	SSO	D_EQ_ECP	DE_GARAN_ECP	GARAN.E	30/10/2026	7.36	6.97	5.6	0	0	0	0	0	0	0	0	0	45	0					
06/10/2026	O_GARANE1026C135.00	GARAN_10/2026_AVRUPA_OPSIYON	D_EQ	SSO	D_EQ_ECP	DE_GARAN_ECP	GARAN.E	30/10/2026	4.68	4.42	5.88	0	0	0	0	0	0	0	0	0	90	0					
06/10/2026	O_GARANE1026C140.00	GARAN_10/2026_AVRUPA_OPSIYON	D_EQ	SSO	D_EQ_ECP	DE_GARAN_ECP	GARAN.E	30/10/2026	2.82	2.66	6.02	0	0	0	0	0	0	0	0	0	2	0					
06/10/2026	O_GARANE1026C145.00	GARAN_10/2026_AVRUPA_OPSIYON	D_EQ	SSO	D_EQ_ECP	DE_GARAN_ECP	GARAN.E	30/10/2026	1.72	1.64	4.88	0	0	0	0	0	0	0	0	0	0	0					
06/10/2026	O_GARANE1026C150.00	GARAN_10/2026_AVRUPA_OPSIYON	D_EQ	SSO	D_EQ_ECP	DE_GARAN_ECP	GARAN.E	30/10/2026	1.05	1	5	0	0	0	0	0	0	0	0	0	0	0					
06/10/2026	O_GARANE1026C155.00	GARAN_10/2026_AVRUPA_OPSIYON	D_EQ	SSO	D_EQ_ECP	DE_GARAN_ECP	GARAN.E	30/10/2026	0.65	0.62	4.84	0	0	0	0	0	0	0	0	0	0	0					
06/10/2026	O_GARANE1026C160.00	GARAN_10/2026_AVRUPA_OPSIYON	D_EQ	SSO	D_EQ_ECP	DE_GARAN_ECP	GARAN.E	30/10/2026	0.4	0.39	2.56	0	0	0	0	0	0	0	0	0	0	0					
06/10/2026	O_GARANE1026C165.00	GARAN_10/2026_AVRUPA_OPSIYON	D_EQ	SSO	D_EQ_ECP	DE_GARAN_ECP	GARAN.E	30/10/2026	0.25	0.25	0	0	0	0	0	0	0	0	0	0	0	0					
06/10/2026	O_GARANE1026C170.00	GARAN_10/2026_AVRUPA_OPSIYON	D_EQ	SSO	D_EQ_ECP	DE_GARAN_ECP	GARAN.E	30/10/2026	0.16	0.16	0	0	0	0	0	0	0	0	0	0	0	0					
06/10/2026	O_GARANE1026P100.00	GARAN_10/2026_AVRUPA_OPSIYON	D_EQ	SSO	D_EQ_EPP	DE_GARAN_EPP	GARAN.E	30/10/2026	0.02	0.03	-33.33	0	0	0	0	0	0	0	0	0	0	0					
06/10/2026	O_GARANE1026P105.00	GARAN_10/2026_AVRUPA_OPSIYON	D_EQ	SSO	D_EQ_EPP	DE_GARAN_EPP	GARAN.E	30/10/2026	0.07	0.08	-12.5	0	0	0	0	0	0	0	0	0	0	0					
06/10/2026	O_GARANE1026P110.00	GARAN_10/2026_AVRUPA_OPSIYON	D_EQ	SSO	D_EQ_EPP	DE_GARAN_EPP	GARAN.E	30/10/2026	0.16	0.19	-15.79	0	0	0	0	0	0	0	0	0	600	0					
06/10/2026	O_GARANE1026P115.00	GARAN_10/2026_AVRUPA_OPSIYON	D_EQ	SSO	D_EQ_EPP	DE_GARAN_EPP	GARAN.E	30/10/2026	0.37	0.42	-11.9	0	0	0	0	0	0	0	0	0	0	0					
06/10/2026	O_GARANE1026P120.00	GARAN_10/2026_AVRUPA_OPSIYON	D_EQ	SSO	D_EQ_EPP	DE_GARAN_EPP	GARAN.E	30/10/2026	0.79	0.89	-11.24	0	0	0	0	0	0	0	0	0	0	0					
06/10/2026	O_GARANE1026P125.00	GARAN_10/2026_AVRUPA_OPSIYON	D_EQ	SSO	D_EQ_EPP	DE_GARAN_EPP	GARAN.E	30/10/2026	1.56	1.73	-9.83	0	0	0	0	0	0	0	0	0	67	0					
06/10/2026	O_GARANE1026P130.00	GARAN_10/2026_AVRUPA_OPSIYON	D_EQ	SSO	D_EQ_EPP	DE_GARAN_EPP	GARAN.E	30/10/2026	2.95	3.23	-8.67	0	0	0	0	0	0	0	0	0	1390	0					
06/10/2026	O_GARANE1026P135.00	GARAN_10/2026_AVRUPA_OPSIYON	D_EQ	SSO	D_EQ_EPP	DE_GARAN_EPP	GARAN.E	30/10/2026	5.15	5.55	-7.21	0	0	0	0	0	0	0	0	0	500	0					
06/10/2026	O_GARANE1026P140.00	GARAN_10/2026_AVRUPA_OPSIYON	D_EQ	SSO	D_EQ_EPP	DE_GARAN_EPP	GARAN.E	30/10/2026	8.16	8.66	-5.77	0	0	0	0	0	0	0	0	0	0	0					
06/10/2026	O_GARANE1026P145.00	GARAN_10/2026_AVRUPA_OPSIYON	D_EQ	SSO	D_EQ_EPP	DE_GARAN_EPP	GARAN.E	30/10/2026	11.94	12.51	-4.56	0	0	0	0	0	0	0	0	0	22	0					
06/10/2026	O_GARANE1026P98.00	GARAN_10/2026_AVRUPA_OPSIYON	D_EQ	SSO	D_EQ_EPP	DE_GARAN_EPP	GARAN.E	30/10/2026	0.02	0.02	0	0	0	0	0	0	0	0	0	0	0	0					
06/10/2026	O_GARANE1126C125.00	GARAN_11/2026_AVRUPA_OPSIYON	D_EQ	SSO	D_EQ_ECP	DE_GARAN_ECP	GARAN.E	30/11/2026	15.79	15.22	3.75	0	0	0	0	0	0	0	0	0	0	0					
06/10/2026	O_GARANE1126C130.00	GARAN_11/2026_AVRUPA_OPSIYON	D_EQ	SSO	D_EQ_ECP	DE_GARAN_ECP	GARAN.E	30/11/2026	12.24	11.76	4.08	0	0	0	0	0	0	0	0	0	0	0					
06/10/2026	O_GARANE1126C135.00	GARAN_11/2026_AVRUPA_OPSIYON	D_EQ	SSO	D_EQ_ECP	DE_GARAN_ECP	GARAN.E	30/11/2026	9.33	8.92	4.6	0	0	0	0	0	0	0	0	0	0	0					
06/10/2026	O_GARANE1126C140.00	GARAN_11/2026_AVRUPA_OPSIYON	D_EQ	SSO	D_EQ_ECP	DE_GARAN_ECP	GARAN.E	30/11/2026	6.98	6.65	4.96	4.84	4.84	4.84	4.84	4.84	1400000	48400	100	10	281	100					
06/10/2026	O_GARANE1126C145.00	GARAN_11/2026_AVRUPA_OPSIYON	D_EQ	SSO	D_EQ_ECP	DE_GARAN_ECP	GARAN.E	30/11/2026	5.2	4.97	4.63	0	0	0	0	0	0	0	0	0	0	0					
06/10/2026	O_GARANE1126C150.00	GARAN_11/2026_AVRUPA_OPSIYON	D_EQ	SSO	D_EQ_ECP	DE_GARAN_ECP	GARAN.E	30/11/2026	4	3.83	4.44	0	0	0	0	0	0	0	0	0	0	0					
06/10/2026	O_GARANE1126C155.00	GARAN_11/2026_AVRUPA_OPSIYON	D_EQ	SSO	D_EQ_ECP	DE_GARAN_ECP	GARAN.E	30/11/2026	3.11	2.97	4.71	0	0	0	0	0	0	0	0	0	0	0					
06/10/2026	O_GARANE1126C160.00	GARAN_11/2026_AVRUPA_OPSIYON	D_EQ	SSO	D_EQ_ECP	DE_GARAN_ECP	GARAN.E	30/11/2026	2.45	2.33	5.15	0	0	0	0	0	0	0	0	0	0	0					
06/10/2026	O_GARANE1126C165.00	GARAN_11/2026_AVRUPA_OPSIYON	D_EQ	SSO	D_EQ_ECP	DE_GARAN_ECP	GARAN.E	30/11/2026	1.95	1.85	5.41	0	0	0	0	0	0	0	0	0	0	0					
06/10/2026	O_GARANE1126C170.00	GARAN_11/2026_AVRUPA_OPSIYON	D_EQ	SSO	D_EQ_ECP	DE_GARAN_ECP	GARAN.E	30/11/2026	1.57	1.5	4.67	0	0	0	0	0	0	0	0	0	0	0					
06/10/2026	O_GARANE1126C175.00	GARAN_11/2026_AVRUPA_OPSIYON	D_EQ	SSO	D_EQ_ECP	DE_GARAN_ECP	GARAN.E	30/11/2026	1.29	1.22	5.74	0	0	0	0	0	0	0	0	0	0	0					
06/10/2026	O_GARANE1126P100.00	GARAN_11/2026_AVRUPA_OPSIYON	D_EQ	SSO	D_EQ_EPP	DE_GARAN_EPP	GARAN.E	30/11/2026	0.27	0.28	-3.57	0	0	0	0	0	0	0	0	0	0	0					
06/10/2026	O_GARANE1126P105.00	GARAN_11/2026_AVRUPA_OPSIYON	D_EQ	SSO	D_EQ_EPP	DE_GARAN_EPP	GARAN.E	30/11/2026	0.45	0.47	-4.26	0	0	0	0	0	0	0	0	0	0	0					
06/10/2026	O_GARANE1126P110.00	GARAN_11/2026_AVRUPA_OPSIYON	D_EQ	SSO	D_EQ_EPP	DE_GARAN_EPP	GARAN.E	30/11/2026	0.74	0.76	-2.63	0	0	0	0	0	0	0	0	0	0	0					
06/10/2026	O_GARANE1126P115.00	GARAN_11/2026_AVRUPA_OPSIYON	D_EQ	SSO	D_EQ_EPP	DE_GARAN_EPP	GARAN.E	30/11/2026	1.16	1.2	-3.33	0	0	0	0	0	0	0	0	0	0	0					
06/10/2026	O_GARANE1126P120.00	GARAN_11/2026_AVRUPA_OPSIYON	D_EQ	SSO	D_EQ_EPP	DE_GARAN_EPP	GARAN.E	30/11/2026	1.77	1.84	-3.8	0	0	0	0	0	0	0	0	0	0	0					
06/10/2026	O_GARANE1126P125.00	GARAN_11/2026_AVRUPA_OPSIYON	D_EQ	SSO	D_EQ_EPP	DE_GARAN_EPP	GARAN.E	30/11/2026	2.63	2.74	-4.01	0	0	0	0	0	0	0	0	0	0	0					
06/10/2026	O_GARANE1126P130.00	GARAN_11/2026_AVRUPA_OPSIYON	D_EQ	SSO	D_EQ_EPP	DE_GARAN_EPP	GARAN.E	30/11/2026	3.81	3.99	-4.51	0	0	0	0	0	0	0	0	0	0	0					
06/10/2026	O_GARANE1126P135.00	GARAN_11/2026_AVRUPA_OPSIYON	D_EQ	SSO	D_EQ_EPP	DE_GARAN_EPP	GARAN.E	30/11/2026	5.62	5.87	-4.26	0	0	0	0	0	0	0	0	0	0	0					
06/10/2026	O_GARANE1126P140.00	GARAN_11/2026_AVRUPA_OPSIYON	D_EQ	SSO	D_EQ_EPP	DE_GARAN_EPP	GARAN.E	30/11/2026	7.98	8.32	-4.09	0	0	0	0	0	0	0	0	0	0	0					
06/10/2026	O_GARANE1126P145.00	GARAN_11/2026_AVRUPA_OPSIYON	D_EQ	SSO	D_EQ_EPP	DE_GARAN_EPP	GARAN.E	30/11/2026	10.93	11.36	-3.79	0	0	0	0	0	0	0	0	0	0	0					
06/10/2026	O_GARANE1126P150.00	GARAN_11/2026_AVRUPA_OPSIYON	D_EQ	SSO	D_EQ_EPP	DE_GARAN_EPP	GARAN.E	30/11/2026	14.46	14.93	-3.15	0	0	0	0	0	0	0	0	0	0	0					
06/10/2026	O_GARANE1226C130.00	GARAN_12/2026_AVRUPA_OPSIYON	D_EQ	SSO	D_EQ_ECP	DE_GARAN_ECP	GARAN.E	31/12/2026	18.16	17.59	3.24	0	0	0	0	0	0	0	0	0	0	0					
06/10/2026	O_GARANE1226C135.00	GARAN_12/2026_AVRUPA_OPSIYON	D_EQ	SSO	D_EQ_ECP	DE_GARAN_ECP	GARAN.E	31/12/2026	14.89	14.4	3.4	0	0	0	0	0	0	0	0	0	0	0					
06/10/2026	O_GARANE1226C140.00	GARAN_12/2026_AVRUPA_OPSIYON	D_EQ	SSO	D_EQ_ECP	DE_GARAN_ECP	GARAN.E	31/12/2026	12.12	11.69	3.68	0	0	0	0	0	0	0	0	0	0	0					
06/10/2026	O_GARANE1226C145.00	GARAN_12/2026_AVRUPA_OPSIYON	D_EQ	SSO	D_EQ_ECP	DE_GARAN_ECP	GARAN.E	31/12/2026	9.84	9.47	3.91	0	0	0	0	0	0	0	0	0	0	0					
06/10/2026	O_GARANE1226C150.00	GARAN_12/2026_AVRUPA_OPSIYON	D_EQ	SSO	D_EQ_ECP	DE_GARAN_ECP	GARAN.E	31/12/2026	8.08	7.8	3.59	0	0	0	0	0	0	0	0	0	0	0					
06/10/2026	O_GARANE1226C155.00	GARAN_12/2026_AVRUPA_OPSIYON	D_EQ	SSO	D_EQ_ECP	DE_GARAN_ECP	GARAN.E	31/12/2026	6.78	6.54	3.67	0	0	0	0	0	0	0	0	0	0	0					
06/10/2026	O_GARANE1226C160.00	GARAN_12/2026_AVRUPA_OPSIYON	D_EQ	SSO	D_EQ_ECP	DE_GARAN_ECP	GARAN.E	31/12/2026	5.74	5.53	3.8	0	0	0	0	0	0	0	0	0	0	0					
06/10/2026	O_GARANE1226C165.00	GARAN_12/2026_AVRUPA_OPSIYON	D_EQ	SSO	D_EQ_ECP	DE_GARAN_ECP	GARAN.E	31/12/2026	4.91	4.72	4.03	0	0	0	0	0	0	0	0	0	0	0					
06/10/2026	O_GARANE1226C170.00	GARAN_12/2026_AVRUPA_OPSIYON	D_EQ	SSO	D_EQ_ECP	DE_GARAN_ECP	GARAN.E	31/12/2026	4.23		0	0	0	0	0	0	0	0	0	0	0	0					
06/10/2026	O_GARANE1226P105.00	GARAN_12/2026_AVRUPA_OPSIYON	D_EQ	SSO	D_EQ_EPP	DE_GARAN_EPP	GARAN.E	31/12/2026	0.73	0.73	0	0	0	0	0	0	0	0	0	0	0	0					
06/10/2026	O_GARANE1226P110.00	GARAN_12/2026_AVRUPA_OPSIYON	D_EQ	SSO	D_EQ_EPP	DE_GARAN_EPP	GARAN.E	31/12/2026	1.04	1.05	-0.95	0	0	0	0	0	0	0	0	0	0	0					
06/10/2026	O_GARANE1226P115.00	GARAN_12/2026_AVRUPA_OPSIYON	D_EQ	SSO	D_EQ_EPP	DE_GARAN_EPP	GARAN.E	31/12/2026	1.46	1.47	-0.68	0	0	0	0	0	0	0	0	0	0	0					
06/10/2026	O_GARANE1226P120.00	GARAN_12/2026_AVRUPA_OPSIYON	D_EQ	SSO	D_EQ_EPP	DE_GARAN_EPP	GARAN.E	31/12/2026	2	2.03	-1.48	0	0	0	0	0	0	0	0	0	0	0					
06/10/2026	O_GARANE1226P125.00	GARAN_12/2026_AVRUPA_OPSIYON	D_EQ	SSO	D_EQ_EPP	DE_GARAN_EPP	GARAN.E	31/12/2026	2.7	2.76	-2.17	0	0	0	0	0	0	0	0	0	0	0					
06/10/2026	O_GARANE1226P130.00	GARAN_12/2026_AVRUPA_OPSIYON	D_EQ	SSO	D_EQ_EPP	DE_GARAN_EPP	GARAN.E	31/12/2026	3.61	3.69	-2.17	0	0	0	0	0	0	0	0	0	0	0					
06/10/2026	O_GARANE1226P135.00	GARAN_12/2026_AVRUPA_OPSIYON	D_EQ	SSO	D_EQ_EPP	DE_GARAN_EPP	GARAN.E	31/12/2026	4.83	4.98	-3.01	0	0	0	0	0	0	0	0	0	0	0					
06/10/2026	O_GARANE1226P140.00	GARAN_12/2026_AVRUPA_OPSIYON	D_EQ	SSO	D_EQ_EPP	DE_GARAN_EPP	GARAN.E	31/12/2026	6.54	6.75	-3.11	0	0	0	0	0	0	0	0	0	0	0					
06/10/2026	O_GARANE1226P145.00	GARAN_12/2026_AVRUPA_OPSIYON	D_EQ	SSO	D_EQ_EPP	DE_GARAN_EPP	GARAN.E	31/12/2026	8.75		0	0	0	0	0	0	0	0	0	0	0	0					
06/10/2026	O_HALKBE1026C34.00	HALKB_10/2026_AVRUPA_OPSIYON	D_EQ	SSO	D_EQ_ECP	DE_HALKB_ECP	HALKB.E	30/10/2026	12.09	11.68	3.51	0	0	0	0	0	0	0	0	0	0	0					
06/10/2026	O_HALKBE1026C35.00	HALKB_10/2026_AVRUPA_OPSIYON	D_EQ	SSO	D_EQ_ECP	DE_HALKB_ECP	HALKB.E	30/10/2026	11.13	10.72	3.82	0	0	0	0	0	0	0	0	0	0	0					
06/10/2026	O_HALKBE1026C36.00	HALKB_10/2026_AVRUPA_OPSIYON	D_EQ	SSO	D_EQ_ECP	DE_HALKB_ECP	HALKB.E	30/10/2026	10.17	9.76	4.2	0	0	0	0	0	0	0	0	0	0	0					
06/10/2026	O_HALKBE1026C37.00	HALKB_10/2026_AVRUPA_OPSIYON	D_EQ	SSO	D_EQ_ECP	DE_HALKB_ECP	HALKB.E	30/10/2026	9.23	8.82	4.65	0	0	0	0	0	0	0	0	0	0	0					
06/10/2026	O_HALKBE1026C38.00	HALKB_10/2026_AVRUPA_OPSIYON	D_EQ	SSO	D_EQ_ECP	DE_HALKB_ECP	HALKB.E	30/10/2026	8.3	7.9	5.06	0	0	0	0	0	0	0	0	0	25	0					
06/10/2026	O_HALKBE1026C39.00	HALKB_10/2026_AVRUPA_OPSIYON	D_EQ	SSO	D_EQ_ECP	DE_HALKB_ECP	HALKB.E	30/10/2026	7.39	7	5.57	0	0	0	0	0	0	0	0	0	25	0					
06/10/2026	O_HALKBE1026C40.00	HALKB_10/2026_AVRUPA_OPSIYON	D_EQ	SSO	D_EQ_ECP	DE_HALKB_ECP	HALKB.E	30/10/2026	6.5	6.12	6.21	0	0	0	0	0	0	0	0	0	105	0					
06/10/2026	O_HALKBE1026C41.00	HALKB_10/2026_AVRUPA_OPSIYON	D_EQ	SSO	D_EQ_ECP	DE_HALKB_ECP	HALKB.E	30/10/2026	5.65	5.29	6.81	0	0	0	0	0	0	0	0	0	25	0					
06/10/2026	O_HALKBE1026C42.00	HALKB_10/2026_AVRUPA_OPSIYON	D_EQ	SSO	D_EQ_ECP	DE_HALKB_ECP	HALKB.E	30/10/2026	4.84	4.49	7.8	0	0	0	0	0	0	0	0	0	25	0					
06/10/2026	O_HALKBE1026C43.00	HALKB_10/2026_AVRUPA_OPSIYON	D_EQ	SSO	D_EQ_ECP	DE_HALKB_ECP	HALKB.E	30/10/2026	4.08	3.75	8.8	0	0	0	0	0	0	0	0	0	25	0					
06/10/2026	O_HALKBE1026C44.00	HALKB_10/2026_AVRUPA_OPSIYON	D_EQ	SSO	D_EQ_ECP	DE_HALKB_ECP	HALKB.E	30/10/2026	3.39	3.08	10.06	0	0	0	0	0	0	0	0	0	40	0					
06/10/2026	O_HALKBE1026C45.00	HALKB_10/2026_AVRUPA_OPSIYON	D_EQ	SSO	D_EQ_ECP	DE_HALKB_ECP	HALKB.E	30/10/2026	2.78	2.5	11.2	0	0	0	0	0	0	0	0	0	47	0					
06/10/2026	O_HALKBE1026C46.00	HALKB_10/2026_AVRUPA_OPSIYON	D_EQ	SSO	D_EQ_ECP	DE_HALKB_ECP	HALKB.E	30/10/2026	2.24	2	12	0	0	0	0	0	0	0	0	0	20	0					
06/10/2026	O_HALKBE1026C47.00	HALKB_10/2026_AVRUPA_OPSIYON	D_EQ	SSO	D_EQ_ECP	DE_HALKB_ECP	HALKB.E	30/10/2026	1.79	1.58	13.29	0	0	0	0	0	0	0	0	0	80	0					
06/10/2026	O_HALKBE1026C48.00	HALKB_10/2026_AVRUPA_OPSIYON	D_EQ	SSO	D_EQ_ECP	DE_HALKB_ECP	HALKB.E	30/10/2026	1.41	1.23	14.63	0	0	0	0	0	0	0	0	0	290	0					
06/10/2026	O_HALKBE1026C49.00	HALKB_10/2026_AVRUPA_OPSIYON	D_EQ	SSO	D_EQ_ECP	DE_HALKB_ECP	HALKB.E	30/10/2026	1.11	0.98	13.27	0	0	0	0	0	0	0	0	0	122	0					
06/10/2026	O_HALKBE1026C50.00	HALKB_10/2026_AVRUPA_OPSIYON	D_EQ	SSO	D_EQ_ECP	DE_HALKB_ECP	HALKB.E	30/10/2026	0.87	0.77	12.99	0	0	0	0	0	0	0	0	0	172	0					
06/10/2026	O_HALKBE1026C52.00	HALKB_10/2026_AVRUPA_OPSIYON	D_EQ	SSO	D_EQ_ECP	DE_HALKB_ECP	HALKB.E	30/10/2026	0.54	0.48	12.5	0	0	0	0	0	0	0	0	0	115	0					
06/10/2026	O_HALKBE1026C54.00	HALKB_10/2026_AVRUPA_OPSIYON	D_EQ	SSO	D_EQ_ECP	DE_HALKB_ECP	HALKB.E	30/10/2026	0.33	0.3	10	0	0	0	0	0	0	0	0	0	0	0					
06/10/2026	O_HALKBE1026C56.00	HALKB_10/2026_AVRUPA_OPSIYON	D_EQ	SSO	D_EQ_ECP	DE_HALKB_ECP	HALKB.E	30/10/2026	0.2	0.19	5.26	0	0	0	0	0	0	0	0	0	0	0					
06/10/2026	O_HALKBE1026C58.00	HALKB_10/2026_AVRUPA_OPSIYON	D_EQ	SSO	D_EQ_ECP	DE_HALKB_ECP	HALKB.E	30/10/2026	0.12	0.12	0	0	0	0	0	0	0	0	0	0	520	0					
06/10/2026	O_HALKBE1026C60.00	HALKB_10/2026_AVRUPA_OPSIYON	D_EQ	SSO	D_EQ_ECP	DE_HALKB_ECP	HALKB.E	30/10/2026	0.07	0.08	-12.5	0	0	0	0	0	0	0	0	0	0	0					
06/10/2026	O_HALKBE1026C62.00	HALKB_10/2026_AVRUPA_OPSIYON	D_EQ	SSO	D_EQ_ECP	DE_HALKB_ECP	HALKB.E	30/10/2026	0.05	0.05	0	0	0	0	0	0	0	0	0	0	0	0					
06/10/2026	O_HALKBE1026C64.00	HALKB_10/2026_AVRUPA_OPSIYON	D_EQ	SSO	D_EQ_ECP	DE_HALKB_ECP	HALKB.E	30/10/2026	0.03	0.04	-25	0	0	0	0	0	0	0	0	0	0	0					
06/10/2026	O_HALKBE1026C66.00	HALKB_10/2026_AVRUPA_OPSIYON	D_EQ	SSO	D_EQ_ECP	DE_HALKB_ECP	HALKB.E	30/10/2026	0.02	0.02	0	0	0	0	0	0	0	0	0	0	0	0					
06/10/2026	O_HALKBE1026C68.00	HALKB_10/2026_AVRUPA_OPSIYON	D_EQ	SSO	D_EQ_ECP	DE_HALKB_ECP	HALKB.E	30/10/2026	0.01	0.02	-50	0	0	0	0	0	0	0	0	0	0	0					
06/10/2026	O_HALKBE1026P29.00	HALKB_10/2026_AVRUPA_OPSIYON	D_EQ	SSO	D_EQ_EPP	DE_HALKB_EPP	HALKB.E	30/10/2026	0.01	0.01	0	0	0	0	0	0	0	0	0	0	0	0					
06/10/2026	O_HALKBE1026P30.00	HALKB_10/2026_AVRUPA_OPSIYON	D_EQ	SSO	D_EQ_EPP	DE_HALKB_EPP	HALKB.E	30/10/2026	0.01	0.01	0	0	0	0	0	0	0	0	0	0	0	0					
06/10/2026	O_HALKBE1026P31.00	HALKB_10/2026_AVRUPA_OPSIYON	D_EQ	SSO	D_EQ_EPP	DE_HALKB_EPP	HALKB.E	30/10/2026	0.01	0.01	0	0	0	0	0	0	0	0	0	0	0	0					
06/10/2026	O_HALKBE1026P32.00	HALKB_10/2026_AVRUPA_OPSIYON	D_EQ	SSO	D_EQ_EPP	DE_HALKB_EPP	HALKB.E	30/10/2026	0.01	0.01	0	0	0	0	0	0	0	0	0	0	0	0					
06/10/2026	O_HALKBE1026P33.00	HALKB_10/2026_AVRUPA_OPSIYON	D_EQ	SSO	D_EQ_EPP	DE_HALKB_EPP	HALKB.E	30/10/2026	0.01	0.01	0	0	0	0	0	0	0	0	0	0	0	0					
06/10/2026	O_HALKBE1026P34.00	HALKB_10/2026_AVRUPA_OPSIYON	D_EQ	SSO	D_EQ_EPP	DE_HALKB_EPP	HALKB.E	30/10/2026	0.02	0.02	0	0	0	0	0	0	0	0	0	0	100	0					
06/10/2026	O_HALKBE1026P35.00	HALKB_10/2026_AVRUPA_OPSIYON	D_EQ	SSO	D_EQ_EPP	DE_HALKB_EPP	HALKB.E	30/10/2026	0.03	0.04	-25	0	0	0	0	0	0	0	0	0	0	0					
06/10/2026	O_HALKBE1026P36.00	HALKB_10/2026_AVRUPA_OPSIYON	D_EQ	SSO	D_EQ_EPP	DE_HALKB_EPP	HALKB.E	30/10/2026	0.05	0.06	-16.67	0	0	0	0	0	0	0	0	0	300	0					
06/10/2026	O_HALKBE1026P37.00	HALKB_10/2026_AVRUPA_OPSIYON	D_EQ	SSO	D_EQ_EPP	DE_HALKB_EPP	HALKB.E	30/10/2026	0.08	0.09	-11.11	0	0	0	0	0	0	0	0	0	121	0					
06/10/2026	O_HALKBE1026P38.00	HALKB_10/2026_AVRUPA_OPSIYON	D_EQ	SSO	D_EQ_EPP	DE_HALKB_EPP	HALKB.E	30/10/2026	0.12	0.14	-14.29	0	0	0	0	0	0	0	0	0	0	0					
06/10/2026	O_HALKBE1026P39.00	HALKB_10/2026_AVRUPA_OPSIYON	D_EQ	SSO	D_EQ_EPP	DE_HALKB_EPP	HALKB.E	30/10/2026	0.18	0.22	-18.18	0	0	0	0	0	0	0	0	0	100	0					
06/10/2026	O_HALKBE1026P40.00	HALKB_10/2026_AVRUPA_OPSIYON	D_EQ	SSO	D_EQ_EPP	DE_HALKB_EPP	HALKB.E	30/10/2026	0.27	0.32	-15.63	0	0	0	0	0	0	0	0	0	200	0					
06/10/2026	O_HALKBE1026P41.00	HALKB_10/2026_AVRUPA_OPSIYON	D_EQ	SSO	D_EQ_EPP	DE_HALKB_EPP	HALKB.E	30/10/2026	0.4	0.45	-11.11	0	0	0	0	0	0	0	0	0	171	0					
06/10/2026	O_HALKBE1026P42.00	HALKB_10/2026_AVRUPA_OPSIYON	D_EQ	SSO	D_EQ_EPP	DE_HALKB_EPP	HALKB.E	30/10/2026	0.57	0.63	-9.52	0	0	0	0	0	0	0	0	0	62	0					
06/10/2026	O_HALKBE1026P43.00	HALKB_10/2026_AVRUPA_OPSIYON	D_EQ	SSO	D_EQ_EPP	DE_HALKB_EPP	HALKB.E	30/10/2026	0.78	0.86	-9.3	0	0	0	0	0	0	0	0	0	75	0					
06/10/2026	O_HALKBE1026P44.00	HALKB_10/2026_AVRUPA_OPSIYON	D_EQ	SSO	D_EQ_EPP	DE_HALKB_EPP	HALKB.E	30/10/2026	1.06	1.17	-9.4	0	0	0	0	0	0	0	0	0	100	0					
06/10/2026	O_HALKBE1026P45.00	HALKB_10/2026_AVRUPA_OPSIYON	D_EQ	SSO	D_EQ_EPP	DE_HALKB_EPP	HALKB.E	30/10/2026	1.43	1.57	-8.92	0	0	0	0	0	0	0	0	0	65	0					
06/10/2026	O_HALKBE1026P46.00	HALKB_10/2026_AVRUPA_OPSIYON	D_EQ	SSO	D_EQ_EPP	DE_HALKB_EPP	HALKB.E	30/10/2026	1.87	2.04	-8.33	0	0	0	0	0	0	0	0	0	25	0					
06/10/2026	O_HALKBE1026P47.00	HALKB_10/2026_AVRUPA_OPSIYON	D_EQ	SSO	D_EQ_EPP	DE_HALKB_EPP	HALKB.E	30/10/2026	2.39	2.59	-7.72	0	0	0	0	0	0	0	0	0	25	0					
06/10/2026	O_HALKBE1026P48.00	HALKB_10/2026_AVRUPA_OPSIYON	D_EQ	SSO	D_EQ_EPP	DE_HALKB_EPP	HALKB.E	30/10/2026	2.99	3.22	-7.14	4.72	4.69	4.72	4.69	4.71	475200	46629	99	9	0	-99					
06/10/2026	O_HALKBE1026P49.00	HALKB_10/2026_AVRUPA_OPSIYON	D_EQ	SSO	D_EQ_EPP	DE_HALKB_EPP	HALKB.E	30/10/2026	3.66	3.94	-7.11	0	0	0	0	0	0	0	0	0	0	0					
06/10/2026	O_HALKBE1026P50.00	HALKB_10/2026_AVRUPA_OPSIYON	D_EQ	SSO	D_EQ_EPP	DE_HALKB_EPP	HALKB.E	30/10/2026	4.4	4.71	-6.58	0	0	0	0	0	0	0	0	0	0	0					
06/10/2026	O_HALKBE1026P52.00	HALKB_10/2026_AVRUPA_OPSIYON	D_EQ	SSO	D_EQ_EPP	DE_HALKB_EPP	HALKB.E	30/10/2026	6.01	6.36	-5.5	0	0	0	0	0	0	0	0	0	10	0					
06/10/2026	O_HALKBE1026P54.00	HALKB_10/2026_AVRUPA_OPSIYON	D_EQ	SSO	D_EQ_EPP	DE_HALKB_EPP	HALKB.E	30/10/2026	7.75	8.13	-4.67	12	9.62	12	9.62	9.84	59400	10820	11	2	2510	0					
06/10/2026	O_HALKBE1026P56.00	HALKB_10/2026_AVRUPA_OPSIYON	D_EQ	SSO	D_EQ_EPP	DE_HALKB_EPP	HALKB.E	30/10/2026	9.58	9.97	-3.91	0	0	0	0	0	0	0	0	0	0	0					
06/10/2026	O_HALKBE1026P58.00	HALKB_10/2026_AVRUPA_OPSIYON	D_EQ	SSO	D_EQ_EPP	DE_HALKB_EPP	HALKB.E	30/10/2026	11.45	11.85	-3.38	0	0	0	0	0	0	0	0	0	0	0					
06/10/2026	O_HALKBE1126C43.00	HALKB_11/2026_AVRUPA_OPSIYON	D_EQ	SSO	D_EQ_ECP	DE_HALKB_ECP	HALKB.E	30/11/2026	5.91	5.54	6.68	0	0	0	0	0	0	0	0	0	0	0					
06/10/2026	O_HALKBE1126C44.00	HALKB_11/2026_AVRUPA_OPSIYON	D_EQ	SSO	D_EQ_ECP	DE_HALKB_ECP	HALKB.E	30/11/2026	5.24	4.87	7.6	0	0	0	0	0	0	0	0	0	0	0					
06/10/2026	O_HALKBE1126C45.00	HALKB_11/2026_AVRUPA_OPSIYON	D_EQ	SSO	D_EQ_ECP	DE_HALKB_ECP	HALKB.E	30/11/2026	4.6	4.26	7.98	0	0	0	0	0	0	0	0	0	0	0					
06/10/2026	O_HALKBE1126C46.00	HALKB_11/2026_AVRUPA_OPSIYON	D_EQ	SSO	D_EQ_ECP	DE_HALKB_ECP	HALKB.E	30/11/2026	4.05	3.72	8.87	0	0	0	0	0	0	0	0	0	0	0					
06/10/2026	O_HALKBE1126C47.00	HALKB_11/2026_AVRUPA_OPSIYON	D_EQ	SSO	D_EQ_ECP	DE_HALKB_ECP	HALKB.E	30/11/2026	3.53	3.23	9.29	0	0	0	0	0	0	0	0	0	1	0					
06/10/2026	O_HALKBE1126C48.00	HALKB_11/2026_AVRUPA_OPSIYON	D_EQ	SSO	D_EQ_ECP	DE_HALKB_ECP	HALKB.E	30/11/2026	3.08	2.8	10	0	0	0	0	0	0	0	0	0	0	0					
06/10/2026	O_HALKBE1126C49.00	HALKB_11/2026_AVRUPA_OPSIYON	D_EQ	SSO	D_EQ_ECP	DE_HALKB_ECP	HALKB.E	30/11/2026	2.67	2.42	10.33	0	0	0	0	0	0	0	0	0	0	0					
06/10/2026	O_HALKBE1126C50.00	HALKB_11/2026_AVRUPA_OPSIYON	D_EQ	SSO	D_EQ_ECP	DE_HALKB_ECP	HALKB.E	30/11/2026	2.33	2.12	9.91	0	0	0	0	0	0	0	0	0	0	0					
06/10/2026	O_HALKBE1126C52.00	HALKB_11/2026_AVRUPA_OPSIYON	D_EQ	SSO	D_EQ_ECP	DE_HALKB_ECP	HALKB.E	30/11/2026	1.79	1.64	9.15	0	0	0	0	0	0	0	0	0	0	0					
06/10/2026	O_HALKBE1126C54.00	HALKB_11/2026_AVRUPA_OPSIYON	D_EQ	SSO	D_EQ_ECP	DE_HALKB_ECP	HALKB.E	30/11/2026	1.38	1.28	7.81	1.24	1.2	1.24	1.2	1.22	27000	610	5	5	5	5					
06/10/2026	O_HALKBE1126C56.00	HALKB_11/2026_AVRUPA_OPSIYON	D_EQ	SSO	D_EQ_ECP	DE_HALKB_ECP	HALKB.E	30/11/2026	1.07	1	7	0	0	0	0	0	0	0	0	0	10	0					
06/10/2026	O_HALKBE1126C58.00	HALKB_11/2026_AVRUPA_OPSIYON	D_EQ	SSO	D_EQ_ECP	DE_HALKB_ECP	HALKB.E	30/11/2026	0.84	0.8	5	0	0	0	0	0	0	0	0	0	10	0					
06/10/2026	O_HALKBE1126C60.00	HALKB_11/2026_AVRUPA_OPSIYON	D_EQ	SSO	D_EQ_ECP	DE_HALKB_ECP	HALKB.E	30/11/2026	0.66	0.64	3.13	0	0	0	0	0	0	0	0	0	80	0					
06/10/2026	O_HALKBE1126C62.00	HALKB_11/2026_AVRUPA_OPSIYON	D_EQ	SSO	D_EQ_ECP	DE_HALKB_ECP	HALKB.E	30/11/2026	0.52	0.53	-1.89	0	0	0	0	0	0	0	0	0	16	0					
06/10/2026	O_HALKBE1126C64.00	HALKB_11/2026_AVRUPA_OPSIYON	D_EQ	SSO	D_EQ_ECP	DE_HALKB_ECP	HALKB.E	30/11/2026	0.42	0.43	-2.33	0	0	0	0	0	0	0	0	0	0	0					
06/10/2026	O_HALKBE1126C66.00	HALKB_11/2026_AVRUPA_OPSIYON	D_EQ	SSO	D_EQ_ECP	DE_HALKB_ECP	HALKB.E	30/11/2026	0.34	0.36	-5.56	0	0	0	0	0	0	0	0	0	0	0					
06/10/2026	O_HALKBE1126C68.00	HALKB_11/2026_AVRUPA_OPSIYON	D_EQ	SSO	D_EQ_ECP	DE_HALKB_ECP	HALKB.E	30/11/2026	0.28	0.31	-9.68	0	0	0	0	0	0	0	0	0	0	0					
06/10/2026	O_HALKBE1126C70.00	HALKB_11/2026_AVRUPA_OPSIYON	D_EQ	SSO	D_EQ_ECP	DE_HALKB_ECP	HALKB.E	30/11/2026	0.23	0.26	-11.54	0	0	0	0	0	0	0	0	0	1000	0					
06/10/2026	O_HALKBE1126P38.00	HALKB_11/2026_AVRUPA_OPSIYON	D_EQ	SSO	D_EQ_EPP	DE_HALKB_EPP	HALKB.E	30/11/2026	0.42	0.46	-8.7	0	0	0	0	0	0	0	0	0	0	0					
06/10/2026	O_HALKBE1126P39.00	HALKB_11/2026_AVRUPA_OPSIYON	D_EQ	SSO	D_EQ_EPP	DE_HALKB_EPP	HALKB.E	30/11/2026	0.54	0.58	-6.9	0	0	0	0	0	0	0	0	0	0	0					
06/10/2026	O_HALKBE1126P40.00	HALKB_11/2026_AVRUPA_OPSIYON	D_EQ	SSO	D_EQ_EPP	DE_HALKB_EPP	HALKB.E	30/11/2026	0.68	0.72	-5.56	0	0	0	0	0	0	0	0	0	0	0					
06/10/2026	O_HALKBE1126P41.00	HALKB_11/2026_AVRUPA_OPSIYON	D_EQ	SSO	D_EQ_EPP	DE_HALKB_EPP	HALKB.E	30/11/2026	0.85	0.89	-4.49	0	0	0	0	0	0	0	0	0	0	0					
06/10/2026	O_HALKBE1126P42.00	HALKB_11/2026_AVRUPA_OPSIYON	D_EQ	SSO	D_EQ_EPP	DE_HALKB_EPP	HALKB.E	30/11/2026	1.05	1.09	-3.67	0	0	0	0	0	0	0	0	0	0	0					
06/10/2026	O_HALKBE1126P43.00	HALKB_11/2026_AVRUPA_OPSIYON	D_EQ	SSO	D_EQ_EPP	DE_HALKB_EPP	HALKB.E	30/11/2026	1.28	1.33	-3.76	0	0	0	0	0	0	0	0	0	0	0					
06/10/2026	O_HALKBE1126P44.00	HALKB_11/2026_AVRUPA_OPSIYON	D_EQ	SSO	D_EQ_EPP	DE_HALKB_EPP	HALKB.E	30/11/2026	1.55	1.6	-3.13	0	0	0	0	0	0	0	0	0	0	0					
06/10/2026	O_HALKBE1126P45.00	HALKB_11/2026_AVRUPA_OPSIYON	D_EQ	SSO	D_EQ_EPP	DE_HALKB_EPP	HALKB.E	30/11/2026	1.86	1.94	-4.12	0	0	0	0	0	0	0	0	0	0	0					
06/10/2026	O_HALKBE1126P46.00	HALKB_11/2026_AVRUPA_OPSIYON	D_EQ	SSO	D_EQ_EPP	DE_HALKB_EPP	HALKB.E	30/11/2026	2.25	2.33	-3.43	0	0	0	0	0	0	0	0	0	0	0					
06/10/2026	O_HALKBE1126P47.00	HALKB_11/2026_AVRUPA_OPSIYON	D_EQ	SSO	D_EQ_EPP	DE_HALKB_EPP	HALKB.E	30/11/2026	2.68	2.79	-3.94	0	0	0	0	0	0	0	0	0	0	0					
06/10/2026	O_HALKBE1126P48.00	HALKB_11/2026_AVRUPA_OPSIYON	D_EQ	SSO	D_EQ_EPP	DE_HALKB_EPP	HALKB.E	30/11/2026	3.17	3.3	-3.94	0	0	0	0	0	0	0	0	0	0	0					
06/10/2026	O_HALKBE1126P49.00	HALKB_11/2026_AVRUPA_OPSIYON	D_EQ	SSO	D_EQ_EPP	DE_HALKB_EPP	HALKB.E	30/11/2026	3.71	3.86	-3.89	0	0	0	0	0	0	0	0	0	0	0					
06/10/2026	O_HALKBE1126P50.00	HALKB_11/2026_AVRUPA_OPSIYON	D_EQ	SSO	D_EQ_EPP	DE_HALKB_EPP	HALKB.E	30/11/2026	4.3	4.51	-4.66	0	0	0	0	0	0	0	0	0	0	0					
06/10/2026	O_HALKBE1126P52.00	HALKB_11/2026_AVRUPA_OPSIYON	D_EQ	SSO	D_EQ_EPP	DE_HALKB_EPP	HALKB.E	30/11/2026	5.66	5.91	-4.23	0	0	0	0	0	0	0	0	0	0	0					
06/10/2026	O_HALKBE1126P54.00	HALKB_11/2026_AVRUPA_OPSIYON	D_EQ	SSO	D_EQ_EPP	DE_HALKB_EPP	HALKB.E	30/11/2026	7.14	7.44	-4.03	0	0	0	0	0	0	0	0	0	80	0					
06/10/2026	O_HALKBE1126P56.00	HALKB_11/2026_AVRUPA_OPSIYON	D_EQ	SSO	D_EQ_EPP	DE_HALKB_EPP	HALKB.E	30/11/2026	8.72	9.05	-3.65	0	0	0	0	0	0	0	0	0	0	0					
06/10/2026	O_HALKBE1126P58.00	HALKB_11/2026_AVRUPA_OPSIYON	D_EQ	SSO	D_EQ_EPP	DE_HALKB_EPP	HALKB.E	30/11/2026	10.37	10.73	-3.36	0	0	0	0	0	0	0	0	0	0	0					
06/10/2026	O_HALKBE1126P60.00	HALKB_11/2026_AVRUPA_OPSIYON	D_EQ	SSO	D_EQ_EPP	DE_HALKB_EPP	HALKB.E	30/11/2026	12.08	12.47	-3.13	14.17	14.16	14.21	14.16	14.19	258000	60998	43	15	140	43					
06/10/2026	O_HALKBE1226C47.00	HALKB_12/2026_AVRUPA_OPSIYON	D_EQ	SSO	D_EQ_ECP	DE_HALKB_ECP	HALKB.E	31/12/2026	5.5	5.14	7	0	0	0	0	0	0	0	0	0	0	0					
06/10/2026	O_HALKBE1226C48.00	HALKB_12/2026_AVRUPA_OPSIYON	D_EQ	SSO	D_EQ_ECP	DE_HALKB_ECP	HALKB.E	31/12/2026	4.98	4.63	7.56	0	0	0	0	0	0	0	0	0	0	0					
06/10/2026	O_HALKBE1226C49.00	HALKB_12/2026_AVRUPA_OPSIYON	D_EQ	SSO	D_EQ_ECP	DE_HALKB_ECP	HALKB.E	31/12/2026	4.51	4.18	7.89	0	0	0	0	0	0	0	0	0	0	0					
06/10/2026	O_HALKBE1226C50.00	HALKB_12/2026_AVRUPA_OPSIYON	D_EQ	SSO	D_EQ_ECP	DE_HALKB_ECP	HALKB.E	31/12/2026	4.08	3.77	8.22	0	0	0	0	0	0	0	0	0	0	0					
06/10/2026	O_HALKBE1226C52.00	HALKB_12/2026_AVRUPA_OPSIYON	D_EQ	SSO	D_EQ_ECP	DE_HALKB_ECP	HALKB.E	31/12/2026	3.37	3.13	7.67	0	0	0	0	0	0	0	0	0	0	0					
06/10/2026	O_HALKBE1226C54.00	HALKB_12/2026_AVRUPA_OPSIYON	D_EQ	SSO	D_EQ_ECP	DE_HALKB_ECP	HALKB.E	31/12/2026	2.82	2.63	7.22	0	0	0	0	0	0	0	0	0	0	0					
06/10/2026	O_HALKBE1226C56.00	HALKB_12/2026_AVRUPA_OPSIYON	D_EQ	SSO	D_EQ_ECP	DE_HALKB_ECP	HALKB.E	31/12/2026	2.37	2.23	6.28	0	0	0	0	0	0	0	0	0	0	0					
06/10/2026	O_HALKBE1226C58.00	HALKB_12/2026_AVRUPA_OPSIYON	D_EQ	SSO	D_EQ_ECP	DE_HALKB_ECP	HALKB.E	31/12/2026	2	1.9	5.26	0	0	0	0	0	0	0	0	0	0	0					
06/10/2026	O_HALKBE1226C60.00	HALKB_12/2026_AVRUPA_OPSIYON	D_EQ	SSO	D_EQ_ECP	DE_HALKB_ECP	HALKB.E	31/12/2026	1.7	1.64	3.66	0	0	0	0	0	0	0	0	0	0	0					
06/10/2026	O_HALKBE1226P42.00	HALKB_12/2026_AVRUPA_OPSIYON	D_EQ	SSO	D_EQ_EPP	DE_HALKB_EPP	HALKB.E	31/12/2026	1.15	1.18	-2.54	0	0	0	0	0	0	0	0	0	0	0					
06/10/2026	O_HALKBE1226P43.00	HALKB_12/2026_AVRUPA_OPSIYON	D_EQ	SSO	D_EQ_EPP	DE_HALKB_EPP	HALKB.E	31/12/2026	1.34	1.37	-2.19	0	0	0	0	0	0	0	0	0	0	0					
06/10/2026	O_HALKBE1226P44.00	HALKB_12/2026_AVRUPA_OPSIYON	D_EQ	SSO	D_EQ_EPP	DE_HALKB_EPP	HALKB.E	31/12/2026	1.57	1.59	-1.26	0	0	0	0	0	0	0	0	0	0	0					
06/10/2026	O_HALKBE1226P45.00	HALKB_12/2026_AVRUPA_OPSIYON	D_EQ	SSO	D_EQ_EPP	DE_HALKB_EPP	HALKB.E	31/12/2026	1.81	1.83	-1.09	0	0	0	0	0	0	0	0	0	0	0					
06/10/2026	O_HALKBE1226P46.00	HALKB_12/2026_AVRUPA_OPSIYON	D_EQ	SSO	D_EQ_EPP	DE_HALKB_EPP	HALKB.E	31/12/2026	2.09	2.12	-1.42	0	0	0	0	0	0	0	0	0	0	0					
06/10/2026	O_HALKBE1226P47.00	HALKB_12/2026_AVRUPA_OPSIYON	D_EQ	SSO	D_EQ_EPP	DE_HALKB_EPP	HALKB.E	31/12/2026	2.43	2.48	-2.02	0	0	0	0	0	0	0	0	0	0	0					
06/10/2026	O_HALKBE1226P48.00	HALKB_12/2026_AVRUPA_OPSIYON	D_EQ	SSO	D_EQ_EPP	DE_HALKB_EPP	HALKB.E	31/12/2026	2.81	2.87	-2.09	0	0	0	0	0	0	0	0	0	0	0					
06/10/2026	O_HALKBE1226P49.00	HALKB_12/2026_AVRUPA_OPSIYON	D_EQ	SSO	D_EQ_EPP	DE_HALKB_EPP	HALKB.E	31/12/2026	3.24	3.31	-2.11	0	0	0	0	0	0	0	0	0	0	0					
06/10/2026	O_HALKBE1226P50.00	HALKB_12/2026_AVRUPA_OPSIYON	D_EQ	SSO	D_EQ_EPP	DE_HALKB_EPP	HALKB.E	31/12/2026	3.71	3.8	-2.37	0	0	0	0	0	0	0	0	0	0	0					
06/10/2026	O_ISCTRE1026C12.00	ISCTR_10/2026_AVRUPA_OPSIYON	D_EQ	SSO	D_EQ_ECP	DE_ISCTR_ECP	ISCTR.E	30/10/2026	1.3	1.31	-0.76	0	0	0	0	0	0	0	0	0	101	0					
06/10/2026	O_ISCTRE1026C12.50	ISCTR_10/2026_AVRUPA_OPSIYON	D_EQ	SSO	D_EQ_ECP	DE_ISCTR_ECP	ISCTR.E	30/10/2026	0.92	0.94	-2.13	0.85	0.8	0.85	0.8	0.85	126250	8580	101	2	15703	0					
06/10/2026	O_ISCTRE1026C13.00	ISCTR_10/2026_AVRUPA_OPSIYON	D_EQ	SSO	D_EQ_ECP	DE_ISCTR_ECP	ISCTR.E	30/10/2026	0.62	0.64	-3.13	0.55	0.55	0.55	0.55	0.55	130000	5500	100	1	3400	-100					
06/10/2026	O_ISCTRE1026C13.50	ISCTR_10/2026_AVRUPA_OPSIYON	D_EQ	SSO	D_EQ_ECP	DE_ISCTR_ECP	ISCTR.E	30/10/2026	0.4	0.41	-2.44	0.4	0.4	0.4	0.4	0.4	13500	400	10	1	5512	0					
06/10/2026	O_ISCTRE1026C14.00	ISCTR_10/2026_AVRUPA_OPSIYON	D_EQ	SSO	D_EQ_ECP	DE_ISCTR_ECP	ISCTR.E	30/10/2026	0.25	0.26	-3.85	0	0	0	0	0	0	0	0	0	200	0					
06/10/2026	O_ISCTRE1026C14.50	ISCTR_10/2026_AVRUPA_OPSIYON	D_EQ	SSO	D_EQ_ECP	DE_ISCTR_ECP	ISCTR.E	30/10/2026	0.15	0.16	-6.25	0	0	0	0	0	0	0	0	0	6834	0					
06/10/2026	O_ISCTRE1026C15.00	ISCTR_10/2026_AVRUPA_OPSIYON	D_EQ	SSO	D_EQ_ECP	DE_ISCTR_ECP	ISCTR.E	30/10/2026	0.09	0.1	-10	0.08	0.08	0.08	0.08	0.08	450000	2400	300	1	10301	300					
06/10/2026	O_ISCTRE1026C15.50	ISCTR_10/2026_AVRUPA_OPSIYON	D_EQ	SSO	D_EQ_ECP	DE_ISCTR_ECP	ISCTR.E	30/10/2026	0.05	0.06	-16.67	0	0	0	0	0	0	0	0	0	9	0					
06/10/2026	O_ISCTRE1026C16.00	ISCTR_10/2026_AVRUPA_OPSIYON	D_EQ	SSO	D_EQ_ECP	DE_ISCTR_ECP	ISCTR.E	30/10/2026	0.03	0.03	0	0	0	0	0	0	0	0	0	0	11004	0					
06/10/2026	O_ISCTRE1026C16.50	ISCTR_10/2026_AVRUPA_OPSIYON	D_EQ	SSO	D_EQ_ECP	DE_ISCTR_ECP	ISCTR.E	30/10/2026	0.02	0.02	0	0	0	0	0	0	0	0	0	0	666	0					
06/10/2026	O_ISCTRE1026C17.00	ISCTR_10/2026_AVRUPA_OPSIYON	D_EQ	SSO	D_EQ_ECP	DE_ISCTR_ECP	ISCTR.E	30/10/2026	0.01	0.01	0	0	0	0	0	0	0	0	0	0	1600	0					
06/10/2026	O_ISCTRE1026C17.50	ISCTR_10/2026_AVRUPA_OPSIYON	D_EQ	SSO	D_EQ_ECP	DE_ISCTR_ECP	ISCTR.E	30/10/2026	0.01	0.01	0	0	0	0	0	0	0	0	0	0	0	0					
06/10/2026	O_ISCTRE1026C18.00	ISCTR_10/2026_AVRUPA_OPSIYON	D_EQ	SSO	D_EQ_ECP	DE_ISCTR_ECP	ISCTR.E	30/10/2026	0.01	0.01	0	0	0	0	0	0	0	0	0	0	1000	0					
06/10/2026	O_ISCTRE1026P10.00	ISCTR_10/2026_AVRUPA_OPSIYON	D_EQ	SSO	D_EQ_EPP	DE_ISCTR_EPP	ISCTR.E	30/10/2026	0.01	0.01	0	0	0	0	0	0	0	0	0	0	0	0					
06/10/2026	O_ISCTRE1026P10.50	ISCTR_10/2026_AVRUPA_OPSIYON	D_EQ	SSO	D_EQ_EPP	DE_ISCTR_EPP	ISCTR.E	30/10/2026	0.01	0.01	0	0	0	0	0	0	0	0	0	0	0	0					
06/10/2026	O_ISCTRE1026P11.00	ISCTR_10/2026_AVRUPA_OPSIYON	D_EQ	SSO	D_EQ_EPP	DE_ISCTR_EPP	ISCTR.E	30/10/2026	0.03	0.03	0	0	0	0	0	0	0	0	0	0	9784	0					
06/10/2026	O_ISCTRE1026P11.50	ISCTR_10/2026_AVRUPA_OPSIYON	D_EQ	SSO	D_EQ_EPP	DE_ISCTR_EPP	ISCTR.E	30/10/2026	0.06	0.07	-14.29	0	0	0	0	0	0	0	0	0	14920	0					
06/10/2026	O_ISCTRE1026P12.00	ISCTR_10/2026_AVRUPA_OPSIYON	D_EQ	SSO	D_EQ_EPP	DE_ISCTR_EPP	ISCTR.E	30/10/2026	0.13	0.13	0	0	0	0	0	0	18000000	225000	15000	1	27523	15000					
06/10/2026	O_ISCTRE1026P12.50	ISCTR_10/2026_AVRUPA_OPSIYON	D_EQ	SSO	D_EQ_EPP	DE_ISCTR_EPP	ISCTR.E	30/10/2026	0.25	0.25	0	0	0	0	0	0	0	0	0	0	10022	0					
06/10/2026	O_ISCTRE1026P13.00	ISCTR_10/2026_AVRUPA_OPSIYON	D_EQ	SSO	D_EQ_EPP	DE_ISCTR_EPP	ISCTR.E	30/10/2026	0.43	0.44	-2.27	0	0	0	0	0	0	0	0	0	1502	0					
06/10/2026	O_ISCTRE1026P13.50	ISCTR_10/2026_AVRUPA_OPSIYON	D_EQ	SSO	D_EQ_EPP	DE_ISCTR_EPP	ISCTR.E	30/10/2026	0.7	0.7	0	0	0	0	0	0	0	0	0	0	2762	0					
06/10/2026	O_ISCTRE1026P14.00	ISCTR_10/2026_AVRUPA_OPSIYON	D_EQ	SSO	D_EQ_EPP	DE_ISCTR_EPP	ISCTR.E	30/10/2026	1.03	1.03	0	1.1	1.1	1.1	1.1	1.1	140000	11000	100	1	200	100					
06/10/2026	O_ISCTRE1026P14.50	ISCTR_10/2026_AVRUPA_OPSIYON	D_EQ	SSO	D_EQ_EPP	DE_ISCTR_EPP	ISCTR.E	30/10/2026	1.42	1.42	0	0	0	0	0	0	0	0	0	0	101	0					
06/10/2026	O_ISCTRE1026P15.00	ISCTR_10/2026_AVRUPA_OPSIYON	D_EQ	SSO	D_EQ_EPP	DE_ISCTR_EPP	ISCTR.E	30/10/2026	1.85	1.84	0.54	0	0	0	0	0	0	0	0	0	1	0					
06/10/2026	O_ISCTRE1026P15.50	ISCTR_10/2026_AVRUPA_OPSIYON	D_EQ	SSO	D_EQ_EPP	DE_ISCTR_EPP	ISCTR.E	30/10/2026	2.3	2.29	0.44	0	0	0	0	0	0	0	0	0	100	0					
06/10/2026	O_ISCTRE1026P9.80	ISCTR_10/2026_AVRUPA_OPSIYON	D_EQ	SSO	D_EQ_EPP	DE_ISCTR_EPP	ISCTR.E	30/10/2026	0.01	0.01	0	0	0	0	0	0	0	0	0	0	0	0					
06/10/2026	O_ISCTRE1126C12.50	ISCTR_11/2026_AVRUPA_OPSIYON	D_EQ	SSO	D_EQ_ECP	DE_ISCTR_ECP	ISCTR.E	30/11/2026	1.42	1.44	-1.39	0	0	0	0	0	0	0	0	0	0	0					
06/10/2026	O_ISCTRE1126C13.00	ISCTR_11/2026_AVRUPA_OPSIYON	D_EQ	SSO	D_EQ_ECP	DE_ISCTR_ECP	ISCTR.E	30/11/2026	1.11	1.12	-0.89	0.98	0.98	0.99	0.99	0.98	156000	11770	120	3	185	100					
06/10/2026	O_ISCTRE1126C13.50	ISCTR_11/2026_AVRUPA_OPSIYON	D_EQ	SSO	D_EQ_ECP	DE_ISCTR_ECP	ISCTR.E	30/11/2026	0.86	0.87	-1.15	0	0	0	0	0	14445000	995100	10700	1	10700	10700					
06/10/2026	O_ISCTRE1126C14.00	ISCTR_11/2026_AVRUPA_OPSIYON	D_EQ	SSO	D_EQ_ECP	DE_ISCTR_ECP	ISCTR.E	30/11/2026	0.65	0.66	-1.52	0	0	0	0	0	0	0	0	0	0	0					
06/10/2026	O_ISCTRE1126C14.50	ISCTR_11/2026_AVRUPA_OPSIYON	D_EQ	SSO	D_EQ_ECP	DE_ISCTR_ECP	ISCTR.E	30/11/2026	0.49	0.5	-2	0	0	0	0	0	0	0	0	0	0	0					
06/10/2026	O_ISCTRE1126C15.00	ISCTR_11/2026_AVRUPA_OPSIYON	D_EQ	SSO	D_EQ_ECP	DE_ISCTR_ECP	ISCTR.E	30/11/2026	0.38	0.38	0	0	0	0	0	0	0	0	0	0	10000	0					
06/10/2026	O_ISCTRE1126C15.50	ISCTR_11/2026_AVRUPA_OPSIYON	D_EQ	SSO	D_EQ_ECP	DE_ISCTR_ECP	ISCTR.E	30/11/2026	0.29	0.3	-3.33	0	0	0	0	0	0	0	0	0	4	0					
06/10/2026	O_ISCTRE1126C16.00	ISCTR_11/2026_AVRUPA_OPSIYON	D_EQ	SSO	D_EQ_ECP	DE_ISCTR_ECP	ISCTR.E	30/11/2026	0.22	0.23	-4.35	0	0	0	0	0	0	0	0	0	21	0					
06/10/2026	O_ISCTRE1126C16.50	ISCTR_11/2026_AVRUPA_OPSIYON	D_EQ	SSO	D_EQ_ECP	DE_ISCTR_ECP	ISCTR.E	30/11/2026	0.17	0.18	-5.56	0.1	0.1	0.12	0.1	0.12	676500	4904	410	15	405	405					
06/10/2026	O_ISCTRE1126C17.00	ISCTR_11/2026_AVRUPA_OPSIYON	D_EQ	SSO	D_EQ_ECP	DE_ISCTR_ECP	ISCTR.E	30/11/2026	0.13	0.14	-7.14	0	0	0	0	0	0	0	0	0	20000	0					
06/10/2026	O_ISCTRE1126C17.50	ISCTR_11/2026_AVRUPA_OPSIYON	D_EQ	SSO	D_EQ_ECP	DE_ISCTR_ECP	ISCTR.E	30/11/2026	0.1	0.11	-9.09	0	0	0	0	0	0	0	0	0	0	0					
06/10/2026	O_ISCTRE1126C18.00	ISCTR_11/2026_AVRUPA_OPSIYON	D_EQ	SSO	D_EQ_ECP	DE_ISCTR_ECP	ISCTR.E	30/11/2026	0.08	0.08	0	0	0	0	0	0	0	0	0	0	0	0					
06/10/2026	O_ISCTRE1126C18.50	ISCTR_11/2026_AVRUPA_OPSIYON	D_EQ	SSO	D_EQ_ECP	DE_ISCTR_ECP	ISCTR.E	30/11/2026	0.06	0.07	-14.29	0	0	0	0	0	0	0	0	0	0	0					
06/10/2026	O_ISCTRE1126P10.00	ISCTR_11/2026_AVRUPA_OPSIYON	D_EQ	SSO	D_EQ_EPP	DE_ISCTR_EPP	ISCTR.E	30/11/2026	0.03	0.03	0	0	0	0	0	0	0	0	0	0	0	0					
06/10/2026	O_ISCTRE1126P10.50	ISCTR_11/2026_AVRUPA_OPSIYON	D_EQ	SSO	D_EQ_EPP	DE_ISCTR_EPP	ISCTR.E	30/11/2026	0.06	0.06	0	0	0	0	0	0	0	0	0	0	0	0					
06/10/2026	O_ISCTRE1126P11.00	ISCTR_11/2026_AVRUPA_OPSIYON	D_EQ	SSO	D_EQ_EPP	DE_ISCTR_EPP	ISCTR.E	30/11/2026	0.1	0.1	0	0	0	0	0	0	0	0	0	0	300	0					
06/10/2026	O_ISCTRE1126P11.50	ISCTR_11/2026_AVRUPA_OPSIYON	D_EQ	SSO	D_EQ_EPP	DE_ISCTR_EPP	ISCTR.E	30/11/2026	0.16	0.16	0	0	0	0	0	0	0	0	0	0	0	0					
06/10/2026	O_ISCTRE1126P12.00	ISCTR_11/2026_AVRUPA_OPSIYON	D_EQ	SSO	D_EQ_EPP	DE_ISCTR_EPP	ISCTR.E	30/11/2026	0.24	0.24	0	0	0	0	0	0	0	0	0	0	0	0					
06/10/2026	O_ISCTRE1126P12.50	ISCTR_11/2026_AVRUPA_OPSIYON	D_EQ	SSO	D_EQ_EPP	DE_ISCTR_EPP	ISCTR.E	30/11/2026	0.36	0.36	0	0	0	0	0	0	0	0	0	0	0	0					
06/10/2026	O_ISCTRE1126P13.00	ISCTR_11/2026_AVRUPA_OPSIYON	D_EQ	SSO	D_EQ_EPP	DE_ISCTR_EPP	ISCTR.E	30/11/2026	0.52	0.52	0	0	0	0	0	0	0	0	0	0	0	0					
06/10/2026	O_ISCTRE1126P13.50	ISCTR_11/2026_AVRUPA_OPSIYON	D_EQ	SSO	D_EQ_EPP	DE_ISCTR_EPP	ISCTR.E	30/11/2026	0.73	0.73	0	0	0	0	0	0	0	0	0	0	0	0					
06/10/2026	O_ISCTRE1126P14.00	ISCTR_11/2026_AVRUPA_OPSIYON	D_EQ	SSO	D_EQ_EPP	DE_ISCTR_EPP	ISCTR.E	30/11/2026	1	0.99	1.01	0	0	0	0	0	0	0	0	0	28500	0					
06/10/2026	O_ISCTRE1126P14.50	ISCTR_11/2026_AVRUPA_OPSIYON	D_EQ	SSO	D_EQ_EPP	DE_ISCTR_EPP	ISCTR.E	30/11/2026	1.32	1.31	0.76	0	0	0	0	0	0	0	0	0	0	0					
06/10/2026	O_ISCTRE1126P15.00	ISCTR_11/2026_AVRUPA_OPSIYON	D_EQ	SSO	D_EQ_EPP	DE_ISCTR_EPP	ISCTR.E	30/11/2026	1.67	1.67	0	0	0	0	0	0	0	0	0	0	0	0					
06/10/2026	O_ISCTRE1126P15.50	ISCTR_11/2026_AVRUPA_OPSIYON	D_EQ	SSO	D_EQ_EPP	DE_ISCTR_EPP	ISCTR.E	30/11/2026	2.06	2.05	0.49	0	0	0	0	0	0	0	0	0	0	0					
06/10/2026	O_ISCTRE1126P16.00	ISCTR_11/2026_AVRUPA_OPSIYON	D_EQ	SSO	D_EQ_EPP	DE_ISCTR_EPP	ISCTR.E	30/11/2026	2.46	2.45	0.41	0	0	0	0	0	0	0	0	0	0	0					
06/10/2026	O_ISCTRE1226C12.50	ISCTR_12/2026_AVRUPA_OPSIYON	D_EQ	SSO	D_EQ_ECP	DE_ISCTR_ECP	ISCTR.E	31/12/2026	2.01	2.02	-0.5	0	0	0	0	0	0	0	0	0	0	0					
06/10/2026	O_ISCTRE1226C13.00	ISCTR_12/2026_AVRUPA_OPSIYON	D_EQ	SSO	D_EQ_ECP	DE_ISCTR_ECP	ISCTR.E	31/12/2026	1.68	1.69	-0.59	0	0	0	0	0	0	0	0	0	0	0					
06/10/2026	O_ISCTRE1226C13.50	ISCTR_12/2026_AVRUPA_OPSIYON	D_EQ	SSO	D_EQ_ECP	DE_ISCTR_ECP	ISCTR.E	31/12/2026	1.39	1.4	-0.71	0	0	0	0	0	0	0	0	0	0	0					
06/10/2026	O_ISCTRE1226C14.00	ISCTR_12/2026_AVRUPA_OPSIYON	D_EQ	SSO	D_EQ_ECP	DE_ISCTR_ECP	ISCTR.E	31/12/2026	1.15	1.16	-0.86	0	0	0	0	0	0	0	0	0	0	0					
06/10/2026	O_ISCTRE1226C14.50	ISCTR_12/2026_AVRUPA_OPSIYON	D_EQ	SSO	D_EQ_ECP	DE_ISCTR_ECP	ISCTR.E	31/12/2026	0.94	0.95	-1.05	0	0	0	0	0	0	0	0	0	0	0					
06/10/2026	O_ISCTRE1226C15.00	ISCTR_12/2026_AVRUPA_OPSIYON	D_EQ	SSO	D_EQ_ECP	DE_ISCTR_ECP	ISCTR.E	31/12/2026	0.78	0.79	-1.27	0	0	0	0	0	0	0	0	0	0	0					
06/10/2026	O_ISCTRE1226C15.50	ISCTR_12/2026_AVRUPA_OPSIYON	D_EQ	SSO	D_EQ_ECP	DE_ISCTR_ECP	ISCTR.E	31/12/2026	0.65	0.66	-1.52	0	0	0	0	0	0	0	0	0	0	0					
06/10/2026	O_ISCTRE1226C16.00	ISCTR_12/2026_AVRUPA_OPSIYON	D_EQ	SSO	D_EQ_ECP	DE_ISCTR_ECP	ISCTR.E	31/12/2026	0.54	0.55	-1.82	0	0	0	0	0	0	0	0	0	0	0					
06/10/2026	O_ISCTRE1226C16.50	ISCTR_12/2026_AVRUPA_OPSIYON	D_EQ	SSO	D_EQ_ECP	DE_ISCTR_ECP	ISCTR.E	31/12/2026	0.45	0.46	-2.17	0	0	0	0	0	0	0	0	0	0	0					
06/10/2026	O_ISCTRE1226C17.00	ISCTR_12/2026_AVRUPA_OPSIYON	D_EQ	SSO	D_EQ_ECP	DE_ISCTR_ECP	ISCTR.E	31/12/2026	0.38		0	0	0	0	0	0	0	0	0	0	0	0					
06/10/2026	O_ISCTRE1226P10.00	ISCTR_12/2026_AVRUPA_OPSIYON	D_EQ	SSO	D_EQ_EPP	DE_ISCTR_EPP	ISCTR.E	31/12/2026	0.05	0.05	0	0	0	0	0	0	0	0	0	0	0	0					
06/10/2026	O_ISCTRE1226P10.50	ISCTR_12/2026_AVRUPA_OPSIYON	D_EQ	SSO	D_EQ_EPP	DE_ISCTR_EPP	ISCTR.E	31/12/2026	0.08	0.08	0	0	0	0	0	0	0	0	0	0	0	0					
06/10/2026	O_ISCTRE1226P11.00	ISCTR_12/2026_AVRUPA_OPSIYON	D_EQ	SSO	D_EQ_EPP	DE_ISCTR_EPP	ISCTR.E	31/12/2026	0.12	0.13	-7.69	0	0	0	0	0	0	0	0	0	0	0					
06/10/2026	O_ISCTRE1226P11.50	ISCTR_12/2026_AVRUPA_OPSIYON	D_EQ	SSO	D_EQ_EPP	DE_ISCTR_EPP	ISCTR.E	31/12/2026	0.18	0.18	0	0	0	0	0	0	0	0	0	0	0	0					
06/10/2026	O_ISCTRE1226P12.00	ISCTR_12/2026_AVRUPA_OPSIYON	D_EQ	SSO	D_EQ_EPP	DE_ISCTR_EPP	ISCTR.E	31/12/2026	0.26	0.26	0	0	0	0	0	0	0	0	0	0	0	0					
06/10/2026	O_ISCTRE1226P12.50	ISCTR_12/2026_AVRUPA_OPSIYON	D_EQ	SSO	D_EQ_EPP	DE_ISCTR_EPP	ISCTR.E	31/12/2026	0.35	0.35	0	0	0	0	0	0	0	0	0	0	0	0					
06/10/2026	O_ISCTRE1226P13.00	ISCTR_12/2026_AVRUPA_OPSIYON	D_EQ	SSO	D_EQ_EPP	DE_ISCTR_EPP	ISCTR.E	31/12/2026	0.47	0.47	0	0	0	0	0	0	0	0	0	0	0	0					
06/10/2026	O_ISCTRE1226P13.50	ISCTR_12/2026_AVRUPA_OPSIYON	D_EQ	SSO	D_EQ_EPP	DE_ISCTR_EPP	ISCTR.E	31/12/2026	0.64	0.63	1.59	0	0	0	0	0	0	0	0	0	0	0					
06/10/2026	O_ISCTRE1226P14.00	ISCTR_12/2026_AVRUPA_OPSIYON	D_EQ	SSO	D_EQ_EPP	DE_ISCTR_EPP	ISCTR.E	31/12/2026	0.84	0.83	1.2	0	0	0	0	0	0	0	0	0	0	0					
06/10/2026	O_ISCTRE1226P14.50	ISCTR_12/2026_AVRUPA_OPSIYON	D_EQ	SSO	D_EQ_EPP	DE_ISCTR_EPP	ISCTR.E	31/12/2026	1.08		0	0	0	0	0	0	0	0	0	0	0	0					
06/10/2026	O_KCHOLE1026C205.00	KCHOL_10/2026_AVRUPA_OPSIYON	D_EQ	SSO	D_EQ_ECP	DE_KCHOL_ECP	KCHOL.E	30/10/2026	16.29	17.61	-7.5	0	0	0	0	0	0	0	0	0	30	0					
06/10/2026	O_KCHOLE1026C210.00	KCHOL_10/2026_AVRUPA_OPSIYON	D_EQ	SSO	D_EQ_ECP	DE_KCHOL_ECP	KCHOL.E	30/10/2026	12.81	14.01	-8.57	0	0	0	0	0	0	0	0	0	192	0					
06/10/2026	O_KCHOLE1026C215.00	KCHOL_10/2026_AVRUPA_OPSIYON	D_EQ	SSO	D_EQ_ECP	DE_KCHOL_ECP	KCHOL.E	30/10/2026	9.81	10.88	-9.83	10.71	10.71	10.72	10.72	10.72	1075000	53590	50	5	139	-50					
06/10/2026	O_KCHOLE1026C220.00	KCHOL_10/2026_AVRUPA_OPSIYON	D_EQ	SSO	D_EQ_ECP	DE_KCHOL_ECP	KCHOL.E	30/10/2026	7.31	8.23	-11.18	0	0	0	0	0	0	0	0	0	70	0					
06/10/2026	O_KCHOLE1026C225.00	KCHOL_10/2026_AVRUPA_OPSIYON	D_EQ	SSO	D_EQ_ECP	DE_KCHOL_ECP	KCHOL.E	30/10/2026	5.31	6.08	-12.66	0	0	0	0	0	0	0	0	0	150	0					
06/10/2026	O_KCHOLE1026C230.00	KCHOL_10/2026_AVRUPA_OPSIYON	D_EQ	SSO	D_EQ_ECP	DE_KCHOL_ECP	KCHOL.E	30/10/2026	3.77	4.39	-14.12	0	0	0	0	0	0	0	0	0	209	0					
06/10/2026	O_KCHOLE1026C235.00	KCHOL_10/2026_AVRUPA_OPSIYON	D_EQ	SSO	D_EQ_ECP	DE_KCHOL_ECP	KCHOL.E	30/10/2026	2.66	3.15	-15.56	0	0	0	0	0	0	0	0	0	68	0					
06/10/2026	O_KCHOLE1026C240.00	KCHOL_10/2026_AVRUPA_OPSIYON	D_EQ	SSO	D_EQ_ECP	DE_KCHOL_ECP	KCHOL.E	30/10/2026	1.84	2.23	-17.49	0	0	0	0	0	0	0	0	0	68	0					
06/10/2026	O_KCHOLE1026C245.00	KCHOL_10/2026_AVRUPA_OPSIYON	D_EQ	SSO	D_EQ_ECP	DE_KCHOL_ECP	KCHOL.E	30/10/2026	1.26	1.56	-19.23	0	0	0	0	0	0	0	0	0	156	0					
06/10/2026	O_KCHOLE1026C250.00	KCHOL_10/2026_AVRUPA_OPSIYON	D_EQ	SSO	D_EQ_ECP	DE_KCHOL_ECP	KCHOL.E	30/10/2026	0.85	1.08	-21.3	0	0	0	0	0	0	0	0	0	144	0					
06/10/2026	O_KCHOLE1026C260.00	KCHOL_10/2026_AVRUPA_OPSIYON	D_EQ	SSO	D_EQ_ECP	DE_KCHOL_ECP	KCHOL.E	30/10/2026	0.38	0.5	-24	0	0	0	0	0	0	0	0	0	12	0					
06/10/2026	O_KCHOLE1026C270.00	KCHOL_10/2026_AVRUPA_OPSIYON	D_EQ	SSO	D_EQ_ECP	DE_KCHOL_ECP	KCHOL.E	30/10/2026	0.16	0.23	-30.43	0	0	0	0	0	0	0	0	0	172	0					
06/10/2026	O_KCHOLE1026C280.00	KCHOL_10/2026_AVRUPA_OPSIYON	D_EQ	SSO	D_EQ_ECP	DE_KCHOL_ECP	KCHOL.E	30/10/2026	0.07	0.11	-36.36	0	0	0	0	0	0	0	0	0	430	0					
06/10/2026	O_KCHOLE1026P180.00	KCHOL_10/2026_AVRUPA_OPSIYON	D_EQ	SSO	D_EQ_EPP	DE_KCHOL_EPP	KCHOL.E	30/10/2026	0.16	0.15	6.67	0	0	0	0	0	0	0	0	0	0	0					
06/10/2026	O_KCHOLE1026P185.00	KCHOL_10/2026_AVRUPA_OPSIYON	D_EQ	SSO	D_EQ_EPP	DE_KCHOL_EPP	KCHOL.E	30/10/2026	0.31	0.3	3.33	0	0	0	0	0	0	0	0	0	1	0					
06/10/2026	O_KCHOLE1026P190.00	KCHOL_10/2026_AVRUPA_OPSIYON	D_EQ	SSO	D_EQ_EPP	DE_KCHOL_EPP	KCHOL.E	30/10/2026	0.57	0.54	5.56	0	0	0	0	0	0	0	0	0	139	0					
06/10/2026	O_KCHOLE1026P195.00	KCHOL_10/2026_AVRUPA_OPSIYON	D_EQ	SSO	D_EQ_EPP	DE_KCHOL_EPP	KCHOL.E	30/10/2026	1	0.94	6.38	0	0	0	0	0	0	0	0	0	484	0					
06/10/2026	O_KCHOLE1026P200.00	KCHOL_10/2026_AVRUPA_OPSIYON	D_EQ	SSO	D_EQ_EPP	DE_KCHOL_EPP	KCHOL.E	30/10/2026	1.66	1.55	7.1	0	0	0	0	0	0	0	0	0	598	0					
06/10/2026	O_KCHOLE1026P205.00	KCHOL_10/2026_AVRUPA_OPSIYON	D_EQ	SSO	D_EQ_EPP	DE_KCHOL_EPP	KCHOL.E	30/10/2026	2.63	2.44	7.79	0	0	0	0	0	0	0	0	0	20	0					
06/10/2026	O_KCHOLE1026P210.00	KCHOL_10/2026_AVRUPA_OPSIYON	D_EQ	SSO	D_EQ_EPP	DE_KCHOL_EPP	KCHOL.E	30/10/2026	4.03	3.71	8.63	0	0	0	0	0	0	0	0	0	189	0					
06/10/2026	O_KCHOLE1026P215.00	KCHOL_10/2026_AVRUPA_OPSIYON	D_EQ	SSO	D_EQ_EPP	DE_KCHOL_EPP	KCHOL.E	30/10/2026	5.9	5.46	8.06	5.84	5.6	5.84	5.6	5.72	430000	11440	20	2	847	10					
06/10/2026	O_KCHOLE1026P220.00	KCHOL_10/2026_AVRUPA_OPSIYON	D_EQ	SSO	D_EQ_EPP	DE_KCHOL_EPP	KCHOL.E	30/10/2026	8.28	7.68	7.81	0	0	0	0	0	0	0	0	0	2350	0					
06/10/2026	O_KCHOLE1026P225.00	KCHOL_10/2026_AVRUPA_OPSIYON	D_EQ	SSO	D_EQ_EPP	DE_KCHOL_EPP	KCHOL.E	30/10/2026	11.16	10.4	7.31	0	0	0	0	0	0	0	0	0	240	0					
06/10/2026	O_KCHOLE1026P230.00	KCHOL_10/2026_AVRUPA_OPSIYON	D_EQ	SSO	D_EQ_EPP	DE_KCHOL_EPP	KCHOL.E	30/10/2026	14.5	13.58	6.77	0	0	0	0	0	0	0	0	0	176	0					
06/10/2026	O_KCHOLE1026P235.00	KCHOL_10/2026_AVRUPA_OPSIYON	D_EQ	SSO	D_EQ_EPP	DE_KCHOL_EPP	KCHOL.E	30/10/2026	18.26	17.21	6.1	0	0	0	0	0	0	0	0	0	33	0					
06/10/2026	O_KCHOLE1026P240.00	KCHOL_10/2026_AVRUPA_OPSIYON	D_EQ	SSO	D_EQ_EPP	DE_KCHOL_EPP	KCHOL.E	30/10/2026	22.32	21.16	5.48	0	0	0	0	0	0	0	0	0	20	0					
06/10/2026	O_KCHOLE1126C215.00	KCHOL_11/2026_AVRUPA_OPSIYON	D_EQ	SSO	D_EQ_ECP	DE_KCHOL_ECP	KCHOL.E	30/11/2026	17.54	18.65	-5.95	0	0	0	0	0	0	0	0	0	0	0					
06/10/2026	O_KCHOLE1126C220.00	KCHOL_11/2026_AVRUPA_OPSIYON	D_EQ	SSO	D_EQ_ECP	DE_KCHOL_ECP	KCHOL.E	30/11/2026	14.75	15.77	-6.47	15.01	15.01	15.2	15.2	15.11	440000	30210	20	2	20	20					
06/10/2026	O_KCHOLE1126C225.00	KCHOL_11/2026_AVRUPA_OPSIYON	D_EQ	SSO	D_EQ_ECP	DE_KCHOL_ECP	KCHOL.E	30/11/2026	12.29	13.2	-6.89	12.58	12.58	12.72	12.72	12.65	450000	25300	20	2	700	0					
06/10/2026	O_KCHOLE1126C230.00	KCHOL_11/2026_AVRUPA_OPSIYON	D_EQ	SSO	D_EQ_ECP	DE_KCHOL_ECP	KCHOL.E	30/11/2026	10.17	10.98	-7.38	10.47	10.47	10.47	10.47	10.47	230000	10470	10	1	10	10					
06/10/2026	O_KCHOLE1126C235.00	KCHOL_11/2026_AVRUPA_OPSIYON	D_EQ	SSO	D_EQ_ECP	DE_KCHOL_ECP	KCHOL.E	30/11/2026	8.34	9.06	-7.95	8.63	8.63	8.72	8.72	8.68	470000	17350	20	2	20	20					
06/10/2026	O_KCHOLE1126C240.00	KCHOL_11/2026_AVRUPA_OPSIYON	D_EQ	SSO	D_EQ_ECP	DE_KCHOL_ECP	KCHOL.E	30/11/2026	6.88	7.5	-8.27	7.2	7.2	7.2	7.2	7.2	240000	7200	10	1	10	10					
06/10/2026	O_KCHOLE1126C245.00	KCHOL_11/2026_AVRUPA_OPSIYON	D_EQ	SSO	D_EQ_ECP	DE_KCHOL_ECP	KCHOL.E	30/11/2026	5.66	6.21	-8.86	0	0	0	0	0	0	0	0	0	0	0					
06/10/2026	O_KCHOLE1126C250.00	KCHOL_11/2026_AVRUPA_OPSIYON	D_EQ	SSO	D_EQ_ECP	DE_KCHOL_ECP	KCHOL.E	30/11/2026	4.64	5.12	-9.38	0	0	0	0	0	0	0	0	0	0	0					
06/10/2026	O_KCHOLE1126C260.00	KCHOL_11/2026_AVRUPA_OPSIYON	D_EQ	SSO	D_EQ_ECP	DE_KCHOL_ECP	KCHOL.E	30/11/2026	3.09	3.47	-10.95	0	0	0	0	0	0	0	0	0	0	0					
06/10/2026	O_KCHOLE1126C270.00	KCHOL_11/2026_AVRUPA_OPSIYON	D_EQ	SSO	D_EQ_ECP	DE_KCHOL_ECP	KCHOL.E	30/11/2026	2.06	2.35	-12.34	2.08	2.08	2.08	2.08	2.08	270000	2080	10	1	10	10					
06/10/2026	O_KCHOLE1126C280.00	KCHOL_11/2026_AVRUPA_OPSIYON	D_EQ	SSO	D_EQ_ECP	DE_KCHOL_ECP	KCHOL.E	30/11/2026	1.37	1.59	-13.84	1.36	1.36	1.36	1.36	1.36	280000	1360	10	1	10	10					
06/10/2026	O_KCHOLE1126C290.00	KCHOL_11/2026_AVRUPA_OPSIYON	D_EQ	SSO	D_EQ_ECP	DE_KCHOL_ECP	KCHOL.E	30/11/2026	0.91	1.08	-15.74	0	0	0	0	0	0	0	0	0	0	0					
06/10/2026	O_KCHOLE1126P190.00	KCHOL_11/2026_AVRUPA_OPSIYON	D_EQ	SSO	D_EQ_EPP	DE_KCHOL_EPP	KCHOL.E	30/11/2026	1.61	1.55	3.87	0	0	0	0	0	0	0	0	0	0	0					
06/10/2026	O_KCHOLE1126P195.00	KCHOL_11/2026_AVRUPA_OPSIYON	D_EQ	SSO	D_EQ_EPP	DE_KCHOL_EPP	KCHOL.E	30/11/2026	2.25	2.15	4.65	0	0	0	0	0	0	0	0	0	0	0					
06/10/2026	O_KCHOLE1126P200.00	KCHOL_11/2026_AVRUPA_OPSIYON	D_EQ	SSO	D_EQ_EPP	DE_KCHOL_EPP	KCHOL.E	30/11/2026	3.07	2.92	5.14	0	0	0	0	0	0	0	0	0	0	0					
06/10/2026	O_KCHOLE1126P205.00	KCHOL_11/2026_AVRUPA_OPSIYON	D_EQ	SSO	D_EQ_EPP	DE_KCHOL_EPP	KCHOL.E	30/11/2026	4.1	3.89	5.4	0	0	0	0	0	0	0	0	0	0	0					
06/10/2026	O_KCHOLE1126P210.00	KCHOL_11/2026_AVRUPA_OPSIYON	D_EQ	SSO	D_EQ_EPP	DE_KCHOL_EPP	KCHOL.E	30/11/2026	5.37	5.09	5.5	5.92	5.92	5.92	5.92	5.92	210000	5920	10	1	10	10					
06/10/2026	O_KCHOLE1126P215.00	KCHOL_11/2026_AVRUPA_OPSIYON	D_EQ	SSO	D_EQ_EPP	DE_KCHOL_EPP	KCHOL.E	30/11/2026	6.97	6.57	6.09	7.41	7.41	7.41	7.41	7.41	215000	7410	10	1	10	10					
06/10/2026	O_KCHOLE1126P220.00	KCHOL_11/2026_AVRUPA_OPSIYON	D_EQ	SSO	D_EQ_EPP	DE_KCHOL_EPP	KCHOL.E	30/11/2026	8.91	8.41	5.95	9.25	9.25	9.25	9.25	9.25	220000	9250	10	1	10	10					
06/10/2026	O_KCHOLE1126P225.00	KCHOL_11/2026_AVRUPA_OPSIYON	D_EQ	SSO	D_EQ_EPP	DE_KCHOL_EPP	KCHOL.E	30/11/2026	11.17	10.56	5.78	11.56	11.56	11.76	11.76	11.66	450000	23320	20	2	20	20					
06/10/2026	O_KCHOLE1126P230.00	KCHOL_11/2026_AVRUPA_OPSIYON	D_EQ	SSO	D_EQ_EPP	DE_KCHOL_EPP	KCHOL.E	30/11/2026	13.77	13.06	5.44	14.18	14.18	14.18	14.18	14.18	230000	14180	10	1	10	10					
06/10/2026	O_KCHOLE1126P235.00	KCHOL_11/2026_AVRUPA_OPSIYON	D_EQ	SSO	D_EQ_EPP	DE_KCHOL_EPP	KCHOL.E	30/11/2026	16.67	15.85	5.17	0	0	0	0	0	0	0	0	0	0	0					
06/10/2026	O_KCHOLE1126P240.00	KCHOL_11/2026_AVRUPA_OPSIYON	D_EQ	SSO	D_EQ_EPP	DE_KCHOL_EPP	KCHOL.E	30/11/2026	19.93	19.01	4.84	0	0	0	0	0	0	0	0	0	0	0					
06/10/2026	O_KCHOLE1126P245.00	KCHOL_11/2026_AVRUPA_OPSIYON	D_EQ	SSO	D_EQ_EPP	DE_KCHOL_EPP	KCHOL.E	30/11/2026	23.42	22.43	4.41	0	0	0	0	0	0	0	0	0	23	0					
06/10/2026	O_KCHOLE1226C220.00	KCHOL_12/2026_AVRUPA_OPSIYON	D_EQ	SSO	D_EQ_ECP	DE_KCHOL_ECP	KCHOL.E	31/12/2026	23.72	24.87	-4.62	0	0	0	0	0	0	0	0	0	0	0					
06/10/2026	O_KCHOLE1226C225.00	KCHOL_12/2026_AVRUPA_OPSIYON	D_EQ	SSO	D_EQ_ECP	DE_KCHOL_ECP	KCHOL.E	31/12/2026	20.91	22	-4.95	0	0	0	0	0	0	0	0	0	0	0					
06/10/2026	O_KCHOLE1226C230.00	KCHOL_12/2026_AVRUPA_OPSIYON	D_EQ	SSO	D_EQ_ECP	DE_KCHOL_ECP	KCHOL.E	31/12/2026	18.34	19.34	-5.17	0	0	0	0	0	0	0	0	0	0	0					
06/10/2026	O_KCHOLE1226C235.00	KCHOL_12/2026_AVRUPA_OPSIYON	D_EQ	SSO	D_EQ_ECP	DE_KCHOL_ECP	KCHOL.E	31/12/2026	16.03	16.97	-5.54	0	0	0	0	0	0	0	0	0	0	0					
06/10/2026	O_KCHOLE1226C240.00	KCHOL_12/2026_AVRUPA_OPSIYON	D_EQ	SSO	D_EQ_ECP	DE_KCHOL_ECP	KCHOL.E	31/12/2026	13.95	14.82	-5.87	0	0	0	0	0	0	0	0	0	0	0					
06/10/2026	O_KCHOLE1226C245.00	KCHOL_12/2026_AVRUPA_OPSIYON	D_EQ	SSO	D_EQ_ECP	DE_KCHOL_ECP	KCHOL.E	31/12/2026	12.22	12.98	-5.86	0	0	0	0	0	0	0	0	0	0	0					
06/10/2026	O_KCHOLE1226C250.00	KCHOL_12/2026_AVRUPA_OPSIYON	D_EQ	SSO	D_EQ_ECP	DE_KCHOL_ECP	KCHOL.E	31/12/2026	10.69	11.4	-6.23	0	0	0	0	0	0	0	0	0	0	0					
06/10/2026	O_KCHOLE1226C260.00	KCHOL_12/2026_AVRUPA_OPSIYON	D_EQ	SSO	D_EQ_ECP	DE_KCHOL_ECP	KCHOL.E	31/12/2026	8.16	8.77	-6.96	0	0	0	0	0	0	0	0	0	0	0					
06/10/2026	O_KCHOLE1226C270.00	KCHOL_12/2026_AVRUPA_OPSIYON	D_EQ	SSO	D_EQ_ECP	DE_KCHOL_ECP	KCHOL.E	31/12/2026	6.22		0	0	0	0	0	0	0	0	0	0	0	0					
06/10/2026	O_KCHOLE1226P195.00	KCHOL_12/2026_AVRUPA_OPSIYON	D_EQ	SSO	D_EQ_EPP	DE_KCHOL_EPP	KCHOL.E	31/12/2026	2.44	2.35	3.83	0	0	0	0	0	0	0	0	0	0	0					
06/10/2026	O_KCHOLE1226P200.00	KCHOL_12/2026_AVRUPA_OPSIYON	D_EQ	SSO	D_EQ_EPP	DE_KCHOL_EPP	KCHOL.E	31/12/2026	3.13	3	4.33	0	0	0	0	0	0	0	0	0	0	0					
06/10/2026	O_KCHOLE1226P205.00	KCHOL_12/2026_AVRUPA_OPSIYON	D_EQ	SSO	D_EQ_EPP	DE_KCHOL_EPP	KCHOL.E	31/12/2026	3.96	3.79	4.49	0	0	0	0	0	0	0	0	0	0	0					
06/10/2026	O_KCHOLE1226P210.00	KCHOL_12/2026_AVRUPA_OPSIYON	D_EQ	SSO	D_EQ_EPP	DE_KCHOL_EPP	KCHOL.E	31/12/2026	4.94	4.72	4.66	0	0	0	0	0	0	0	0	0	0	0					
06/10/2026	O_KCHOLE1226P215.00	KCHOL_12/2026_AVRUPA_OPSIYON	D_EQ	SSO	D_EQ_EPP	DE_KCHOL_EPP	KCHOL.E	31/12/2026	6.11	5.82	4.98	0	0	0	0	0	0	0	0	0	0	0					
06/10/2026	O_KCHOLE1226P220.00	KCHOL_12/2026_AVRUPA_OPSIYON	D_EQ	SSO	D_EQ_EPP	DE_KCHOL_EPP	KCHOL.E	31/12/2026	7.52	7.13	5.47	0	0	0	0	0	0	0	0	0	0	0					
06/10/2026	O_KCHOLE1226P225.00	KCHOL_12/2026_AVRUPA_OPSIYON	D_EQ	SSO	D_EQ_EPP	DE_KCHOL_EPP	KCHOL.E	31/12/2026	9.2	8.73	5.38	0	0	0	0	0	0	0	0	0	0	0					
06/10/2026	O_KCHOLE1226P230.00	KCHOL_12/2026_AVRUPA_OPSIYON	D_EQ	SSO	D_EQ_EPP	DE_KCHOL_EPP	KCHOL.E	31/12/2026	11.11	10.55	5.31	0	0	0	0	0	0	0	0	0	0	0					
06/10/2026	O_KCHOLE1226P235.00	KCHOL_12/2026_AVRUPA_OPSIYON	D_EQ	SSO	D_EQ_EPP	DE_KCHOL_EPP	KCHOL.E	31/12/2026	13.3		0	0	0	0	0	0	0	0	0	0	0	0					
06/10/2026	O_KRDMDE1026C42.00	KRDMD_10/2026_AVRUPA_OPSIYON	D_EQ	SSO	D_EQ_ECP	DE_KRDMD_ECP	KRDMD.E	30/10/2026	4.15	4.7	-11.7	0	0	0	0	0	0	0	0	0	0	0					
06/10/2026	O_KRDMDE1026C43.00	KRDMD_10/2026_AVRUPA_OPSIYON	D_EQ	SSO	D_EQ_ECP	DE_KRDMD_ECP	KRDMD.E	30/10/2026	3.46	3.98	-13.07	0	0	0	0	0	0	0	0	0	343	0					
06/10/2026	O_KRDMDE1026C44.00	KRDMD_10/2026_AVRUPA_OPSIYON	D_EQ	SSO	D_EQ_ECP	DE_KRDMD_ECP	KRDMD.E	30/10/2026	2.84	3.32	-14.46	2.44	2.42	2.66	2.66	2.46	1540000	86100	350	7	643	250					
06/10/2026	O_KRDMDE1026C45.00	KRDMD_10/2026_AVRUPA_OPSIYON	D_EQ	SSO	D_EQ_ECP	DE_KRDMD_ECP	KRDMD.E	30/10/2026	2.3	2.73	-15.75	1.94	1.89	1.94	1.89	1.92	1575000	67250	350	7	723	350					
06/10/2026	O_KRDMDE1026C46.00	KRDMD_10/2026_AVRUPA_OPSIYON	D_EQ	SSO	D_EQ_ECP	DE_KRDMD_ECP	KRDMD.E	30/10/2026	1.84	2.22	-17.12	1.5	1.48	1.62	1.62	1.52	1527200	50482	332	8	707	332					
06/10/2026	O_KRDMDE1026C47.00	KRDMD_10/2026_AVRUPA_OPSIYON	D_EQ	SSO	D_EQ_ECP	DE_KRDMD_ECP	KRDMD.E	30/10/2026	1.44	1.77	-18.64	1.22	1.16	1.22	1.16	1.16	1283100	31698	273	7	363	263					
06/10/2026	O_KRDMDE1026C48.00	KRDMD_10/2026_AVRUPA_OPSIYON	D_EQ	SSO	D_EQ_ECP	DE_KRDMD_ECP	KRDMD.E	30/10/2026	1.11	1.4	-20.71	0.9	0.9	0.9	0.9	0.9	240000	4500	50	1	0	-50					
06/10/2026	O_KRDMDE1026C49.00	KRDMD_10/2026_AVRUPA_OPSIYON	D_EQ	SSO	D_EQ_ECP	DE_KRDMD_ECP	KRDMD.E	30/10/2026	0.85	1.09	-22.02	0	0	0	0	0	0	0	0	0	25	0					
06/10/2026	O_KRDMDE1026C50.00	KRDMD_10/2026_AVRUPA_OPSIYON	D_EQ	SSO	D_EQ_ECP	DE_KRDMD_ECP	KRDMD.E	30/10/2026	0.64	0.84	-23.81	0	0	0	0	0	0	0	0	0	0	0					
06/10/2026	O_KRDMDE1026C52.00	KRDMD_10/2026_AVRUPA_OPSIYON	D_EQ	SSO	D_EQ_ECP	DE_KRDMD_ECP	KRDMD.E	30/10/2026	0.34	0.48	-29.17	0.36	0.36	0.36	0.36	0.36	260000	1800	50	1	425	50					
06/10/2026	O_KRDMDE1026C54.00	KRDMD_10/2026_AVRUPA_OPSIYON	D_EQ	SSO	D_EQ_ECP	DE_KRDMD_ECP	KRDMD.E	30/10/2026	0.17	0.26	-34.62	0	0	0	0	0	0	0	0	0	0	0					
06/10/2026	O_KRDMDE1026C56.00	KRDMD_10/2026_AVRUPA_OPSIYON	D_EQ	SSO	D_EQ_ECP	DE_KRDMD_ECP	KRDMD.E	30/10/2026	0.08	0.13	-38.46	0	0	0	0	0	0	0	0	0	413	0					
06/10/2026	O_KRDMDE1026C58.00	KRDMD_10/2026_AVRUPA_OPSIYON	D_EQ	SSO	D_EQ_ECP	DE_KRDMD_ECP	KRDMD.E	30/10/2026	0.04	0.07	-42.86	0	0	0	0	0	0	0	0	0	325	0					
06/10/2026	O_KRDMDE1026C60.00	KRDMD_10/2026_AVRUPA_OPSIYON	D_EQ	SSO	D_EQ_ECP	DE_KRDMD_ECP	KRDMD.E	30/10/2026	0.02	0.03	-33.33	0	0	0	0	0	0	0	0	0	75	0					
06/10/2026	O_KRDMDE1026C62.00	KRDMD_10/2026_AVRUPA_OPSIYON	D_EQ	SSO	D_EQ_ECP	DE_KRDMD_ECP	KRDMD.E	30/10/2026	0.01	0.01	0	0	0	0	0	0	0	0	0	0	35	0					
06/10/2026	O_KRDMDE1026P37.00	KRDMD_10/2026_AVRUPA_OPSIYON	D_EQ	SSO	D_EQ_EPP	DE_KRDMD_EPP	KRDMD.E	30/10/2026	0.07	0.06	16.67	0	0	0	0	0	0	0	0	0	0	0					
06/10/2026	O_KRDMDE1026P38.00	KRDMD_10/2026_AVRUPA_OPSIYON	D_EQ	SSO	D_EQ_EPP	DE_KRDMD_EPP	KRDMD.E	30/10/2026	0.12	0.1	20	0	0	0	0	0	0	0	0	0	318	0					
06/10/2026	O_KRDMDE1026P39.00	KRDMD_10/2026_AVRUPA_OPSIYON	D_EQ	SSO	D_EQ_EPP	DE_KRDMD_EPP	KRDMD.E	30/10/2026	0.2	0.17	17.65	0	0	0	0	0	0	0	0	0	219	0					
06/10/2026	O_KRDMDE1026P40.00	KRDMD_10/2026_AVRUPA_OPSIYON	D_EQ	SSO	D_EQ_EPP	DE_KRDMD_EPP	KRDMD.E	30/10/2026	0.32	0.27	18.52	0.48	0.48	0.48	0.48	0.48	1200000	14400	300	6	300	300					
06/10/2026	O_KRDMDE1026P41.00	KRDMD_10/2026_AVRUPA_OPSIYON	D_EQ	SSO	D_EQ_EPP	DE_KRDMD_EPP	KRDMD.E	30/10/2026	0.49	0.41	19.51	0.66	0.66	0.66	0.66	0.66	1025000	16500	250	5	250	250					
06/10/2026	O_KRDMDE1026P42.00	KRDMD_10/2026_AVRUPA_OPSIYON	D_EQ	SSO	D_EQ_EPP	DE_KRDMD_EPP	KRDMD.E	30/10/2026	0.71	0.6	18.33	0.88	0.88	0.9	0.9	0.89	11340000	362800	2700	5	5000	2500					
06/10/2026	O_KRDMDE1026P43.00	KRDMD_10/2026_AVRUPA_OPSIYON	D_EQ	SSO	D_EQ_EPP	DE_KRDMD_EPP	KRDMD.E	30/10/2026	1	0.85	17.65	1.18	1.18	1.18	1.18	1.18	215000	5900	50	1	50	50					
06/10/2026	O_KRDMDE1026P44.00	KRDMD_10/2026_AVRUPA_OPSIYON	D_EQ	SSO	D_EQ_EPP	DE_KRDMD_EPP	KRDMD.E	30/10/2026	1.36	1.17	16.24	1.76	1.56	1.76	1.56	1.73	1399200	54968	318	7	493	318					
06/10/2026	O_KRDMDE1026P45.00	KRDMD_10/2026_AVRUPA_OPSIYON	D_EQ	SSO	D_EQ_EPP	DE_KRDMD_EPP	KRDMD.E	30/10/2026	1.79	1.56	14.74	2.24	2	2.24	2	2.15	1350000	64600	300	6	525	300					
06/10/2026	O_KRDMDE1026P46.00	KRDMD_10/2026_AVRUPA_OPSIYON	D_EQ	SSO	D_EQ_EPP	DE_KRDMD_EPP	KRDMD.E	30/10/2026	2.3	2.02	13.86	2.78	2.78	2.82	2.78	2.8	1840000	112036	400	9	761	368					
06/10/2026	O_KRDMDE1026P47.00	KRDMD_10/2026_AVRUPA_OPSIYON	D_EQ	SSO	D_EQ_EPP	DE_KRDMD_EPP	KRDMD.E	30/10/2026	2.88	2.55	12.94	3.42	3.42	3.48	3.46	3.44	2162000	158152	460	12	985	460					
06/10/2026	O_KRDMDE1026P48.00	KRDMD_10/2026_AVRUPA_OPSIYON	D_EQ	SSO	D_EQ_EPP	DE_KRDMD_EPP	KRDMD.E	30/10/2026	3.53	3.15	12.06	4.12	3.96	4.12	3.96	4.05	2904000	245250	605	13	508	100					
06/10/2026	O_KRDMDE1026P49.00	KRDMD_10/2026_AVRUPA_OPSIYON	D_EQ	SSO	D_EQ_EPP	DE_KRDMD_EPP	KRDMD.E	30/10/2026	4.24	3.81	11.29	4.85	4.85	4.92	4.9	4.9	1558200	155870	318	7	661	268					
06/10/2026	O_KRDMDE1026P50.00	KRDMD_10/2026_AVRUPA_OPSIYON	D_EQ	SSO	D_EQ_EPP	DE_KRDMD_EPP	KRDMD.E	30/10/2026	5	4.53	10.38	0	0	0	0	0	0	0	0	0	200	0					
06/10/2026	O_KRDMDE1026P52.00	KRDMD_10/2026_AVRUPA_OPSIYON	D_EQ	SSO	D_EQ_EPP	DE_KRDMD_EPP	KRDMD.E	30/10/2026	6.66	6.12	8.82	0	0	0	0	0	0	0	0	0	0	0					
06/10/2026	O_KRDMDE1126C43.00	KRDMD_11/2026_AVRUPA_OPSIYON	D_EQ	SSO	D_EQ_ECP	DE_KRDMD_ECP	KRDMD.E	30/11/2026	5.24	5.76	-9.03	0	0	0	0	0	0	0	0	0	1	0					
06/10/2026	O_KRDMDE1126C44.00	KRDMD_11/2026_AVRUPA_OPSIYON	D_EQ	SSO	D_EQ_ECP	DE_KRDMD_ECP	KRDMD.E	30/11/2026	4.64	5.12	-9.38	0	0	0	0	0	0	0	0	0	0	0					
06/10/2026	O_KRDMDE1126C45.00	KRDMD_11/2026_AVRUPA_OPSIYON	D_EQ	SSO	D_EQ_ECP	DE_KRDMD_ECP	KRDMD.E	30/11/2026	4.08	4.53	-9.93	0	0	0	0	0	0	0	0	0	0	0					
06/10/2026	O_KRDMDE1126C46.00	KRDMD_11/2026_AVRUPA_OPSIYON	D_EQ	SSO	D_EQ_ECP	DE_KRDMD_ECP	KRDMD.E	30/11/2026	3.57	3.99	-10.53	0	0	0	0	0	0	0	0	0	0	0					
06/10/2026	O_KRDMDE1126C47.00	KRDMD_11/2026_AVRUPA_OPSIYON	D_EQ	SSO	D_EQ_ECP	DE_KRDMD_ECP	KRDMD.E	30/11/2026	3.11	3.5	-11.14	0	0	0	0	0	0	0	0	0	0	0					
06/10/2026	O_KRDMDE1126C48.00	KRDMD_11/2026_AVRUPA_OPSIYON	D_EQ	SSO	D_EQ_ECP	DE_KRDMD_ECP	KRDMD.E	30/11/2026	2.69	3.05	-11.8	0	0	0	0	0	0	0	0	0	0	0					
06/10/2026	O_KRDMDE1126C49.00	KRDMD_11/2026_AVRUPA_OPSIYON	D_EQ	SSO	D_EQ_ECP	DE_KRDMD_ECP	KRDMD.E	30/11/2026	2.32	2.65	-12.45	0	0	0	0	0	0	0	0	0	0	0					
06/10/2026	O_KRDMDE1126C50.00	KRDMD_11/2026_AVRUPA_OPSIYON	D_EQ	SSO	D_EQ_ECP	DE_KRDMD_ECP	KRDMD.E	30/11/2026	1.98	2.29	-13.54	0	0	0	0	0	0	0	0	0	0	0					
06/10/2026	O_KRDMDE1126C52.00	KRDMD_11/2026_AVRUPA_OPSIYON	D_EQ	SSO	D_EQ_ECP	DE_KRDMD_ECP	KRDMD.E	30/11/2026	1.43	1.69	-15.38	0	0	0	0	0	0	0	0	0	0	0					
06/10/2026	O_KRDMDE1126C54.00	KRDMD_11/2026_AVRUPA_OPSIYON	D_EQ	SSO	D_EQ_ECP	DE_KRDMD_ECP	KRDMD.E	30/11/2026	1.02	1.22	-16.39	0	0	0	0	0	0	0	0	0	0	0					
06/10/2026	O_KRDMDE1126C56.00	KRDMD_11/2026_AVRUPA_OPSIYON	D_EQ	SSO	D_EQ_ECP	DE_KRDMD_ECP	KRDMD.E	30/11/2026	0.71	0.87	-18.39	0	0	0	0	0	0	0	0	0	0	0					
06/10/2026	O_KRDMDE1126C58.00	KRDMD_11/2026_AVRUPA_OPSIYON	D_EQ	SSO	D_EQ_ECP	DE_KRDMD_ECP	KRDMD.E	30/11/2026	0.49	0.62	-20.97	0	0	0	0	0	0	0	0	0	0	0					
06/10/2026	O_KRDMDE1126C60.00	KRDMD_11/2026_AVRUPA_OPSIYON	D_EQ	SSO	D_EQ_ECP	DE_KRDMD_ECP	KRDMD.E	30/11/2026	0.33	0.43	-23.26	0	0	0	0	0	0	0	0	0	0	0					
06/10/2026	O_KRDMDE1126C62.00	KRDMD_11/2026_AVRUPA_OPSIYON	D_EQ	SSO	D_EQ_ECP	DE_KRDMD_ECP	KRDMD.E	30/11/2026	0.22	0.3	-26.67	0	0	0	0	0	0	0	0	0	0	0					
06/10/2026	O_KRDMDE1126C64.00	KRDMD_11/2026_AVRUPA_OPSIYON	D_EQ	SSO	D_EQ_ECP	DE_KRDMD_ECP	KRDMD.E	30/11/2026	0.14	0.2	-30	0	0	0	0	0	0	0	0	0	0	0					
06/10/2026	O_KRDMDE1126P38.00	KRDMD_11/2026_AVRUPA_OPSIYON	D_EQ	SSO	D_EQ_EPP	DE_KRDMD_EPP	KRDMD.E	30/11/2026	0.38	0.34	11.76	0	0	0	0	0	0	0	0	0	0	0					
06/10/2026	O_KRDMDE1126P39.00	KRDMD_11/2026_AVRUPA_OPSIYON	D_EQ	SSO	D_EQ_EPP	DE_KRDMD_EPP	KRDMD.E	30/11/2026	0.52	0.46	13.04	0	0	0	0	0	0	0	0	0	0	0					
06/10/2026	O_KRDMDE1126P40.00	KRDMD_11/2026_AVRUPA_OPSIYON	D_EQ	SSO	D_EQ_EPP	DE_KRDMD_EPP	KRDMD.E	30/11/2026	0.69	0.62	11.29	0	0	0	0	0	0	0	0	0	0	0					
06/10/2026	O_KRDMDE1126P41.00	KRDMD_11/2026_AVRUPA_OPSIYON	D_EQ	SSO	D_EQ_EPP	DE_KRDMD_EPP	KRDMD.E	30/11/2026	0.9	0.81	11.11	0	0	0	0	0	0	0	0	0	0	0					
06/10/2026	O_KRDMDE1126P42.00	KRDMD_11/2026_AVRUPA_OPSIYON	D_EQ	SSO	D_EQ_EPP	DE_KRDMD_EPP	KRDMD.E	30/11/2026	1.15	1.03	11.65	0	0	0	0	0	0	0	0	0	0	0					
06/10/2026	O_KRDMDE1126P43.00	KRDMD_11/2026_AVRUPA_OPSIYON	D_EQ	SSO	D_EQ_EPP	DE_KRDMD_EPP	KRDMD.E	30/11/2026	1.45	1.3	11.54	0	0	0	0	0	0	0	0	0	0	0					
06/10/2026	O_KRDMDE1126P44.00	KRDMD_11/2026_AVRUPA_OPSIYON	D_EQ	SSO	D_EQ_EPP	DE_KRDMD_EPP	KRDMD.E	30/11/2026	1.79	1.61	11.18	0	0	0	0	0	0	0	0	0	0	0					
06/10/2026	O_KRDMDE1126P45.00	KRDMD_11/2026_AVRUPA_OPSIYON	D_EQ	SSO	D_EQ_EPP	DE_KRDMD_EPP	KRDMD.E	30/11/2026	2.18	1.97	10.66	0	0	0	0	0	0	0	0	0	0	0					
06/10/2026	O_KRDMDE1126P46.00	KRDMD_11/2026_AVRUPA_OPSIYON	D_EQ	SSO	D_EQ_EPP	DE_KRDMD_EPP	KRDMD.E	30/11/2026	2.61	2.37	10.13	0	0	0	0	0	0	0	0	0	2	0					
06/10/2026	O_KRDMDE1126P47.00	KRDMD_11/2026_AVRUPA_OPSIYON	D_EQ	SSO	D_EQ_EPP	DE_KRDMD_EPP	KRDMD.E	30/11/2026	3.09	2.82	9.57	0	0	0	0	0	0	0	0	0	1	0					
06/10/2026	O_KRDMDE1126P48.00	KRDMD_11/2026_AVRUPA_OPSIYON	D_EQ	SSO	D_EQ_EPP	DE_KRDMD_EPP	KRDMD.E	30/11/2026	3.62	3.31	9.37	0	0	0	0	0	0	0	0	0	0	0					
06/10/2026	O_KRDMDE1126P49.00	KRDMD_11/2026_AVRUPA_OPSIYON	D_EQ	SSO	D_EQ_EPP	DE_KRDMD_EPP	KRDMD.E	30/11/2026	4.19	3.85	8.83	0	0	0	0	0	0	0	0	0	0	0					
06/10/2026	O_KRDMDE1126P50.00	KRDMD_11/2026_AVRUPA_OPSIYON	D_EQ	SSO	D_EQ_EPP	DE_KRDMD_EPP	KRDMD.E	30/11/2026	4.8	4.44	8.11	0	0	0	0	0	0	0	0	0	0	0					
06/10/2026	O_KRDMDE1126P52.00	KRDMD_11/2026_AVRUPA_OPSIYON	D_EQ	SSO	D_EQ_EPP	DE_KRDMD_EPP	KRDMD.E	30/11/2026	6.14	5.72	7.34	0	0	0	0	0	0	0	0	0	0	0					
06/10/2026	O_KRDMDE1126P54.00	KRDMD_11/2026_AVRUPA_OPSIYON	D_EQ	SSO	D_EQ_EPP	DE_KRDMD_EPP	KRDMD.E	30/11/2026	7.61	7.15	6.43	0	0	0	0	0	0	0	0	0	0	0					
06/10/2026	O_KRDMDE1226C46.00	KRDMD_12/2026_AVRUPA_OPSIYON	D_EQ	SSO	D_EQ_ECP	DE_KRDMD_ECP	KRDMD.E	31/12/2026	5.5	5.98	-8.03	0	0	0	0	0	0	0	0	0	0	0					
06/10/2026	O_KRDMDE1226C47.00	KRDMD_12/2026_AVRUPA_OPSIYON	D_EQ	SSO	D_EQ_ECP	DE_KRDMD_ECP	KRDMD.E	31/12/2026	4.99	5.45	-8.44	0	0	0	0	0	0	0	0	0	0	0					
06/10/2026	O_KRDMDE1226C48.00	KRDMD_12/2026_AVRUPA_OPSIYON	D_EQ	SSO	D_EQ_ECP	DE_KRDMD_ECP	KRDMD.E	31/12/2026	4.52	4.95	-8.69	0	0	0	0	0	0	0	0	0	0	0					
06/10/2026	O_KRDMDE1226C49.00	KRDMD_12/2026_AVRUPA_OPSIYON	D_EQ	SSO	D_EQ_ECP	DE_KRDMD_ECP	KRDMD.E	31/12/2026	4.07	4.48	-9.15	0	0	0	0	0	0	0	0	0	0	0					
06/10/2026	O_KRDMDE1226C50.00	KRDMD_12/2026_AVRUPA_OPSIYON	D_EQ	SSO	D_EQ_ECP	DE_KRDMD_ECP	KRDMD.E	31/12/2026	3.67	4.05	-9.38	0	0	0	0	0	0	0	0	0	0	0					
06/10/2026	O_KRDMDE1226C52.00	KRDMD_12/2026_AVRUPA_OPSIYON	D_EQ	SSO	D_EQ_ECP	DE_KRDMD_ECP	KRDMD.E	31/12/2026	2.94	3.29	-10.64	0	0	0	0	0	0	0	0	0	0	0					
06/10/2026	O_KRDMDE1226C54.00	KRDMD_12/2026_AVRUPA_OPSIYON	D_EQ	SSO	D_EQ_ECP	DE_KRDMD_ECP	KRDMD.E	31/12/2026	2.34	2.65	-11.7	0	0	0	0	0	0	0	0	0	0	0					
06/10/2026	O_KRDMDE1226C56.00	KRDMD_12/2026_AVRUPA_OPSIYON	D_EQ	SSO	D_EQ_ECP	DE_KRDMD_ECP	KRDMD.E	31/12/2026	1.84	2.11	-12.8	0	0	0	0	0	0	0	0	0	0	0					
06/10/2026	O_KRDMDE1226C58.00	KRDMD_12/2026_AVRUPA_OPSIYON	D_EQ	SSO	D_EQ_ECP	DE_KRDMD_ECP	KRDMD.E	31/12/2026	1.44	1.67	-13.77	0	0	0	0	0	0	0	0	0	0	0					
06/10/2026	O_KRDMDE1226C60.00	KRDMD_12/2026_AVRUPA_OPSIYON	D_EQ	SSO	D_EQ_ECP	DE_KRDMD_ECP	KRDMD.E	31/12/2026	1.11		0	0	0	0	0	0	0	0	0	0	0	0					
06/10/2026	O_KRDMDE1226P41.00	KRDMD_12/2026_AVRUPA_OPSIYON	D_EQ	SSO	D_EQ_EPP	DE_KRDMD_EPP	KRDMD.E	31/12/2026	0.96	0.87	10.34	0	0	0	0	0	0	0	0	0	0	0					
06/10/2026	O_KRDMDE1226P42.00	KRDMD_12/2026_AVRUPA_OPSIYON	D_EQ	SSO	D_EQ_EPP	DE_KRDMD_EPP	KRDMD.E	31/12/2026	1.18	1.07	10.28	0	0	0	0	0	0	0	0	0	0	0					
06/10/2026	O_KRDMDE1226P43.00	KRDMD_12/2026_AVRUPA_OPSIYON	D_EQ	SSO	D_EQ_EPP	DE_KRDMD_EPP	KRDMD.E	31/12/2026	1.43	1.3	10	0	0	0	0	0	0	0	0	0	0	0					
06/10/2026	O_KRDMDE1226P44.00	KRDMD_12/2026_AVRUPA_OPSIYON	D_EQ	SSO	D_EQ_EPP	DE_KRDMD_EPP	KRDMD.E	31/12/2026	1.71	1.56	9.62	0	0	0	0	0	0	0	0	0	0	0					
06/10/2026	O_KRDMDE1226P45.00	KRDMD_12/2026_AVRUPA_OPSIYON	D_EQ	SSO	D_EQ_EPP	DE_KRDMD_EPP	KRDMD.E	31/12/2026	2.03	1.86	9.14	0	0	0	0	0	0	0	0	0	0	0					
06/10/2026	O_KRDMDE1226P46.00	KRDMD_12/2026_AVRUPA_OPSIYON	D_EQ	SSO	D_EQ_EPP	DE_KRDMD_EPP	KRDMD.E	31/12/2026	2.38	2.18	9.17	0	0	0	0	0	0	0	0	0	0	0					
06/10/2026	O_KRDMDE1226P47.00	KRDMD_12/2026_AVRUPA_OPSIYON	D_EQ	SSO	D_EQ_EPP	DE_KRDMD_EPP	KRDMD.E	31/12/2026	2.77	2.55	8.63	0	0	0	0	0	0	0	0	0	0	0					
06/10/2026	O_KRDMDE1226P48.00	KRDMD_12/2026_AVRUPA_OPSIYON	D_EQ	SSO	D_EQ_EPP	DE_KRDMD_EPP	KRDMD.E	31/12/2026	3.19	2.94	8.5	0	0	0	0	0	0	0	0	0	0	0					
06/10/2026	O_KRDMDE1226P49.00	KRDMD_12/2026_AVRUPA_OPSIYON	D_EQ	SSO	D_EQ_EPP	DE_KRDMD_EPP	KRDMD.E	31/12/2026	3.64	3.37	8.01	0	0	0	0	0	0	0	0	0	0	0					
06/10/2026	O_KRDMDE1226P50.00	KRDMD_12/2026_AVRUPA_OPSIYON	D_EQ	SSO	D_EQ_EPP	DE_KRDMD_EPP	KRDMD.E	31/12/2026	4.13		0	0	0	0	0	0	0	0	0	0	0	0					
06/10/2026	O_PETKME1026C19.00	PETKM_10/2026_AVRUPA_OPSIYON	D_EQ	SSO	D_EQ_ECP	DE_PETKM_ECP	PETKM.E	30/10/2026	1.69	1.96	-13.78	0	0	0	0	0	0	0	0	0	550	0					
06/10/2026	O_PETKME1026C19.50	PETKM_10/2026_AVRUPA_OPSIYON	D_EQ	SSO	D_EQ_ECP	DE_PETKM_ECP	PETKM.E	30/10/2026	1.37	1.62	-15.43	0	0	0	0	0	0	0	0	0	210	0					
06/10/2026	O_PETKME1026C20.00	PETKM_10/2026_AVRUPA_OPSIYON	D_EQ	SSO	D_EQ_ECP	DE_PETKM_ECP	PETKM.E	30/10/2026	1.1	1.32	-16.67	0	0	0	0	0	0	0	0	0	351	0					
06/10/2026	O_PETKME1026C20.50	PETKM_10/2026_AVRUPA_OPSIYON	D_EQ	SSO	D_EQ_ECP	DE_PETKM_ECP	PETKM.E	30/10/2026	0.87	1.06	-17.92	0	0	0	0	0	0	0	0	0	300	0					
06/10/2026	O_PETKME1026C21.00	PETKM_10/2026_AVRUPA_OPSIYON	D_EQ	SSO	D_EQ_ECP	DE_PETKM_ECP	PETKM.E	30/10/2026	0.67	0.84	-20.24	0	0	0	0	0	0	0	0	0	250	0					
06/10/2026	O_PETKME1026C21.50	PETKM_10/2026_AVRUPA_OPSIYON	D_EQ	SSO	D_EQ_ECP	DE_PETKM_ECP	PETKM.E	30/10/2026	0.51	0.65	-21.54	0	0	0	0	0	0	0	0	0	600	0					
06/10/2026	O_PETKME1026C22.00	PETKM_10/2026_AVRUPA_OPSIYON	D_EQ	SSO	D_EQ_ECP	DE_PETKM_ECP	PETKM.E	30/10/2026	0.39	0.5	-22	0.68	0.68	0.68	0.68	0.68	330000	10200	150	1	5000	-150					
06/10/2026	O_PETKME1026C22.50	PETKM_10/2026_AVRUPA_OPSIYON	D_EQ	SSO	D_EQ_ECP	DE_PETKM_ECP	PETKM.E	30/10/2026	0.29	0.38	-23.68	0	0	0	0	0	0	0	0	0	50	0					
06/10/2026	O_PETKME1026C23.00	PETKM_10/2026_AVRUPA_OPSIYON	D_EQ	SSO	D_EQ_ECP	DE_PETKM_ECP	PETKM.E	30/10/2026	0.21	0.29	-27.59	0	0	0	0	0	0	0	0	0	3480	0					
06/10/2026	O_PETKME1026C23.50	PETKM_10/2026_AVRUPA_OPSIYON	D_EQ	SSO	D_EQ_ECP	DE_PETKM_ECP	PETKM.E	30/10/2026	0.15	0.21	-28.57	0	0	0	0	0	0	0	0	0	55	0					
06/10/2026	O_PETKME1026C24.00	PETKM_10/2026_AVRUPA_OPSIYON	D_EQ	SSO	D_EQ_ECP	DE_PETKM_ECP	PETKM.E	30/10/2026	0.11	0.16	-31.25	0	0	0	0	0	0	0	0	0	1476	0					
06/10/2026	O_PETKME1026C24.50	PETKM_10/2026_AVRUPA_OPSIYON	D_EQ	SSO	D_EQ_ECP	DE_PETKM_ECP	PETKM.E	30/10/2026	0.08	0.11	-27.27	0.15	0.12	0.2	0.12	0.12	1756650	8661	717	11	2390	717					
06/10/2026	O_PETKME1026C25.00	PETKM_10/2026_AVRUPA_OPSIYON	D_EQ	SSO	D_EQ_ECP	DE_PETKM_ECP	PETKM.E	30/10/2026	0.05	0.08	-37.5	0.1	0.1	0.16	0.16	0.13	47500	251	19	19	1168	19					
06/10/2026	O_PETKME1026C26.00	PETKM_10/2026_AVRUPA_OPSIYON	D_EQ	SSO	D_EQ_ECP	DE_PETKM_ECP	PETKM.E	30/10/2026	0.03	0.04	-25	0	0	0	0	0	0	0	0	0	10000	0					
06/10/2026	O_PETKME1026C27.00	PETKM_10/2026_AVRUPA_OPSIYON	D_EQ	SSO	D_EQ_ECP	DE_PETKM_ECP	PETKM.E	30/10/2026	0.01	0.02	-50	0	0	0	0	0	0	0	0	0	514	0					
06/10/2026	O_PETKME1026C28.00	PETKM_10/2026_AVRUPA_OPSIYON	D_EQ	SSO	D_EQ_ECP	DE_PETKM_ECP	PETKM.E	30/10/2026	0.01	0.01	0	0	0	0	0	0	0	0	0	0	37	0					
06/10/2026	O_PETKME1026C29.00	PETKM_10/2026_AVRUPA_OPSIYON	D_EQ	SSO	D_EQ_ECP	DE_PETKM_ECP	PETKM.E	30/10/2026	0.01	0.01	0	0	0	0	0	0	0	0	0	0	50	0					
06/10/2026	O_PETKME1026C30.00	PETKM_10/2026_AVRUPA_OPSIYON	D_EQ	SSO	D_EQ_ECP	DE_PETKM_ECP	PETKM.E	30/10/2026	0.01	0.01	0	0	0	0	0	0	0	0	0	0	81	0					
06/10/2026	O_PETKME1026C31.00	PETKM_10/2026_AVRUPA_OPSIYON	D_EQ	SSO	D_EQ_ECP	DE_PETKM_ECP	PETKM.E	30/10/2026	0.01	0.01	0	0.03	0.03	0.03	0.03	0.03	77500	75	25	2	57	0					
06/10/2026	O_PETKME1026C32.00	PETKM_10/2026_AVRUPA_OPSIYON	D_EQ	SSO	D_EQ_ECP	DE_PETKM_ECP	PETKM.E	30/10/2026	0.01	0.01	0	0	0	0	0	0	0	0	0	0	51	0					
06/10/2026	O_PETKME1026C33.00	PETKM_10/2026_AVRUPA_OPSIYON	D_EQ	SSO	D_EQ_ECP	DE_PETKM_ECP	PETKM.E	30/10/2026	0.01	0.01	0	0	0	0	0	0	0	0	0	0	41	0					
06/10/2026	O_PETKME1026P16.50	PETKM_10/2026_AVRUPA_OPSIYON	D_EQ	SSO	D_EQ_EPP	DE_PETKM_EPP	PETKM.E	30/10/2026	0.05	0.04	25	0	0	0	0	0	0	0	0	0	540	0					
06/10/2026	O_PETKME1026P17.00	PETKM_10/2026_AVRUPA_OPSIYON	D_EQ	SSO	D_EQ_EPP	DE_PETKM_EPP	PETKM.E	30/10/2026	0.08	0.06	33.33	0.11	0.11	0.14	0.13	0.13	2017900	15782	1187	13	1525	1187					
06/10/2026	O_PETKME1026P17.50	PETKM_10/2026_AVRUPA_OPSIYON	D_EQ	SSO	D_EQ_EPP	DE_PETKM_EPP	PETKM.E	30/10/2026	0.13	0.11	18.18	0	0	0	0	0	0	0	0	0	884	0					
06/10/2026	O_PETKME1026P18.00	PETKM_10/2026_AVRUPA_OPSIYON	D_EQ	SSO	D_EQ_EPP	DE_PETKM_EPP	PETKM.E	30/10/2026	0.2	0.17	17.65	0	0	0	0	0	0	0	0	0	425	0					
06/10/2026	O_PETKME1026P18.50	PETKM_10/2026_AVRUPA_OPSIYON	D_EQ	SSO	D_EQ_EPP	DE_PETKM_EPP	PETKM.E	30/10/2026	0.31	0.25	24	0	0	0	0	0	0	0	0	0	178	0					
06/10/2026	O_PETKME1026P19.00	PETKM_10/2026_AVRUPA_OPSIYON	D_EQ	SSO	D_EQ_EPP	DE_PETKM_EPP	PETKM.E	30/10/2026	0.44	0.37	18.92	0	0	0	0	0	0	0	0	0	340	0					
06/10/2026	O_PETKME1026P19.50	PETKM_10/2026_AVRUPA_OPSIYON	D_EQ	SSO	D_EQ_EPP	DE_PETKM_EPP	PETKM.E	30/10/2026	0.61	0.52	17.31	0	0	0	0	0	0	0	0	0	200	0					
06/10/2026	O_PETKME1026P20.00	PETKM_10/2026_AVRUPA_OPSIYON	D_EQ	SSO	D_EQ_EPP	DE_PETKM_EPP	PETKM.E	30/10/2026	0.83	0.71	16.9	0.98	0.98	0.98	0.98	0.98	1236000	60564	618	1	10111	0					
06/10/2026	O_PETKME1026P20.50	PETKM_10/2026_AVRUPA_OPSIYON	D_EQ	SSO	D_EQ_EPP	DE_PETKM_EPP	PETKM.E	30/10/2026	1.08	0.93	16.13	1.24	1.24	1.24	1.24	1.24	205000	12400	100	2	862	100					
06/10/2026	O_PETKME1026P21.00	PETKM_10/2026_AVRUPA_OPSIYON	D_EQ	SSO	D_EQ_EPP	DE_PETKM_EPP	PETKM.E	30/10/2026	1.37	1.2	14.17	1.54	1.54	1.54	1.54	1.54	525000	38500	250	5	1098	250					
06/10/2026	O_PETKME1026P21.50	PETKM_10/2026_AVRUPA_OPSIYON	D_EQ	SSO	D_EQ_EPP	DE_PETKM_EPP	PETKM.E	30/10/2026	1.7	1.5	13.33	0	0	0	0	0	0	0	0	0	917	0					
06/10/2026	O_PETKME1026P22.00	PETKM_10/2026_AVRUPA_OPSIYON	D_EQ	SSO	D_EQ_EPP	DE_PETKM_EPP	PETKM.E	30/10/2026	2.06	1.84	11.96	2.22	2.12	2.22	2.12	2.21	242000	24320	110	8	664	110					
06/10/2026	O_PETKME1026P22.50	PETKM_10/2026_AVRUPA_OPSIYON	D_EQ	SSO	D_EQ_EPP	DE_PETKM_EPP	PETKM.E	30/10/2026	2.45	2.2	11.36	0	0	0	0	0	0	0	0	0	200	0					
06/10/2026	O_PETKME1026P23.00	PETKM_10/2026_AVRUPA_OPSIYON	D_EQ	SSO	D_EQ_EPP	DE_PETKM_EPP	PETKM.E	30/10/2026	2.86	2.6	10	0	0	0	0	0	0	0	0	0	400	0					
06/10/2026	O_PETKME1026P23.50	PETKM_10/2026_AVRUPA_OPSIYON	D_EQ	SSO	D_EQ_EPP	DE_PETKM_EPP	PETKM.E	30/10/2026	3.29	3.01	9.3	0	0	0	0	0	0	0	0	0	350	0					
06/10/2026	O_PETKME1026P24.00	PETKM_10/2026_AVRUPA_OPSIYON	D_EQ	SSO	D_EQ_EPP	DE_PETKM_EPP	PETKM.E	30/10/2026	3.74	3.44	8.72	0	0	0	0	0	0	0	0	0	150	0					
06/10/2026	O_PETKME1026P24.50	PETKM_10/2026_AVRUPA_OPSIYON	D_EQ	SSO	D_EQ_EPP	DE_PETKM_EPP	PETKM.E	30/10/2026	4.19	3.89	7.71	0.24	0.24	0.24	0.24	0.24	2450	24	1	1	463	0					
06/10/2026	O_PETKME1026P25.00	PETKM_10/2026_AVRUPA_OPSIYON	D_EQ	SSO	D_EQ_EPP	DE_PETKM_EPP	PETKM.E	30/10/2026	4.66	4.34	7.37	0	0	0	0	0	0	0	0	0	1076	0					
06/10/2026	O_PETKME1026P26.00	PETKM_10/2026_AVRUPA_OPSIYON	D_EQ	SSO	D_EQ_EPP	DE_PETKM_EPP	PETKM.E	30/10/2026	5.6	5.27	6.26	0	0	0	0	0	0	0	0	0	405	0					
06/10/2026	O_PETKME1026P27.00	PETKM_10/2026_AVRUPA_OPSIYON	D_EQ	SSO	D_EQ_EPP	DE_PETKM_EPP	PETKM.E	30/10/2026	6.57	6.23	5.46	0	0	0	0	0	0	0	0	0	600	0					
06/10/2026	O_PETKME1026P28.00	PETKM_10/2026_AVRUPA_OPSIYON	D_EQ	SSO	D_EQ_EPP	DE_PETKM_EPP	PETKM.E	30/10/2026	7.53	7.19	4.73	0	0	0	0	0	0	0	0	0	250	0					
06/10/2026	O_PETKME1126C19.50	PETKM_11/2026_AVRUPA_OPSIYON	D_EQ	SSO	D_EQ_ECP	DE_PETKM_ECP	PETKM.E	30/11/2026	2.2	2.45	-10.2	0	0	0	0	0	0	0	0	0	0	0					
06/10/2026	O_PETKME1126C20.00	PETKM_11/2026_AVRUPA_OPSIYON	D_EQ	SSO	D_EQ_ECP	DE_PETKM_ECP	PETKM.E	30/11/2026	1.92	2.15	-10.7	0	0	0	0	0	0	0	0	0	0	0					
06/10/2026	O_PETKME1126C20.50	PETKM_11/2026_AVRUPA_OPSIYON	D_EQ	SSO	D_EQ_ECP	DE_PETKM_ECP	PETKM.E	30/11/2026	1.66	1.88	-11.7	0	0	0	0	0	0	0	0	0	0	0					
06/10/2026	O_PETKME1126C21.00	PETKM_11/2026_AVRUPA_OPSIYON	D_EQ	SSO	D_EQ_ECP	DE_PETKM_ECP	PETKM.E	30/11/2026	1.43	1.63	-12.27	0	0	0	0	0	0	0	0	0	0	0					
06/10/2026	O_PETKME1126C21.50	PETKM_11/2026_AVRUPA_OPSIYON	D_EQ	SSO	D_EQ_ECP	DE_PETKM_ECP	PETKM.E	30/11/2026	1.23	1.41	-12.77	0	0	0	0	0	0	0	0	0	0	0					
06/10/2026	O_PETKME1126C22.00	PETKM_11/2026_AVRUPA_OPSIYON	D_EQ	SSO	D_EQ_ECP	DE_PETKM_ECP	PETKM.E	30/11/2026	1.05	1.21	-13.22	0	0	0	0	0	0	0	0	0	0	0					
06/10/2026	O_PETKME1126C22.50	PETKM_11/2026_AVRUPA_OPSIYON	D_EQ	SSO	D_EQ_ECP	DE_PETKM_ECP	PETKM.E	30/11/2026	0.9	1.04	-13.46	0	0	0	0	0	0	0	0	0	0	0					
06/10/2026	O_PETKME1126C23.00	PETKM_11/2026_AVRUPA_OPSIYON	D_EQ	SSO	D_EQ_ECP	DE_PETKM_ECP	PETKM.E	30/11/2026	0.76	0.89	-14.61	0	0	0	0	0	0	0	0	0	0	0					
06/10/2026	O_PETKME1126C23.50	PETKM_11/2026_AVRUPA_OPSIYON	D_EQ	SSO	D_EQ_ECP	DE_PETKM_ECP	PETKM.E	30/11/2026	0.65	0.76	-14.47	0	0	0	0	0	0	0	0	0	0	0					
06/10/2026	O_PETKME1126C24.00	PETKM_11/2026_AVRUPA_OPSIYON	D_EQ	SSO	D_EQ_ECP	DE_PETKM_ECP	PETKM.E	30/11/2026	0.54	0.65	-16.92	0	0	0	0	0	0	0	0	0	0	0					
06/10/2026	O_PETKME1126C24.50	PETKM_11/2026_AVRUPA_OPSIYON	D_EQ	SSO	D_EQ_ECP	DE_PETKM_ECP	PETKM.E	30/11/2026	0.46	0.55	-16.36	0	0	0	0	0	0	0	0	0	0	0					
06/10/2026	O_PETKME1126C25.00	PETKM_11/2026_AVRUPA_OPSIYON	D_EQ	SSO	D_EQ_ECP	DE_PETKM_ECP	PETKM.E	30/11/2026	0.38	0.47	-19.15	0	0	0	0	0	0	0	0	0	15	0					
06/10/2026	O_PETKME1126C26.00	PETKM_11/2026_AVRUPA_OPSIYON	D_EQ	SSO	D_EQ_ECP	DE_PETKM_ECP	PETKM.E	30/11/2026	0.27	0.33	-18.18	0.29	0.29	0.3	0.3	0.3	5200	59	2	2	38	2					
06/10/2026	O_PETKME1126C27.00	PETKM_11/2026_AVRUPA_OPSIYON	D_EQ	SSO	D_EQ_ECP	DE_PETKM_ECP	PETKM.E	30/11/2026	0.19	0.23	-17.39	0.1	0.1	0.2	0.2	0.16	75600	435	28	28	28	28					
06/10/2026	O_PETKME1126C28.00	PETKM_11/2026_AVRUPA_OPSIYON	D_EQ	SSO	D_EQ_ECP	DE_PETKM_ECP	PETKM.E	30/11/2026	0.13	0.16	-18.75	0	0	0	0	0	0	0	0	0	0	0					
06/10/2026	O_PETKME1126C29.00	PETKM_11/2026_AVRUPA_OPSIYON	D_EQ	SSO	D_EQ_ECP	DE_PETKM_ECP	PETKM.E	30/11/2026	0.09	0.11	-18.18	0	0	0	0	0	0	0	0	0	0	0					
06/10/2026	O_PETKME1126C30.00	PETKM_11/2026_AVRUPA_OPSIYON	D_EQ	SSO	D_EQ_ECP	DE_PETKM_ECP	PETKM.E	30/11/2026	0.06	0.08	-25	0	0	0	0	0	0	0	0	0	0	0					
06/10/2026	O_PETKME1126C31.00	PETKM_11/2026_AVRUPA_OPSIYON	D_EQ	SSO	D_EQ_ECP	DE_PETKM_ECP	PETKM.E	30/11/2026	0.04	0.06	-33.33	0	0	0	0	0	0	0	0	0	0	0					
06/10/2026	O_PETKME1126C32.00	PETKM_11/2026_AVRUPA_OPSIYON	D_EQ	SSO	D_EQ_ECP	DE_PETKM_ECP	PETKM.E	30/11/2026	0.03	0.04	-25	0	0	0	0	0	0	0	0	0	0	0					
06/10/2026	O_PETKME1126C33.00	PETKM_11/2026_AVRUPA_OPSIYON	D_EQ	SSO	D_EQ_ECP	DE_PETKM_ECP	PETKM.E	30/11/2026	0.02	0.03	-33.33	0	0	0	0	0	0	0	0	0	0	0					
06/10/2026	O_PETKME1126C34.00	PETKM_11/2026_AVRUPA_OPSIYON	D_EQ	SSO	D_EQ_ECP	DE_PETKM_ECP	PETKM.E	30/11/2026	0.01	0.02	-50	0	0	0	0	0	0	0	0	0	0	0					
06/10/2026	O_PETKME1126P17.00	PETKM_11/2026_AVRUPA_OPSIYON	D_EQ	SSO	D_EQ_EPP	DE_PETKM_EPP	PETKM.E	30/11/2026	0.23	0.2	15	0.23	0.18	0.26	0.26	0.22	57800	743	34	28	34	34					
06/10/2026	O_PETKME1126P17.50	PETKM_11/2026_AVRUPA_OPSIYON	D_EQ	SSO	D_EQ_EPP	DE_PETKM_EPP	PETKM.E	30/11/2026	0.31	0.27	14.81	0	0	0	0	0	0	0	0	0	0	0					
06/10/2026	O_PETKME1126P18.00	PETKM_11/2026_AVRUPA_OPSIYON	D_EQ	SSO	D_EQ_EPP	DE_PETKM_EPP	PETKM.E	30/11/2026	0.4	0.36	11.11	0	0	0	0	0	0	0	0	0	0	0					
06/10/2026	O_PETKME1126P18.50	PETKM_11/2026_AVRUPA_OPSIYON	D_EQ	SSO	D_EQ_EPP	DE_PETKM_EPP	PETKM.E	30/11/2026	0.52	0.46	13.04	0	0	0	0	0	0	0	0	0	0	0					
06/10/2026	O_PETKME1126P19.00	PETKM_11/2026_AVRUPA_OPSIYON	D_EQ	SSO	D_EQ_EPP	DE_PETKM_EPP	PETKM.E	30/11/2026	0.67	0.59	13.56	0	0	0	0	0	0	0	0	0	0	0					
06/10/2026	O_PETKME1126P19.50	PETKM_11/2026_AVRUPA_OPSIYON	D_EQ	SSO	D_EQ_EPP	DE_PETKM_EPP	PETKM.E	30/11/2026	0.83	0.74	12.16	0	0	0	0	0	0	0	0	0	0	0					
06/10/2026	O_PETKME1126P20.00	PETKM_11/2026_AVRUPA_OPSIYON	D_EQ	SSO	D_EQ_EPP	DE_PETKM_EPP	PETKM.E	30/11/2026	1.02	0.91	12.09	0	0	0	0	0	0	0	0	0	11	0					
06/10/2026	O_PETKME1126P20.50	PETKM_11/2026_AVRUPA_OPSIYON	D_EQ	SSO	D_EQ_EPP	DE_PETKM_EPP	PETKM.E	30/11/2026	1.24	1.12	10.71	0	0	0	0	0	0	0	0	0	0	0					
06/10/2026	O_PETKME1126P21.00	PETKM_11/2026_AVRUPA_OPSIYON	D_EQ	SSO	D_EQ_EPP	DE_PETKM_EPP	PETKM.E	30/11/2026	1.49	1.34	11.19	0	0	0	0	0	0	0	0	0	0	0					
06/10/2026	O_PETKME1126P21.50	PETKM_11/2026_AVRUPA_OPSIYON	D_EQ	SSO	D_EQ_EPP	DE_PETKM_EPP	PETKM.E	30/11/2026	1.75	1.59	10.06	0	0	0	0	0	0	0	0	0	0	0					
06/10/2026	O_PETKME1126P22.00	PETKM_11/2026_AVRUPA_OPSIYON	D_EQ	SSO	D_EQ_EPP	DE_PETKM_EPP	PETKM.E	30/11/2026	2.05	1.87	9.63	2.12	2.12	2.12	2.12	2.12	22000	2120	10	6	10	10					
06/10/2026	O_PETKME1126P22.50	PETKM_11/2026_AVRUPA_OPSIYON	D_EQ	SSO	D_EQ_EPP	DE_PETKM_EPP	PETKM.E	30/11/2026	2.37	2.17	9.22	0	0	0	0	0	0	0	0	0	0	0					
06/10/2026	O_PETKME1126P23.00	PETKM_11/2026_AVRUPA_OPSIYON	D_EQ	SSO	D_EQ_EPP	DE_PETKM_EPP	PETKM.E	30/11/2026	2.7	2.49	8.43	0	0	0	0	0	0	0	0	0	0	0					
06/10/2026	O_PETKME1126P23.50	PETKM_11/2026_AVRUPA_OPSIYON	D_EQ	SSO	D_EQ_EPP	DE_PETKM_EPP	PETKM.E	30/11/2026	3.06	2.83	8.13	0	0	0	0	0	0	0	0	0	0	0					
06/10/2026	O_PETKME1126P24.00	PETKM_11/2026_AVRUPA_OPSIYON	D_EQ	SSO	D_EQ_EPP	DE_PETKM_EPP	PETKM.E	30/11/2026	3.43	3.19	7.52	0	0	0	0	0	0	0	0	0	0	0					
06/10/2026	O_PETKME1126P24.50	PETKM_11/2026_AVRUPA_OPSIYON	D_EQ	SSO	D_EQ_EPP	DE_PETKM_EPP	PETKM.E	30/11/2026	3.81	3.56	7.02	0	0	0	0	0	0	0	0	0	0	0					
06/10/2026	O_PETKME1126P25.00	PETKM_11/2026_AVRUPA_OPSIYON	D_EQ	SSO	D_EQ_EPP	DE_PETKM_EPP	PETKM.E	30/11/2026	4.21	3.95	6.58	0	0	0	0	0	0	0	0	0	0	0					
06/10/2026	O_PETKME1126P26.00	PETKM_11/2026_AVRUPA_OPSIYON	D_EQ	SSO	D_EQ_EPP	DE_PETKM_EPP	PETKM.E	30/11/2026	5.04	4.76	5.88	0	0	0	0	0	0	0	0	0	0	0					
06/10/2026	O_PETKME1126P27.00	PETKM_11/2026_AVRUPA_OPSIYON	D_EQ	SSO	D_EQ_EPP	DE_PETKM_EPP	PETKM.E	30/11/2026	5.9	5.6	5.36	0	0	0	0	0	0	0	0	0	0	0					
06/10/2026	O_PETKME1126P28.00	PETKM_11/2026_AVRUPA_OPSIYON	D_EQ	SSO	D_EQ_EPP	DE_PETKM_EPP	PETKM.E	30/11/2026	6.79	6.48	4.78	0	0	0	0	0	0	0	0	0	0	0					
06/10/2026	O_PETKME1126P29.00	PETKM_11/2026_AVRUPA_OPSIYON	D_EQ	SSO	D_EQ_EPP	DE_PETKM_EPP	PETKM.E	30/11/2026	7.69	7.37	4.34	0	0	0	0	0	0	0	0	0	0	0					
06/10/2026	O_PETKME1226C20.00	PETKM_12/2026_AVRUPA_OPSIYON	D_EQ	SSO	D_EQ_ECP	DE_PETKM_ECP	PETKM.E	31/12/2026	2.81	3.06	-8.17	0	0	0	0	0	0	0	0	0	0	0					
06/10/2026	O_PETKME1226C20.50	PETKM_12/2026_AVRUPA_OPSIYON	D_EQ	SSO	D_EQ_ECP	DE_PETKM_ECP	PETKM.E	31/12/2026	2.54	2.78	-8.63	0	0	0	0	0	0	0	0	0	0	0					
06/10/2026	O_PETKME1226C21.00	PETKM_12/2026_AVRUPA_OPSIYON	D_EQ	SSO	D_EQ_ECP	DE_PETKM_ECP	PETKM.E	31/12/2026	2.29	2.51	-8.76	0	0	0	0	0	0	0	0	0	0	0					
06/10/2026	O_PETKME1226C21.50	PETKM_12/2026_AVRUPA_OPSIYON	D_EQ	SSO	D_EQ_ECP	DE_PETKM_ECP	PETKM.E	31/12/2026	2.05	2.27	-9.69	0	0	0	0	0	0	0	0	0	0	0					
06/10/2026	O_PETKME1226C22.00	PETKM_12/2026_AVRUPA_OPSIYON	D_EQ	SSO	D_EQ_ECP	DE_PETKM_ECP	PETKM.E	31/12/2026	1.84	2.04	-9.8	0	0	0	0	0	0	0	0	0	0	0					
06/10/2026	O_PETKME1226C22.50	PETKM_12/2026_AVRUPA_OPSIYON	D_EQ	SSO	D_EQ_ECP	DE_PETKM_ECP	PETKM.E	31/12/2026	1.65	1.83	-9.84	0	0	0	0	0	0	0	0	0	0	0					
06/10/2026	O_PETKME1226C23.00	PETKM_12/2026_AVRUPA_OPSIYON	D_EQ	SSO	D_EQ_ECP	DE_PETKM_ECP	PETKM.E	31/12/2026	1.47	1.65	-10.91	0	0	0	0	0	0	0	0	0	0	0					
06/10/2026	O_PETKME1226C23.50	PETKM_12/2026_AVRUPA_OPSIYON	D_EQ	SSO	D_EQ_ECP	DE_PETKM_ECP	PETKM.E	31/12/2026	1.32	1.48	-10.81	0	0	0	0	0	0	0	0	0	0	0					
06/10/2026	O_PETKME1226C24.00	PETKM_12/2026_AVRUPA_OPSIYON	D_EQ	SSO	D_EQ_ECP	DE_PETKM_ECP	PETKM.E	31/12/2026	1.17	1.32	-11.36	0	0	0	0	0	0	0	0	0	0	0					
06/10/2026	O_PETKME1226C24.50	PETKM_12/2026_AVRUPA_OPSIYON	D_EQ	SSO	D_EQ_ECP	DE_PETKM_ECP	PETKM.E	31/12/2026	1.04		0	0	0	0	0	0	0	0	0	0	0	0					
06/10/2026	O_PETKME1226P17.50	PETKM_12/2026_AVRUPA_OPSIYON	D_EQ	SSO	D_EQ_EPP	DE_PETKM_EPP	PETKM.E	31/12/2026	0.36	0.32	12.5	0	0	0	0	0	0	0	0	0	0	0					
06/10/2026	O_PETKME1226P18.00	PETKM_12/2026_AVRUPA_OPSIYON	D_EQ	SSO	D_EQ_EPP	DE_PETKM_EPP	PETKM.E	31/12/2026	0.45	0.4	12.5	0	0	0	0	0	0	0	0	0	0	0					
06/10/2026	O_PETKME1226P18.50	PETKM_12/2026_AVRUPA_OPSIYON	D_EQ	SSO	D_EQ_EPP	DE_PETKM_EPP	PETKM.E	31/12/2026	0.55	0.5	10	0	0	0	0	0	0	0	0	0	0	0					
06/10/2026	O_PETKME1226P19.00	PETKM_12/2026_AVRUPA_OPSIYON	D_EQ	SSO	D_EQ_EPP	DE_PETKM_EPP	PETKM.E	31/12/2026	0.68	0.61	11.48	0	0	0	0	0	0	0	0	0	0	0					
06/10/2026	O_PETKME1226P19.50	PETKM_12/2026_AVRUPA_OPSIYON	D_EQ	SSO	D_EQ_EPP	DE_PETKM_EPP	PETKM.E	31/12/2026	0.82	0.74	10.81	0	0	0	0	0	0	0	0	0	0	0					
06/10/2026	O_PETKME1226P20.00	PETKM_12/2026_AVRUPA_OPSIYON	D_EQ	SSO	D_EQ_EPP	DE_PETKM_EPP	PETKM.E	31/12/2026	0.97	0.89	8.99	0	0	0	0	0	0	0	0	0	0	0					
06/10/2026	O_PETKME1226P20.50	PETKM_12/2026_AVRUPA_OPSIYON	D_EQ	SSO	D_EQ_EPP	DE_PETKM_EPP	PETKM.E	31/12/2026	1.15	1.05	9.52	0	0	0	0	0	0	0	0	0	0	0					
06/10/2026	O_PETKME1226P21.00	PETKM_12/2026_AVRUPA_OPSIYON	D_EQ	SSO	D_EQ_EPP	DE_PETKM_EPP	PETKM.E	31/12/2026	1.35	1.23	9.76	0	0	0	0	0	0	0	0	0	0	0					
06/10/2026	O_PETKME1226P21.50	PETKM_12/2026_AVRUPA_OPSIYON	D_EQ	SSO	D_EQ_EPP	DE_PETKM_EPP	PETKM.E	31/12/2026	1.57	1.43	9.79	0	0	0	0	0	0	0	0	0	0	0					
06/10/2026	O_PETKME1226P22.00	PETKM_12/2026_AVRUPA_OPSIYON	D_EQ	SSO	D_EQ_EPP	DE_PETKM_EPP	PETKM.E	31/12/2026	1.8		0	0	0	0	0	0	0	0	0	0	0	0					
06/10/2026	O_PGSUSE1026C135.00	PGSUS_10/2026_AVRUPA_OPSIYON	D_EQ	SSO	D_EQ_ECP	DE_PGSUS_ECP	PGSUS.E	30/10/2026	10.49	12.85	-18.37	0	0	0	0	0	0	0	0	0	20	0					
06/10/2026	O_PGSUSE1026C140.00	PGSUS_10/2026_AVRUPA_OPSIYON	D_EQ	SSO	D_EQ_ECP	DE_PGSUS_ECP	PGSUS.E	30/10/2026	7.26	9.3	-21.94	0	0	0	0	0	0	0	0	0	8	0					
06/10/2026	O_PGSUSE1026C145.00	PGSUS_10/2026_AVRUPA_OPSIYON	D_EQ	SSO	D_EQ_ECP	DE_PGSUS_ECP	PGSUS.E	30/10/2026	4.73	6.39	-25.98	0	0	0	0	0	0	0	0	0	76	0					
06/10/2026	O_PGSUSE1026C150.00	PGSUS_10/2026_AVRUPA_OPSIYON	D_EQ	SSO	D_EQ_ECP	DE_PGSUS_ECP	PGSUS.E	30/10/2026	2.9	4.16	-30.29	0	0	0	0	0	0	0	0	0	539	0					
06/10/2026	O_PGSUSE1026C155.00	PGSUS_10/2026_AVRUPA_OPSIYON	D_EQ	SSO	D_EQ_ECP	DE_PGSUS_ECP	PGSUS.E	30/10/2026	1.68	2.57	-34.63	2	2	2	2	2	775000	10000	50	1	548	0					
06/10/2026	O_PGSUSE1026C160.00	PGSUS_10/2026_AVRUPA_OPSIYON	D_EQ	SSO	D_EQ_ECP	DE_PGSUS_ECP	PGSUS.E	30/10/2026	0.92	1.5	-38.67	0	0	0	0	0	0	0	0	0	70	0					
06/10/2026	O_PGSUSE1026C165.00	PGSUS_10/2026_AVRUPA_OPSIYON	D_EQ	SSO	D_EQ_ECP	DE_PGSUS_ECP	PGSUS.E	30/10/2026	0.47	0.84	-44.05	0	0	0	0	0	0	0	0	0	110	0					
06/10/2026	O_PGSUSE1026C170.00	PGSUS_10/2026_AVRUPA_OPSIYON	D_EQ	SSO	D_EQ_ECP	DE_PGSUS_ECP	PGSUS.E	30/10/2026	0.23	0.44	-47.73	0	0	0	0	0	0	0	0	0	315	0					
06/10/2026	O_PGSUSE1026C175.00	PGSUS_10/2026_AVRUPA_OPSIYON	D_EQ	SSO	D_EQ_ECP	DE_PGSUS_ECP	PGSUS.E	30/10/2026	0.11	0.22	-50	0	0	0	0	0	0	0	0	0	189	0					
06/10/2026	O_PGSUSE1026C180.00	PGSUS_10/2026_AVRUPA_OPSIYON	D_EQ	SSO	D_EQ_ECP	DE_PGSUS_ECP	PGSUS.E	30/10/2026	0.05	0.11	-54.55	0	0	0	0	0	0	0	0	0	841	0					
06/10/2026	O_PGSUSE1026C185.00	PGSUS_10/2026_AVRUPA_OPSIYON	D_EQ	SSO	D_EQ_ECP	DE_PGSUS_ECP	PGSUS.E	30/10/2026	0.02	0.05	-60	0	0	0	0	0	0	0	0	0	252	0					
06/10/2026	O_PGSUSE1026C190.00	PGSUS_10/2026_AVRUPA_OPSIYON	D_EQ	SSO	D_EQ_ECP	DE_PGSUS_ECP	PGSUS.E	30/10/2026	0.01	0.02	-50	0	0	0	0	0	0	0	0	0	263	0					
06/10/2026	O_PGSUSE1026C195.00	PGSUS_10/2026_AVRUPA_OPSIYON	D_EQ	SSO	D_EQ_ECP	DE_PGSUS_ECP	PGSUS.E	30/10/2026	0.01	0.01	0	0	0	0	0	0	0	0	0	0	0	0					
06/10/2026	O_PGSUSE1026C200.00	PGSUS_10/2026_AVRUPA_OPSIYON	D_EQ	SSO	D_EQ_ECP	DE_PGSUS_ECP	PGSUS.E	30/10/2026	0.01	0.01	0	0	0	0	0	0	0	0	0	0	0	0					
06/10/2026	O_PGSUSE1026P110.00	PGSUS_10/2026_AVRUPA_OPSIYON	D_EQ	SSO	D_EQ_EPP	DE_PGSUS_EPP	PGSUS.E	30/10/2026	0.01	0.01	0	0	0	0	0	0	0	0	0	0	0	0					
06/10/2026	O_PGSUSE1026P115.00	PGSUS_10/2026_AVRUPA_OPSIYON	D_EQ	SSO	D_EQ_EPP	DE_PGSUS_EPP	PGSUS.E	30/10/2026	0.04	0.03	33.33	0	0	0	0	0	0	0	0	0	0	0					
06/10/2026	O_PGSUSE1026P120.00	PGSUS_10/2026_AVRUPA_OPSIYON	D_EQ	SSO	D_EQ_EPP	DE_PGSUS_EPP	PGSUS.E	30/10/2026	0.14	0.1	40	0	0	0	0	0	0	0	0	0	0	0					
06/10/2026	O_PGSUSE1026P125.00	PGSUS_10/2026_AVRUPA_OPSIYON	D_EQ	SSO	D_EQ_EPP	DE_PGSUS_EPP	PGSUS.E	30/10/2026	0.39	0.28	39.29	0	0	0	0	0	0	0	0	0	24	0					
06/10/2026	O_PGSUSE1026P130.00	PGSUS_10/2026_AVRUPA_OPSIYON	D_EQ	SSO	D_EQ_EPP	DE_PGSUS_EPP	PGSUS.E	30/10/2026	0.94	0.7	34.29	0	0	0	0	0	0	0	0	0	5	0					
06/10/2026	O_PGSUSE1026P135.00	PGSUS_10/2026_AVRUPA_OPSIYON	D_EQ	SSO	D_EQ_EPP	DE_PGSUS_EPP	PGSUS.E	30/10/2026	1.96	1.48	32.43	0	0	0	0	0	0	0	0	0	130	0					
06/10/2026	O_PGSUSE1026P140.00	PGSUS_10/2026_AVRUPA_OPSIYON	D_EQ	SSO	D_EQ_EPP	DE_PGSUS_EPP	PGSUS.E	30/10/2026	3.61	2.8	28.93	0	0	0	0	0	0	0	0	0	11	0					
06/10/2026	O_PGSUSE1026P145.00	PGSUS_10/2026_AVRUPA_OPSIYON	D_EQ	SSO	D_EQ_EPP	DE_PGSUS_EPP	PGSUS.E	30/10/2026	5.96	4.76	25.21	0	0	0	0	0	0	0	0	0	35	0					
06/10/2026	O_PGSUSE1026P150.00	PGSUS_10/2026_AVRUPA_OPSIYON	D_EQ	SSO	D_EQ_EPP	DE_PGSUS_EPP	PGSUS.E	30/10/2026	9	7.4	21.62	0	0	0	0	0	0	0	0	0	60	0					
06/10/2026	O_PGSUSE1026P155.00	PGSUS_10/2026_AVRUPA_OPSIYON	D_EQ	SSO	D_EQ_EPP	DE_PGSUS_EPP	PGSUS.E	30/10/2026	12.66	10.68	18.54	0	0	0	0	0	0	0	0	0	11	0					
06/10/2026	O_PGSUSE1026P160.00	PGSUS_10/2026_AVRUPA_OPSIYON	D_EQ	SSO	D_EQ_EPP	DE_PGSUS_EPP	PGSUS.E	30/10/2026	16.77	14.49	15.73	0	0	0	0	0	0	0	0	0	77	0					
06/10/2026	O_PGSUSE1026P165.00	PGSUS_10/2026_AVRUPA_OPSIYON	D_EQ	SSO	D_EQ_EPP	DE_PGSUS_EPP	PGSUS.E	30/10/2026	21.2	18.7	13.37	0	0	0	0	0	0	0	0	0	10	0					
06/10/2026	O_PGSUSE1026P170.00	PGSUS_10/2026_AVRUPA_OPSIYON	D_EQ	SSO	D_EQ_EPP	DE_PGSUS_EPP	PGSUS.E	30/10/2026	25.84	23.18	11.48	0	0	0	0	0	0	0	0	0	0	0					
06/10/2026	O_PGSUSE1026P175.00	PGSUS_10/2026_AVRUPA_OPSIYON	D_EQ	SSO	D_EQ_EPP	DE_PGSUS_EPP	PGSUS.E	30/10/2026	30.59	27.83	9.92	29.99	29.48	29.99	29.48	29.55	1750000	295490	100	10	250	100					
06/10/2026	O_PGSUSE1126C140.00	PGSUS_11/2026_AVRUPA_OPSIYON	D_EQ	SSO	D_EQ_ECP	DE_PGSUS_ECP	PGSUS.E	30/11/2026	12.43	14.57	-14.69	0	0	0	0	0	0	0	0	0	0	0					
06/10/2026	O_PGSUSE1126C145.00	PGSUS_11/2026_AVRUPA_OPSIYON	D_EQ	SSO	D_EQ_ECP	DE_PGSUS_ECP	PGSUS.E	30/11/2026	9.67	11.57	-16.42	0	0	0	0	0	0	0	0	0	0	0					
06/10/2026	O_PGSUSE1126C150.00	PGSUS_11/2026_AVRUPA_OPSIYON	D_EQ	SSO	D_EQ_ECP	DE_PGSUS_ECP	PGSUS.E	30/11/2026	7.36	9.01	-18.31	0	0	0	0	0	0	0	0	0	0	0					
06/10/2026	O_PGSUSE1126C155.00	PGSUS_11/2026_AVRUPA_OPSIYON	D_EQ	SSO	D_EQ_ECP	DE_PGSUS_ECP	PGSUS.E	30/11/2026	5.48	6.87	-20.23	0	0	0	0	0	0	0	0	0	700	0					
06/10/2026	O_PGSUSE1126C160.00	PGSUS_11/2026_AVRUPA_OPSIYON	D_EQ	SSO	D_EQ_ECP	DE_PGSUS_ECP	PGSUS.E	30/11/2026	4.01	5.15	-22.14	0	0	0	0	0	0	0	0	0	0	0					
06/10/2026	O_PGSUSE1126C165.00	PGSUS_11/2026_AVRUPA_OPSIYON	D_EQ	SSO	D_EQ_ECP	DE_PGSUS_ECP	PGSUS.E	30/11/2026	2.87	3.79	-24.27	0	0	0	0	0	0	0	0	0	0	0					
06/10/2026	O_PGSUSE1126C170.00	PGSUS_11/2026_AVRUPA_OPSIYON	D_EQ	SSO	D_EQ_ECP	DE_PGSUS_ECP	PGSUS.E	30/11/2026	2.02	2.74	-26.28	0	0	0	0	0	0	0	0	0	0	0					
06/10/2026	O_PGSUSE1126C175.00	PGSUS_11/2026_AVRUPA_OPSIYON	D_EQ	SSO	D_EQ_ECP	DE_PGSUS_ECP	PGSUS.E	30/11/2026	1.4	1.95	-28.21	0	0	0	0	0	0	0	0	0	0	0					
06/10/2026	O_PGSUSE1126C180.00	PGSUS_11/2026_AVRUPA_OPSIYON	D_EQ	SSO	D_EQ_ECP	DE_PGSUS_ECP	PGSUS.E	30/11/2026	0.95	1.37	-30.66	0	0	0	0	0	0	0	0	0	0	0					
06/10/2026	O_PGSUSE1126C185.00	PGSUS_11/2026_AVRUPA_OPSIYON	D_EQ	SSO	D_EQ_ECP	DE_PGSUS_ECP	PGSUS.E	30/11/2026	0.64	0.95	-32.63	0	0	0	0	0	0	0	0	0	0	0					
06/10/2026	O_PGSUSE1126C190.00	PGSUS_11/2026_AVRUPA_OPSIYON	D_EQ	SSO	D_EQ_ECP	DE_PGSUS_ECP	PGSUS.E	30/11/2026	0.42	0.65	-35.38	0	0	0	0	0	0	0	0	0	0	0					
06/10/2026	O_PGSUSE1126C195.00	PGSUS_11/2026_AVRUPA_OPSIYON	D_EQ	SSO	D_EQ_ECP	DE_PGSUS_ECP	PGSUS.E	30/11/2026	0.28	0.44	-36.36	0	0	0	0	0	0	0	0	0	0	0					
06/10/2026	O_PGSUSE1126P115.00	PGSUS_11/2026_AVRUPA_OPSIYON	D_EQ	SSO	D_EQ_EPP	DE_PGSUS_EPP	PGSUS.E	30/11/2026	0.28	0.22	27.27	0	0	0	0	0	0	0	0	0	0	0					
06/10/2026	O_PGSUSE1126P120.00	PGSUS_11/2026_AVRUPA_OPSIYON	D_EQ	SSO	D_EQ_EPP	DE_PGSUS_EPP	PGSUS.E	30/11/2026	0.57	0.46	23.91	0	0	0	0	0	0	0	0	0	8	0					
06/10/2026	O_PGSUSE1126P125.00	PGSUS_11/2026_AVRUPA_OPSIYON	D_EQ	SSO	D_EQ_EPP	DE_PGSUS_EPP	PGSUS.E	30/11/2026	1.05	0.86	22.09	0	0	0	0	0	0	0	0	0	0	0					
06/10/2026	O_PGSUSE1126P130.00	PGSUS_11/2026_AVRUPA_OPSIYON	D_EQ	SSO	D_EQ_EPP	DE_PGSUS_EPP	PGSUS.E	30/11/2026	1.82	1.5	21.33	0	0	0	0	0	0	0	0	0	0	0					
06/10/2026	O_PGSUSE1126P135.00	PGSUS_11/2026_AVRUPA_OPSIYON	D_EQ	SSO	D_EQ_EPP	DE_PGSUS_EPP	PGSUS.E	30/11/2026	2.93	2.44	20.08	0	0	0	0	0	0	0	0	0	0	0					
06/10/2026	O_PGSUSE1126P140.00	PGSUS_11/2026_AVRUPA_OPSIYON	D_EQ	SSO	D_EQ_EPP	DE_PGSUS_EPP	PGSUS.E	30/11/2026	4.44	3.74	18.72	0	0	0	0	0	0	0	0	0	0	0					
06/10/2026	O_PGSUSE1126P145.00	PGSUS_11/2026_AVRUPA_OPSIYON	D_EQ	SSO	D_EQ_EPP	DE_PGSUS_EPP	PGSUS.E	30/11/2026	6.4	5.46	17.22	0	0	0	0	0	0	0	0	0	0	0					
06/10/2026	O_PGSUSE1126P150.00	PGSUS_11/2026_AVRUPA_OPSIYON	D_EQ	SSO	D_EQ_EPP	DE_PGSUS_EPP	PGSUS.E	30/11/2026	8.81	7.61	15.77	0	0	0	0	0	0	0	0	0	0	0					
06/10/2026	O_PGSUSE1126P155.00	PGSUS_11/2026_AVRUPA_OPSIYON	D_EQ	SSO	D_EQ_EPP	DE_PGSUS_EPP	PGSUS.E	30/11/2026	11.65	10.2	14.22	0	0	0	0	0	0	0	0	0	0	0					
06/10/2026	O_PGSUSE1126P160.00	PGSUS_11/2026_AVRUPA_OPSIYON	D_EQ	SSO	D_EQ_EPP	DE_PGSUS_EPP	PGSUS.E	30/11/2026	14.9	13.19	12.96	0	0	0	0	0	0	0	0	0	0	0					
06/10/2026	O_PGSUSE1126P165.00	PGSUS_11/2026_AVRUPA_OPSIYON	D_EQ	SSO	D_EQ_EPP	DE_PGSUS_EPP	PGSUS.E	30/11/2026	18.49	16.55	11.72	0	0	0	0	0	0	0	0	0	0	0					
06/10/2026	O_PGSUSE1126P170.00	PGSUS_11/2026_AVRUPA_OPSIYON	D_EQ	SSO	D_EQ_EPP	DE_PGSUS_EPP	PGSUS.E	30/11/2026	22.36	20.22	10.58	0	0	0	0	0	0	0	0	0	0	0					
06/10/2026	O_PGSUSE1226C145.00	PGSUS_12/2026_AVRUPA_OPSIYON	D_EQ	SSO	D_EQ_ECP	DE_PGSUS_ECP	PGSUS.E	31/12/2026	15.53	17.71	-12.31	0	0	0	0	0	0	0	0	0	0	0					
06/10/2026	O_PGSUSE1226C150.00	PGSUS_12/2026_AVRUPA_OPSIYON	D_EQ	SSO	D_EQ_ECP	DE_PGSUS_ECP	PGSUS.E	31/12/2026	12.88	14.87	-13.38	0	0	0	0	0	0	0	0	0	0	0					
06/10/2026	O_PGSUSE1226C155.00	PGSUS_12/2026_AVRUPA_OPSIYON	D_EQ	SSO	D_EQ_ECP	DE_PGSUS_ECP	PGSUS.E	31/12/2026	10.55	12.36	-14.64	0	0	0	0	0	0	0	0	0	0	0					
06/10/2026	O_PGSUSE1226C160.00	PGSUS_12/2026_AVRUPA_OPSIYON	D_EQ	SSO	D_EQ_ECP	DE_PGSUS_ECP	PGSUS.E	31/12/2026	8.56	10.16	-15.75	0	0	0	0	0	0	0	0	0	0	0					
06/10/2026	O_PGSUSE1226C165.00	PGSUS_12/2026_AVRUPA_OPSIYON	D_EQ	SSO	D_EQ_ECP	DE_PGSUS_ECP	PGSUS.E	31/12/2026	6.87	8.28	-17.03	0	0	0	0	0	0	0	0	0	0	0					
06/10/2026	O_PGSUSE1226C170.00	PGSUS_12/2026_AVRUPA_OPSIYON	D_EQ	SSO	D_EQ_ECP	DE_PGSUS_ECP	PGSUS.E	31/12/2026	5.47	6.69	-18.24	0	0	0	0	0	0	0	0	0	0	0					
06/10/2026	O_PGSUSE1226C175.00	PGSUS_12/2026_AVRUPA_OPSIYON	D_EQ	SSO	D_EQ_ECP	DE_PGSUS_ECP	PGSUS.E	31/12/2026	4.31	5.35	-19.44	0	0	0	0	0	0	0	0	0	0	0					
06/10/2026	O_PGSUSE1226C180.00	PGSUS_12/2026_AVRUPA_OPSIYON	D_EQ	SSO	D_EQ_ECP	DE_PGSUS_ECP	PGSUS.E	31/12/2026	3.36	4.25	-20.94	0	0	0	0	0	0	0	0	0	0	0					
06/10/2026	O_PGSUSE1226C185.00	PGSUS_12/2026_AVRUPA_OPSIYON	D_EQ	SSO	D_EQ_ECP	DE_PGSUS_ECP	PGSUS.E	31/12/2026	2.6	3.35	-22.39	0	0	0	0	0	0	0	0	0	0	0					
06/10/2026	O_PGSUSE1226P120.00	PGSUS_12/2026_AVRUPA_OPSIYON	D_EQ	SSO	D_EQ_EPP	DE_PGSUS_EPP	PGSUS.E	31/12/2026	0.71	0.6	18.33	0	0	0	0	0	0	0	0	0	0	0					
06/10/2026	O_PGSUSE1226P125.00	PGSUS_12/2026_AVRUPA_OPSIYON	D_EQ	SSO	D_EQ_EPP	DE_PGSUS_EPP	PGSUS.E	31/12/2026	1.17	1	17	0	0	0	0	0	0	0	0	0	0	0					
06/10/2026	O_PGSUSE1226P130.00	PGSUS_12/2026_AVRUPA_OPSIYON	D_EQ	SSO	D_EQ_EPP	DE_PGSUS_EPP	PGSUS.E	31/12/2026	1.84	1.58	16.46	0	0	0	0	0	0	0	0	0	0	0					
06/10/2026	O_PGSUSE1226P135.00	PGSUS_12/2026_AVRUPA_OPSIYON	D_EQ	SSO	D_EQ_EPP	DE_PGSUS_EPP	PGSUS.E	31/12/2026	2.75	2.37	16.03	0	0	0	0	0	0	0	0	0	0	0					
06/10/2026	O_PGSUSE1226P140.00	PGSUS_12/2026_AVRUPA_OPSIYON	D_EQ	SSO	D_EQ_EPP	DE_PGSUS_EPP	PGSUS.E	31/12/2026	3.94	3.42	15.2	0	0	0	0	0	0	0	0	0	0	0					
06/10/2026	O_PGSUSE1226P145.00	PGSUS_12/2026_AVRUPA_OPSIYON	D_EQ	SSO	D_EQ_EPP	DE_PGSUS_EPP	PGSUS.E	31/12/2026	5.44	4.75	14.53	0	0	0	0	0	0	0	0	0	0	0					
06/10/2026	O_PGSUSE1226P150.00	PGSUS_12/2026_AVRUPA_OPSIYON	D_EQ	SSO	D_EQ_EPP	DE_PGSUS_EPP	PGSUS.E	31/12/2026	7.27	6.39	13.77	0	0	0	0	0	0	0	0	0	0	0					
06/10/2026	O_PGSUSE1226P155.00	PGSUS_12/2026_AVRUPA_OPSIYON	D_EQ	SSO	D_EQ_EPP	DE_PGSUS_EPP	PGSUS.E	31/12/2026	9.43	8.36	12.8	0	0	0	0	0	0	0	0	0	0	0					
06/10/2026	O_PGSUSE1226P160.00	PGSUS_12/2026_AVRUPA_OPSIYON	D_EQ	SSO	D_EQ_EPP	DE_PGSUS_EPP	PGSUS.E	31/12/2026	11.93	10.65	12.02	0	0	0	0	0	0	0	0	0	0	0					
06/10/2026	O_P_USDTRYKE1026C50000	FIZ. USDTRY_10/2026_AVRUPA_OPSIYON	D_CR	PCO	D_CR_ECP	DE_USDTRYKP_ECP	USDTRYKP.CX	30/10/2026	309.5	324.5	-4.62	0	0	0	0	0	0	0	0	0	0	0					
06/10/2026	O_P_USDTRYKE1026P50000	FIZ. USDTRY_10/2026_AVRUPA_OPSIYON	D_CR	PCO	D_CR_EPP	DE_USDTRYKP_EPP	USDTRYKP.CX	30/10/2026	293.7	291.3	0.82	0	0	0	0	0	0	0	0	0	0	0					
06/10/2026	O_P_USDTRYKE1126C51000	FIZ. USDTRY_11/2026_AVRUPA_OPSIYON	D_CR	PCO	D_CR_ECP	DE_USDTRYKP_ECP	USDTRYKP.CX	30/11/2026	551.5	602.5	-8.46	0	0	0	0	0	0	0	0	0	0	0					
06/10/2026	O_P_USDTRYKE1126P51000	FIZ. USDTRY_11/2026_AVRUPA_OPSIYON	D_CR	PCO	D_CR_EPP	DE_USDTRYKP_EPP	USDTRYKP.CX	30/11/2026	382.2	416	-8.13	0	0	0	0	0	0	0	0	0	0	0					
06/10/2026	O_SAHOLE1026C100.00	SAHOL_10/2026_AVRUPA_OPSIYON	D_EQ	SSO	D_EQ_ECP	DE_SAHOL_ECP	SAHOL.E	30/10/2026	1.27	1.35	-5.93	0	0	0	0	0	0	0	0	0	2425	0					
06/10/2026	O_SAHOLE1026C105.00	SAHOL_10/2026_AVRUPA_OPSIYON	D_EQ	SSO	D_EQ_ECP	DE_SAHOL_ECP	SAHOL.E	30/10/2026	0.58	0.63	-7.94	0	0	0	0	0	0	0	0	0	4968	0					
06/10/2026	O_SAHOLE1026C110.00	SAHOL_10/2026_AVRUPA_OPSIYON	D_EQ	SSO	D_EQ_ECP	DE_SAHOL_ECP	SAHOL.E	30/10/2026	0.24	0.27	-11.11	0	0	0	0	0	0	0	0	0	1200	0					
06/10/2026	O_SAHOLE1026C115.00	SAHOL_10/2026_AVRUPA_OPSIYON	D_EQ	SSO	D_EQ_ECP	DE_SAHOL_ECP	SAHOL.E	30/10/2026	0.09	0.11	-18.18	0	0	0	0	0	0	0	0	0	1568	0					
06/10/2026	O_SAHOLE1026C120.00	SAHOL_10/2026_AVRUPA_OPSIYON	D_EQ	SSO	D_EQ_ECP	DE_SAHOL_ECP	SAHOL.E	30/10/2026	0.03	0.04	-25	0	0	0	0	0	0	0	0	0	1600	0					
06/10/2026	O_SAHOLE1026C125.00	SAHOL_10/2026_AVRUPA_OPSIYON	D_EQ	SSO	D_EQ_ECP	DE_SAHOL_ECP	SAHOL.E	30/10/2026	0.01	0.01	0	0	0	0	0	0	0	0	0	0	0	0					
06/10/2026	O_SAHOLE1026C130.00	SAHOL_10/2026_AVRUPA_OPSIYON	D_EQ	SSO	D_EQ_ECP	DE_SAHOL_ECP	SAHOL.E	30/10/2026	0.01	0.01	0	0	0	0	0	0	0	0	0	0	0	0					
06/10/2026	O_SAHOLE1026C86.00	SAHOL_10/2026_AVRUPA_OPSIYON	D_EQ	SSO	D_EQ_ECP	DE_SAHOL_ECP	SAHOL.E	30/10/2026	6.92	7.05	-1.84	0	0	0	0	0	0	0	0	0	38	0					
06/10/2026	O_SAHOLE1026C88.00	SAHOL_10/2026_AVRUPA_OPSIYON	D_EQ	SSO	D_EQ_ECP	DE_SAHOL_ECP	SAHOL.E	30/10/2026	5.69	5.82	-2.23	0	0	0	0	0	0	0	0	0	2	0					
06/10/2026	O_SAHOLE1026C90.00	SAHOL_10/2026_AVRUPA_OPSIYON	D_EQ	SSO	D_EQ_ECP	DE_SAHOL_ECP	SAHOL.E	30/10/2026	4.6	4.73	-2.75	0	0	0	0	0	0	0	0	0	40	0					
06/10/2026	O_SAHOLE1026C92.00	SAHOL_10/2026_AVRUPA_OPSIYON	D_EQ	SSO	D_EQ_ECP	DE_SAHOL_ECP	SAHOL.E	30/10/2026	3.67	3.8	-3.42	0	0	0	0	0	0	0	0	0	204	0					
06/10/2026	O_SAHOLE1026C94.00	SAHOL_10/2026_AVRUPA_OPSIYON	D_EQ	SSO	D_EQ_ECP	DE_SAHOL_ECP	SAHOL.E	30/10/2026	2.88	3	-4	0	0	0	0	0	0	0	0	0	98	0					
06/10/2026	O_SAHOLE1026C96.00	SAHOL_10/2026_AVRUPA_OPSIYON	D_EQ	SSO	D_EQ_ECP	DE_SAHOL_ECP	SAHOL.E	30/10/2026	2.23	2.33	-4.29	0	0	0	0	0	0	0	0	0	98	0					
06/10/2026	O_SAHOLE1026C98.00	SAHOL_10/2026_AVRUPA_OPSIYON	D_EQ	SSO	D_EQ_ECP	DE_SAHOL_ECP	SAHOL.E	30/10/2026	1.69	1.79	-5.59	0	0	0	0	0	0	0	0	0	98	0					
06/10/2026	O_SAHOLE1026P100.00	SAHOL_10/2026_AVRUPA_OPSIYON	D_EQ	SSO	D_EQ_EPP	DE_SAHOL_EPP	SAHOL.E	30/10/2026	10	9.98	0.2	0	0	0	0	0	0	0	0	0	100	0					
06/10/2026	O_SAHOLE1026P105.00	SAHOL_10/2026_AVRUPA_OPSIYON	D_EQ	SSO	D_EQ_EPP	DE_SAHOL_EPP	SAHOL.E	30/10/2026	14.19	14.13	0.42	0	0	0	0	0	0	0	0	0	4300	0					
06/10/2026	O_SAHOLE1026P76.00	SAHOL_10/2026_AVRUPA_OPSIYON	D_EQ	SSO	D_EQ_EPP	DE_SAHOL_EPP	SAHOL.E	30/10/2026	0.24	0.26	-7.69	0	0	0	0	0	0	0	0	0	0	0					
06/10/2026	O_SAHOLE1026P78.00	SAHOL_10/2026_AVRUPA_OPSIYON	D_EQ	SSO	D_EQ_EPP	DE_SAHOL_EPP	SAHOL.E	30/10/2026	0.4	0.42	-4.76	0	0	0	0	0	0	0	0	0	125	0					
06/10/2026	O_SAHOLE1026P80.00	SAHOL_10/2026_AVRUPA_OPSIYON	D_EQ	SSO	D_EQ_EPP	DE_SAHOL_EPP	SAHOL.E	30/10/2026	0.64	0.67	-4.48	0	0	0	0	0	0	0	0	0	42	0					
06/10/2026	O_SAHOLE1026P82.00	SAHOL_10/2026_AVRUPA_OPSIYON	D_EQ	SSO	D_EQ_EPP	DE_SAHOL_EPP	SAHOL.E	30/10/2026	0.97	1.01	-3.96	0	0	0	0	0	0	0	0	0	2138	0					
06/10/2026	O_SAHOLE1026P84.00	SAHOL_10/2026_AVRUPA_OPSIYON	D_EQ	SSO	D_EQ_EPP	DE_SAHOL_EPP	SAHOL.E	30/10/2026	1.42	1.46	-2.74	0	0	0	0	0	0	0	0	0	3330	0					
06/10/2026	O_SAHOLE1026P86.00	SAHOL_10/2026_AVRUPA_OPSIYON	D_EQ	SSO	D_EQ_EPP	DE_SAHOL_EPP	SAHOL.E	30/10/2026	2	2.04	-1.96	0	0	0	0	0	0	0	0	0	2973	0					
06/10/2026	O_SAHOLE1026P88.00	SAHOL_10/2026_AVRUPA_OPSIYON	D_EQ	SSO	D_EQ_EPP	DE_SAHOL_EPP	SAHOL.E	30/10/2026	2.71	2.76	-1.81	0	0	0	0	0	0	0	0	0	9791	0					
06/10/2026	O_SAHOLE1026P90.00	SAHOL_10/2026_AVRUPA_OPSIYON	D_EQ	SSO	D_EQ_EPP	DE_SAHOL_EPP	SAHOL.E	30/10/2026	3.58	3.62	-1.1	0	0	0	0	0	0	0	0	0	5646	0					
06/10/2026	O_SAHOLE1026P92.00	SAHOL_10/2026_AVRUPA_OPSIYON	D_EQ	SSO	D_EQ_EPP	DE_SAHOL_EPP	SAHOL.E	30/10/2026	4.6	4.63	-0.65	0	0	0	0	0	0	0	0	0	1222	0					
06/10/2026	O_SAHOLE1026P94.00	SAHOL_10/2026_AVRUPA_OPSIYON	D_EQ	SSO	D_EQ_EPP	DE_SAHOL_EPP	SAHOL.E	30/10/2026	5.76	5.78	-0.35	0	0	0	0	0	0	0	0	0	1180	0					
06/10/2026	O_SAHOLE1026P96.00	SAHOL_10/2026_AVRUPA_OPSIYON	D_EQ	SSO	D_EQ_EPP	DE_SAHOL_EPP	SAHOL.E	30/10/2026	7.06	7.07	-0.14	0	0	0	0	0	0	0	0	0	80	0					
06/10/2026	O_SAHOLE1026P98.00	SAHOL_10/2026_AVRUPA_OPSIYON	D_EQ	SSO	D_EQ_EPP	DE_SAHOL_EPP	SAHOL.E	30/10/2026	8.47	8.47	0	0	0	0	0	0	0	0	0	0	128	0					
06/10/2026	O_SAHOLE1126C100.00	SAHOL_11/2026_AVRUPA_OPSIYON	D_EQ	SSO	D_EQ_ECP	DE_SAHOL_ECP	SAHOL.E	30/11/2026	3.97	4.05	-1.98	0	0	0	0	0	0	0	0	0	0	0					
06/10/2026	O_SAHOLE1126C105.00	SAHOL_11/2026_AVRUPA_OPSIYON	D_EQ	SSO	D_EQ_ECP	DE_SAHOL_ECP	SAHOL.E	30/11/2026	2.63	2.71	-2.95	0	0	0	0	0	0	0	0	0	1011	0					
06/10/2026	O_SAHOLE1126C110.00	SAHOL_11/2026_AVRUPA_OPSIYON	D_EQ	SSO	D_EQ_ECP	DE_SAHOL_ECP	SAHOL.E	30/11/2026	1.7	1.76	-3.41	0	0	0	0	0	0	0	0	0	0	0					
06/10/2026	O_SAHOLE1126C115.00	SAHOL_11/2026_AVRUPA_OPSIYON	D_EQ	SSO	D_EQ_ECP	DE_SAHOL_ECP	SAHOL.E	30/11/2026	1.07	1.11	-3.6	0	0	0	0	0	0	0	0	0	0	0					
06/10/2026	O_SAHOLE1126C120.00	SAHOL_11/2026_AVRUPA_OPSIYON	D_EQ	SSO	D_EQ_ECP	DE_SAHOL_ECP	SAHOL.E	30/11/2026	0.65	0.69	-5.8	0	0	0	0	0	0	0	0	0	0	0					
06/10/2026	O_SAHOLE1126C125.00	SAHOL_11/2026_AVRUPA_OPSIYON	D_EQ	SSO	D_EQ_ECP	DE_SAHOL_ECP	SAHOL.E	30/11/2026	0.39	0.41	-4.88	0	0	0	0	0	0	0	0	0	0	0					
06/10/2026	O_SAHOLE1126C130.00	SAHOL_11/2026_AVRUPA_OPSIYON	D_EQ	SSO	D_EQ_ECP	DE_SAHOL_ECP	SAHOL.E	30/11/2026	0.23	0.25	-8	0	0	0	0	0	0	0	0	0	0	0					
06/10/2026	O_SAHOLE1126C135.00	SAHOL_11/2026_AVRUPA_OPSIYON	D_EQ	SSO	D_EQ_ECP	DE_SAHOL_ECP	SAHOL.E	30/11/2026	0.13	0.14	-7.14	0	0	0	0	0	0	0	0	0	0	0					
06/10/2026	O_SAHOLE1126C88.00	SAHOL_11/2026_AVRUPA_OPSIYON	D_EQ	SSO	D_EQ_ECP	DE_SAHOL_ECP	SAHOL.E	30/11/2026	9.27	9.37	-1.07	0	0	0	0	0	0	0	0	0	0	0					
06/10/2026	O_SAHOLE1126C90.00	SAHOL_11/2026_AVRUPA_OPSIYON	D_EQ	SSO	D_EQ_ECP	DE_SAHOL_ECP	SAHOL.E	30/11/2026	8.16	8.26	-1.21	0	0	0	0	0	0	0	0	0	0	0					
06/10/2026	O_SAHOLE1126C92.00	SAHOL_11/2026_AVRUPA_OPSIYON	D_EQ	SSO	D_EQ_ECP	DE_SAHOL_ECP	SAHOL.E	30/11/2026	7.14	7.24	-1.38	0	0	0	0	0	0	0	0	0	0	0					
06/10/2026	O_SAHOLE1126C94.00	SAHOL_11/2026_AVRUPA_OPSIYON	D_EQ	SSO	D_EQ_ECP	DE_SAHOL_ECP	SAHOL.E	30/11/2026	6.21	6.31	-1.58	0	0	0	0	0	0	0	0	0	0	0					
06/10/2026	O_SAHOLE1126C96.00	SAHOL_11/2026_AVRUPA_OPSIYON	D_EQ	SSO	D_EQ_ECP	DE_SAHOL_ECP	SAHOL.E	30/11/2026	5.38	5.47	-1.65	0	0	0	0	0	0	0	0	0	0	0					
06/10/2026	O_SAHOLE1126C98.00	SAHOL_11/2026_AVRUPA_OPSIYON	D_EQ	SSO	D_EQ_ECP	DE_SAHOL_ECP	SAHOL.E	30/11/2026	4.63	4.72	-1.91	0	0	0	0	0	0	0	0	0	0	0					
06/10/2026	O_SAHOLE1126P100.00	SAHOL_11/2026_AVRUPA_OPSIYON	D_EQ	SSO	D_EQ_EPP	DE_SAHOL_EPP	SAHOL.E	30/11/2026	9.6	9.59	0.1	0	0	0	0	0	0	0	0	0	0	0					
06/10/2026	O_SAHOLE1126P105.00	SAHOL_11/2026_AVRUPA_OPSIYON	D_EQ	SSO	D_EQ_EPP	DE_SAHOL_EPP	SAHOL.E	30/11/2026	12.99	12.96	0.23	0	0	0	0	0	0	0	0	0	0	0					
06/10/2026	O_SAHOLE1126P110.00	SAHOL_11/2026_AVRUPA_OPSIYON	D_EQ	SSO	D_EQ_EPP	DE_SAHOL_EPP	SAHOL.E	30/11/2026	16.78	16.73	0.3	0	0	0	0	0	0	0	0	0	0	0					
06/10/2026	O_SAHOLE1126P78.00	SAHOL_11/2026_AVRUPA_OPSIYON	D_EQ	SSO	D_EQ_EPP	DE_SAHOL_EPP	SAHOL.E	30/11/2026	1.03	1.05	-1.9	0	0	0	0	0	0	0	0	0	40	0					
06/10/2026	O_SAHOLE1126P80.00	SAHOL_11/2026_AVRUPA_OPSIYON	D_EQ	SSO	D_EQ_EPP	DE_SAHOL_EPP	SAHOL.E	30/11/2026	1.38	1.4	-1.43	0	0	0	0	0	0	0	0	0	0	0					
06/10/2026	O_SAHOLE1126P82.00	SAHOL_11/2026_AVRUPA_OPSIYON	D_EQ	SSO	D_EQ_EPP	DE_SAHOL_EPP	SAHOL.E	30/11/2026	1.8	1.82	-1.1	0	0	0	0	0	0	0	0	0	0	0					
06/10/2026	O_SAHOLE1126P84.00	SAHOL_11/2026_AVRUPA_OPSIYON	D_EQ	SSO	D_EQ_EPP	DE_SAHOL_EPP	SAHOL.E	30/11/2026	2.3	2.32	-0.86	0	0	0	0	0	0	0	0	0	0	0					
06/10/2026	O_SAHOLE1126P86.00	SAHOL_11/2026_AVRUPA_OPSIYON	D_EQ	SSO	D_EQ_EPP	DE_SAHOL_EPP	SAHOL.E	30/11/2026	2.89	2.91	-0.69	0	0	0	0	0	0	0	0	0	900	0					
06/10/2026	O_SAHOLE1126P88.00	SAHOL_11/2026_AVRUPA_OPSIYON	D_EQ	SSO	D_EQ_EPP	DE_SAHOL_EPP	SAHOL.E	30/11/2026	3.57	3.59	-0.56	0	0	0	0	0	0	0	0	0	0	0					
06/10/2026	O_SAHOLE1126P90.00	SAHOL_11/2026_AVRUPA_OPSIYON	D_EQ	SSO	D_EQ_EPP	DE_SAHOL_EPP	SAHOL.E	30/11/2026	4.35	4.36	-0.23	0	0	0	0	0	0	0	0	0	0	0					
06/10/2026	O_SAHOLE1126P92.00	SAHOL_11/2026_AVRUPA_OPSIYON	D_EQ	SSO	D_EQ_EPP	DE_SAHOL_EPP	SAHOL.E	30/11/2026	5.22	5.23	-0.19	0	0	0	0	0	0	0	0	0	0	0					
06/10/2026	O_SAHOLE1126P94.00	SAHOL_11/2026_AVRUPA_OPSIYON	D_EQ	SSO	D_EQ_EPP	DE_SAHOL_EPP	SAHOL.E	30/11/2026	6.18	6.19	-0.16	0	0	0	0	0	0	0	0	0	0	0					
06/10/2026	O_SAHOLE1126P96.00	SAHOL_11/2026_AVRUPA_OPSIYON	D_EQ	SSO	D_EQ_EPP	DE_SAHOL_EPP	SAHOL.E	30/11/2026	7.23	7.24	-0.14	0	0	0	0	0	0	0	0	0	0	0					
06/10/2026	O_SAHOLE1126P98.00	SAHOL_11/2026_AVRUPA_OPSIYON	D_EQ	SSO	D_EQ_EPP	DE_SAHOL_EPP	SAHOL.E	30/11/2026	8.38	8.37	0.12	0	0	0	0	0	0	0	0	0	0	0					
06/10/2026	O_SAHOLE1226C100.00	SAHOL_12/2026_AVRUPA_OPSIYON	D_EQ	SSO	D_EQ_ECP	DE_SAHOL_ECP	SAHOL.E	31/12/2026	7.33	7.42	-1.21	0	0	0	0	0	0	0	0	0	0	0					
06/10/2026	O_SAHOLE1226C105.00	SAHOL_12/2026_AVRUPA_OPSIYON	D_EQ	SSO	D_EQ_ECP	DE_SAHOL_ECP	SAHOL.E	31/12/2026	5.56	5.65	-1.59	0	0	0	0	0	0	0	0	0	0	0					
06/10/2026	O_SAHOLE1226C110.00	SAHOL_12/2026_AVRUPA_OPSIYON	D_EQ	SSO	D_EQ_ECP	DE_SAHOL_ECP	SAHOL.E	31/12/2026	4.15	4.23	-1.89	0	0	0	0	0	0	0	0	0	0	0					
06/10/2026	O_SAHOLE1226C115.00	SAHOL_12/2026_AVRUPA_OPSIYON	D_EQ	SSO	D_EQ_ECP	DE_SAHOL_ECP	SAHOL.E	31/12/2026	3.06	3.12	-1.92	0	0	0	0	0	0	0	0	0	0	0					
06/10/2026	O_SAHOLE1226C120.00	SAHOL_12/2026_AVRUPA_OPSIYON	D_EQ	SSO	D_EQ_ECP	DE_SAHOL_ECP	SAHOL.E	31/12/2026	2.22		0	0	0	0	0	0	0	0	0	0	0	0					
06/10/2026	O_SAHOLE1226C90.00	SAHOL_12/2026_AVRUPA_OPSIYON	D_EQ	SSO	D_EQ_ECP	DE_SAHOL_ECP	SAHOL.E	31/12/2026	12.1	12.2	-0.82	0	0	0	0	0	0	0	0	0	0	0					
06/10/2026	O_SAHOLE1226C92.00	SAHOL_12/2026_AVRUPA_OPSIYON	D_EQ	SSO	D_EQ_ECP	DE_SAHOL_ECP	SAHOL.E	31/12/2026	11	11.11	-0.99	0	0	0	0	0	0	0	0	0	0	0					
06/10/2026	O_SAHOLE1226C94.00	SAHOL_12/2026_AVRUPA_OPSIYON	D_EQ	SSO	D_EQ_ECP	DE_SAHOL_ECP	SAHOL.E	31/12/2026	9.98	10.08	-0.99	0	0	0	0	0	0	0	0	0	0	0					
06/10/2026	O_SAHOLE1226C96.00	SAHOL_12/2026_AVRUPA_OPSIYON	D_EQ	SSO	D_EQ_ECP	DE_SAHOL_ECP	SAHOL.E	31/12/2026	9.03	9.13	-1.1	0	0	0	0	0	0	0	0	0	0	0					
06/10/2026	O_SAHOLE1226C98.00	SAHOL_12/2026_AVRUPA_OPSIYON	D_EQ	SSO	D_EQ_ECP	DE_SAHOL_ECP	SAHOL.E	31/12/2026	8.15	8.24	-1.09	0	0	0	0	0	0	0	0	0	0	0					
06/10/2026	O_SAHOLE1226P80.00	SAHOL_12/2026_AVRUPA_OPSIYON	D_EQ	SSO	D_EQ_EPP	DE_SAHOL_EPP	SAHOL.E	31/12/2026	1.53	1.54	-0.65	0	0	0	0	0	0	0	0	0	0	0					
06/10/2026	O_SAHOLE1226P82.00	SAHOL_12/2026_AVRUPA_OPSIYON	D_EQ	SSO	D_EQ_EPP	DE_SAHOL_EPP	SAHOL.E	31/12/2026	1.91	1.92	-0.52	0	0	0	0	0	0	0	0	0	0	0					
06/10/2026	O_SAHOLE1226P84.00	SAHOL_12/2026_AVRUPA_OPSIYON	D_EQ	SSO	D_EQ_EPP	DE_SAHOL_EPP	SAHOL.E	31/12/2026	2.35	2.35	0	0	0	0	0	0	0	0	0	0	0	0					
06/10/2026	O_SAHOLE1226P86.00	SAHOL_12/2026_AVRUPA_OPSIYON	D_EQ	SSO	D_EQ_EPP	DE_SAHOL_EPP	SAHOL.E	31/12/2026	2.85	2.85	0	0	0	0	0	0	0	0	0	0	0	0					
06/10/2026	O_SAHOLE1226P88.00	SAHOL_12/2026_AVRUPA_OPSIYON	D_EQ	SSO	D_EQ_EPP	DE_SAHOL_EPP	SAHOL.E	31/12/2026	3.42	3.42	0	0	0	0	0	0	0	0	0	0	0	0					
06/10/2026	O_SAHOLE1226P90.00	SAHOL_12/2026_AVRUPA_OPSIYON	D_EQ	SSO	D_EQ_EPP	DE_SAHOL_EPP	SAHOL.E	31/12/2026	4.05	4.05	0	0	0	0	0	0	0	0	0	0	0	0					
06/10/2026	O_SAHOLE1226P92.00	SAHOL_12/2026_AVRUPA_OPSIYON	D_EQ	SSO	D_EQ_EPP	DE_SAHOL_EPP	SAHOL.E	31/12/2026	4.75	4.75	0	0	0	0	0	0	0	0	0	0	0	0					
06/10/2026	O_SAHOLE1226P94.00	SAHOL_12/2026_AVRUPA_OPSIYON	D_EQ	SSO	D_EQ_EPP	DE_SAHOL_EPP	SAHOL.E	31/12/2026	5.53	5.52	0.18	0	0	0	0	0	0	0	0	0	0	0					
06/10/2026	O_SAHOLE1226P96.00	SAHOL_12/2026_AVRUPA_OPSIYON	D_EQ	SSO	D_EQ_EPP	DE_SAHOL_EPP	SAHOL.E	31/12/2026	6.37	6.36	0.16	0	0	0	0	0	0	0	0	0	0	0					
06/10/2026	O_SAHOLE1226P98.00	SAHOL_12/2026_AVRUPA_OPSIYON	D_EQ	SSO	D_EQ_EPP	DE_SAHOL_EPP	SAHOL.E	31/12/2026	7.28		0	0	0	0	0	0	0	0	0	0	0	0					
06/10/2026	O_SISEE1026C37.00	SISE_10/2026_AVRUPA_OPSIYON	D_EQ	SSO	D_EQ_ECP	DE_SISE_ECP	SISE.E	30/10/2026	2.61	2.73	-4.4	0	0	0	0	0	0	0	0	0	618	0					
06/10/2026	O_SISEE1026C38.00	SISE_10/2026_AVRUPA_OPSIYON	D_EQ	SSO	D_EQ_ECP	DE_SISE_ECP	SISE.E	30/10/2026	1.98	2.09	-5.26	0	0	0	0	0	0	0	0	0	502	0					
06/10/2026	O_SISEE1026C39.00	SISE_10/2026_AVRUPA_OPSIYON	D_EQ	SSO	D_EQ_ECP	DE_SISE_ECP	SISE.E	30/10/2026	1.46	1.56	-6.41	0	0	0	0	0	0	0	0	0	200	0					
06/10/2026	O_SISEE1026C40.00	SISE_10/2026_AVRUPA_OPSIYON	D_EQ	SSO	D_EQ_ECP	DE_SISE_ECP	SISE.E	30/10/2026	1.05	1.14	-7.89	0	0	0	0	0	0	0	0	0	56	0					
06/10/2026	O_SISEE1026C41.00	SISE_10/2026_AVRUPA_OPSIYON	D_EQ	SSO	D_EQ_ECP	DE_SISE_ECP	SISE.E	30/10/2026	0.75	0.81	-7.41	0	0	0	0	0	0	0	0	0	50	0					
06/10/2026	O_SISEE1026C42.00	SISE_10/2026_AVRUPA_OPSIYON	D_EQ	SSO	D_EQ_ECP	DE_SISE_ECP	SISE.E	30/10/2026	0.53	0.58	-8.62	0	0	0	0	0	0	0	0	0	100	0					
06/10/2026	O_SISEE1026C43.00	SISE_10/2026_AVRUPA_OPSIYON	D_EQ	SSO	D_EQ_ECP	DE_SISE_ECP	SISE.E	30/10/2026	0.37	0.41	-9.76	0	0	0	0	0	0	0	0	0	2550	0					
06/10/2026	O_SISEE1026C44.00	SISE_10/2026_AVRUPA_OPSIYON	D_EQ	SSO	D_EQ_ECP	DE_SISE_ECP	SISE.E	30/10/2026	0.26	0.29	-10.34	0	0	0	0	0	0	0	0	0	456	0					
06/10/2026	O_SISEE1026C45.00	SISE_10/2026_AVRUPA_OPSIYON	D_EQ	SSO	D_EQ_ECP	DE_SISE_ECP	SISE.E	30/10/2026	0.18	0.21	-14.29	0	0	0	0	0	0	0	0	0	133	0					
06/10/2026	O_SISEE1026C46.00	SISE_10/2026_AVRUPA_OPSIYON	D_EQ	SSO	D_EQ_ECP	DE_SISE_ECP	SISE.E	30/10/2026	0.12	0.15	-20	0	0	0	0	0	0	0	0	0	200	0					
06/10/2026	O_SISEE1026C47.00	SISE_10/2026_AVRUPA_OPSIYON	D_EQ	SSO	D_EQ_ECP	DE_SISE_ECP	SISE.E	30/10/2026	0.09	0.1	-10	0	0	0	0	0	0	0	0	0	50	0					
06/10/2026	O_SISEE1026C48.00	SISE_10/2026_AVRUPA_OPSIYON	D_EQ	SSO	D_EQ_ECP	DE_SISE_ECP	SISE.E	30/10/2026	0.06	0.07	-14.29	0	0	0	0	0	0	0	0	0	844	0					
06/10/2026	O_SISEE1026C49.00	SISE_10/2026_AVRUPA_OPSIYON	D_EQ	SSO	D_EQ_ECP	DE_SISE_ECP	SISE.E	30/10/2026	0.04	0.05	-20	0	0	0	0	0	0	0	0	0	400	0					
06/10/2026	O_SISEE1026C50.00	SISE_10/2026_AVRUPA_OPSIYON	D_EQ	SSO	D_EQ_ECP	DE_SISE_ECP	SISE.E	30/10/2026	0.03	0.04	-25	0	0	0	0	0	0	0	0	0	466	0					
06/10/2026	O_SISEE1026C52.00	SISE_10/2026_AVRUPA_OPSIYON	D_EQ	SSO	D_EQ_ECP	DE_SISE_ECP	SISE.E	30/10/2026	0.01	0.02	-50	0	0	0	0	0	0	0	0	0	0	0					
06/10/2026	O_SISEE1026C54.00	SISE_10/2026_AVRUPA_OPSIYON	D_EQ	SSO	D_EQ_ECP	DE_SISE_ECP	SISE.E	30/10/2026	0.01	0.01	0	0	0	0	0	0	0	0	0	0	325	0					
06/10/2026	O_SISEE1026C56.00	SISE_10/2026_AVRUPA_OPSIYON	D_EQ	SSO	D_EQ_ECP	DE_SISE_ECP	SISE.E	30/10/2026	0.01	0.01	0	0	0	0	0	0	0	0	0	0	2600	0					
06/10/2026	O_SISEE1026C58.00	SISE_10/2026_AVRUPA_OPSIYON	D_EQ	SSO	D_EQ_ECP	DE_SISE_ECP	SISE.E	30/10/2026	0.01	0.01	0	0	0	0	0	0	0	0	0	0	0	0					
06/10/2026	O_SISEE1026P32.00	SISE_10/2026_AVRUPA_OPSIYON	D_EQ	SSO	D_EQ_EPP	DE_SISE_EPP	SISE.E	30/10/2026	0.05	0.05	0	0	0	0	0	0	0	0	0	0	0	0					
06/10/2026	O_SISEE1026P33.00	SISE_10/2026_AVRUPA_OPSIYON	D_EQ	SSO	D_EQ_EPP	DE_SISE_EPP	SISE.E	30/10/2026	0.09	0.1	-10	0	0	0	0	0	0	0	0	0	0	0					
06/10/2026	O_SISEE1026P34.00	SISE_10/2026_AVRUPA_OPSIYON	D_EQ	SSO	D_EQ_EPP	DE_SISE_EPP	SISE.E	30/10/2026	0.16	0.17	-5.88	0	0	0	0	0	0	0	0	0	10	0					
06/10/2026	O_SISEE1026P35.00	SISE_10/2026_AVRUPA_OPSIYON	D_EQ	SSO	D_EQ_EPP	DE_SISE_EPP	SISE.E	30/10/2026	0.28	0.28	0	0	0	0	0	0	0	0	0	0	59	0					
06/10/2026	O_SISEE1026P36.00	SISE_10/2026_AVRUPA_OPSIYON	D_EQ	SSO	D_EQ_EPP	DE_SISE_EPP	SISE.E	30/10/2026	0.45	0.44	2.27	0	0	0	0	0	0	0	0	0	3207	0					
06/10/2026	O_SISEE1026P37.00	SISE_10/2026_AVRUPA_OPSIYON	D_EQ	SSO	D_EQ_EPP	DE_SISE_EPP	SISE.E	30/10/2026	0.69	0.68	1.47	0	0	0	0	0	0	0	0	0	1717	0					
06/10/2026	O_SISEE1026P38.00	SISE_10/2026_AVRUPA_OPSIYON	D_EQ	SSO	D_EQ_EPP	DE_SISE_EPP	SISE.E	30/10/2026	1.04	1.02	1.96	1.14	1.14	1.14	1.14	1.14	190000	5700	50	1	2985	50					
06/10/2026	O_SISEE1026P39.00	SISE_10/2026_AVRUPA_OPSIYON	D_EQ	SSO	D_EQ_EPP	DE_SISE_EPP	SISE.E	30/10/2026	1.5	1.46	2.74	0	0	0	0	0	0	0	0	0	400	0					
06/10/2026	O_SISEE1026P40.00	SISE_10/2026_AVRUPA_OPSIYON	D_EQ	SSO	D_EQ_EPP	DE_SISE_EPP	SISE.E	30/10/2026	2.07	2.01	2.99	0	0	0	0	0	0	0	0	0	332	0					
06/10/2026	O_SISEE1026P41.00	SISE_10/2026_AVRUPA_OPSIYON	D_EQ	SSO	D_EQ_EPP	DE_SISE_EPP	SISE.E	30/10/2026	2.73	2.66	2.63	0	0	0	0	0	0	0	0	0	50	0					
06/10/2026	O_SISEE1026P42.00	SISE_10/2026_AVRUPA_OPSIYON	D_EQ	SSO	D_EQ_EPP	DE_SISE_EPP	SISE.E	30/10/2026	3.49	3.4	2.65	0	0	0	0	0	0	0	0	0	50	0					
06/10/2026	O_SISEE1026P43.00	SISE_10/2026_AVRUPA_OPSIYON	D_EQ	SSO	D_EQ_EPP	DE_SISE_EPP	SISE.E	30/10/2026	4.31	4.21	2.38	0	0	0	0	0	0	0	0	0	50	0					
06/10/2026	O_SISEE1026P44.00	SISE_10/2026_AVRUPA_OPSIYON	D_EQ	SSO	D_EQ_EPP	DE_SISE_EPP	SISE.E	30/10/2026	5.17	5.06	2.17	0	0	0	0	0	0	0	0	0	533	0					
06/10/2026	O_SISEE1026P45.00	SISE_10/2026_AVRUPA_OPSIYON	D_EQ	SSO	D_EQ_EPP	DE_SISE_EPP	SISE.E	30/10/2026	6.07	5.95	2.02	0	0	0	0	0	0	0	0	0	1480	0					
06/10/2026	O_SISEE1026P46.00	SISE_10/2026_AVRUPA_OPSIYON	D_EQ	SSO	D_EQ_EPP	DE_SISE_EPP	SISE.E	30/10/2026	6.99	6.86	1.9	6.68	6.68	6.68	6.68	6.68	2760000	400800	600	6	600	550					
06/10/2026	O_SISEE1026P47.00	SISE_10/2026_AVRUPA_OPSIYON	D_EQ	SSO	D_EQ_EPP	DE_SISE_EPP	SISE.E	30/10/2026	7.93	7.8	1.67	0	0	0	0	0	0	0	0	0	100	0					
06/10/2026	O_SISEE1026P48.00	SISE_10/2026_AVRUPA_OPSIYON	D_EQ	SSO	D_EQ_EPP	DE_SISE_EPP	SISE.E	30/10/2026	8.87	8.74	1.49	0	0	0	0	0	0	0	0	0	150	0					
06/10/2026	O_SISEE1026P49.00	SISE_10/2026_AVRUPA_OPSIYON	D_EQ	SSO	D_EQ_EPP	DE_SISE_EPP	SISE.E	30/10/2026	9.83	9.69	1.44	0	0	0	0	0	0	0	0	0	150	0					
06/10/2026	O_SISEE1126C38.00	SISE_11/2026_AVRUPA_OPSIYON	D_EQ	SSO	D_EQ_ECP	DE_SISE_ECP	SISE.E	30/11/2026	3.41	3.51	-2.85	3.3	3.3	3.3	3.3	3.3	3800000	330000	1000	4	1000	999					
06/10/2026	O_SISEE1126C39.00	SISE_11/2026_AVRUPA_OPSIYON	D_EQ	SSO	D_EQ_ECP	DE_SISE_ECP	SISE.E	30/11/2026	2.85	2.94	-3.06	0	0	0	0	0	0	0	0	0	0	0					
06/10/2026	O_SISEE1126C40.00	SISE_11/2026_AVRUPA_OPSIYON	D_EQ	SSO	D_EQ_ECP	DE_SISE_ECP	SISE.E	30/11/2026	2.35	2.44	-3.69	0	0	0	0	0	0	0	0	0	0	0					
06/10/2026	O_SISEE1126C41.00	SISE_11/2026_AVRUPA_OPSIYON	D_EQ	SSO	D_EQ_ECP	DE_SISE_ECP	SISE.E	30/11/2026	1.93	2.01	-3.98	0	0	0	0	0	0	0	0	0	0	0					
06/10/2026	O_SISEE1126C42.00	SISE_11/2026_AVRUPA_OPSIYON	D_EQ	SSO	D_EQ_ECP	DE_SISE_ECP	SISE.E	30/11/2026	1.58	1.65	-4.24	0	0	0	0	0	0	0	0	0	0	0					
06/10/2026	O_SISEE1126C43.00	SISE_11/2026_AVRUPA_OPSIYON	D_EQ	SSO	D_EQ_ECP	DE_SISE_ECP	SISE.E	30/11/2026	1.31	1.37	-4.38	0	0	0	0	0	0	0	0	0	0	0					
06/10/2026	O_SISEE1126C44.00	SISE_11/2026_AVRUPA_OPSIYON	D_EQ	SSO	D_EQ_ECP	DE_SISE_ECP	SISE.E	30/11/2026	1.09	1.14	-4.39	0	0	0	0	0	0	0	0	0	0	0					
06/10/2026	O_SISEE1126C45.00	SISE_11/2026_AVRUPA_OPSIYON	D_EQ	SSO	D_EQ_ECP	DE_SISE_ECP	SISE.E	30/11/2026	0.9	0.95	-5.26	0	0	0	0	0	0	0	0	0	0	0					
06/10/2026	O_SISEE1126C46.00	SISE_11/2026_AVRUPA_OPSIYON	D_EQ	SSO	D_EQ_ECP	DE_SISE_ECP	SISE.E	30/11/2026	0.75	0.79	-5.06	0	0	0	0	0	0	0	0	0	0	0					
06/10/2026	O_SISEE1126C47.00	SISE_11/2026_AVRUPA_OPSIYON	D_EQ	SSO	D_EQ_ECP	DE_SISE_ECP	SISE.E	30/11/2026	0.62	0.66	-6.06	0	0	0	0	0	0	0	0	0	0	0					
06/10/2026	O_SISEE1126C48.00	SISE_11/2026_AVRUPA_OPSIYON	D_EQ	SSO	D_EQ_ECP	DE_SISE_ECP	SISE.E	30/11/2026	0.52	0.56	-7.14	0	0	0	0	0	0	0	0	0	0	0					
06/10/2026	O_SISEE1126C49.00	SISE_11/2026_AVRUPA_OPSIYON	D_EQ	SSO	D_EQ_ECP	DE_SISE_ECP	SISE.E	30/11/2026	0.43	0.47	-8.51	0	0	0	0	0	0	0	0	0	0	0					
06/10/2026	O_SISEE1126C50.00	SISE_11/2026_AVRUPA_OPSIYON	D_EQ	SSO	D_EQ_ECP	DE_SISE_ECP	SISE.E	30/11/2026	0.36	0.4	-10	0	0	0	0	0	0	0	0	0	0	0					
06/10/2026	O_SISEE1126C52.00	SISE_11/2026_AVRUPA_OPSIYON	D_EQ	SSO	D_EQ_ECP	DE_SISE_ECP	SISE.E	30/11/2026	0.26	0.29	-10.34	0	0	0	0	0	0	0	0	0	0	0					
06/10/2026	O_SISEE1126C54.00	SISE_11/2026_AVRUPA_OPSIYON	D_EQ	SSO	D_EQ_ECP	DE_SISE_ECP	SISE.E	30/11/2026	0.19	0.21	-9.52	0	0	0	0	0	0	0	0	0	0	0					
06/10/2026	O_SISEE1126C56.00	SISE_11/2026_AVRUPA_OPSIYON	D_EQ	SSO	D_EQ_ECP	DE_SISE_ECP	SISE.E	30/11/2026	0.14	0.16	-12.5	0	0	0	0	0	0	0	0	0	0	0					
06/10/2026	O_SISEE1126C58.00	SISE_11/2026_AVRUPA_OPSIYON	D_EQ	SSO	D_EQ_ECP	DE_SISE_ECP	SISE.E	30/11/2026	0.11	0.12	-8.33	0	0	0	0	0	0	0	0	0	0	0					
06/10/2026	O_SISEE1126C60.00	SISE_11/2026_AVRUPA_OPSIYON	D_EQ	SSO	D_EQ_ECP	DE_SISE_ECP	SISE.E	30/11/2026	0.08	0.1	-20	0	0	0	0	0	0	0	0	0	0	0					
06/10/2026	O_SISEE1126P33.00	SISE_11/2026_AVRUPA_OPSIYON	D_EQ	SSO	D_EQ_EPP	DE_SISE_EPP	SISE.E	30/11/2026	0.3	0.3	0	0	0	0	0	0	0	0	0	0	50	0					
06/10/2026	O_SISEE1126P34.00	SISE_11/2026_AVRUPA_OPSIYON	D_EQ	SSO	D_EQ_EPP	DE_SISE_EPP	SISE.E	30/11/2026	0.42	0.41	2.44	0	0	0	0	0	0	0	0	0	0	0					
06/10/2026	O_SISEE1126P35.00	SISE_11/2026_AVRUPA_OPSIYON	D_EQ	SSO	D_EQ_EPP	DE_SISE_EPP	SISE.E	30/11/2026	0.57	0.56	1.79	0	0	0	0	0	0	0	0	0	0	0					
06/10/2026	O_SISEE1126P36.00	SISE_11/2026_AVRUPA_OPSIYON	D_EQ	SSO	D_EQ_EPP	DE_SISE_EPP	SISE.E	30/11/2026	0.76	0.75	1.33	0	0	0	0	0	0	0	0	0	0	0					
06/10/2026	O_SISEE1126P37.00	SISE_11/2026_AVRUPA_OPSIYON	D_EQ	SSO	D_EQ_EPP	DE_SISE_EPP	SISE.E	30/11/2026	1	0.98	2.04	0	0	0	0	0	0	0	0	0	0	0					
06/10/2026	O_SISEE1126P38.00	SISE_11/2026_AVRUPA_OPSIYON	D_EQ	SSO	D_EQ_EPP	DE_SISE_EPP	SISE.E	30/11/2026	1.29	1.26	2.38	0	0	0	0	0	0	0	0	0	2	0					
06/10/2026	O_SISEE1126P39.00	SISE_11/2026_AVRUPA_OPSIYON	D_EQ	SSO	D_EQ_EPP	DE_SISE_EPP	SISE.E	30/11/2026	1.68	1.63	3.07	0	0	0	0	0	0	0	0	0	2	0					
06/10/2026	O_SISEE1126P40.00	SISE_11/2026_AVRUPA_OPSIYON	D_EQ	SSO	D_EQ_EPP	DE_SISE_EPP	SISE.E	30/11/2026	2.12	2.07	2.42	0	0	0	0	0	0	0	0	0	2	0					
06/10/2026	O_SISEE1126P41.00	SISE_11/2026_AVRUPA_OPSIYON	D_EQ	SSO	D_EQ_EPP	DE_SISE_EPP	SISE.E	30/11/2026	2.65	2.59	2.32	0	0	0	0	0	0	0	0	0	0	0					
06/10/2026	O_SISEE1126P42.00	SISE_11/2026_AVRUPA_OPSIYON	D_EQ	SSO	D_EQ_EPP	DE_SISE_EPP	SISE.E	30/11/2026	3.25	3.17	2.52	0	0	0	0	0	0	0	0	0	0	0					
06/10/2026	O_SISEE1126P43.00	SISE_11/2026_AVRUPA_OPSIYON	D_EQ	SSO	D_EQ_EPP	DE_SISE_EPP	SISE.E	30/11/2026	3.92	3.84	2.08	0	0	0	0	0	0	0	0	0	0	0					
06/10/2026	O_SISEE1126P44.00	SISE_11/2026_AVRUPA_OPSIYON	D_EQ	SSO	D_EQ_EPP	DE_SISE_EPP	SISE.E	30/11/2026	4.64	4.55	1.98	0	0	0	0	0	0	0	0	0	0	0					
06/10/2026	O_SISEE1126P45.00	SISE_11/2026_AVRUPA_OPSIYON	D_EQ	SSO	D_EQ_EPP	DE_SISE_EPP	SISE.E	30/11/2026	5.4	5.3	1.89	0	0	0	0	0	0	0	0	0	0	0					
06/10/2026	O_SISEE1126P46.00	SISE_11/2026_AVRUPA_OPSIYON	D_EQ	SSO	D_EQ_EPP	DE_SISE_EPP	SISE.E	30/11/2026	6.19	6.09	1.64	0	0	0	0	0	0	0	0	0	0	0					
06/10/2026	O_SISEE1126P47.00	SISE_11/2026_AVRUPA_OPSIYON	D_EQ	SSO	D_EQ_EPP	DE_SISE_EPP	SISE.E	30/11/2026	7.01	6.9	1.59	0	0	0	0	0	0	0	0	0	0	0					
06/10/2026	O_SISEE1126P48.00	SISE_11/2026_AVRUPA_OPSIYON	D_EQ	SSO	D_EQ_EPP	DE_SISE_EPP	SISE.E	30/11/2026	7.85	7.74	1.42	0	0	0	0	0	0	0	0	0	0	0					
06/10/2026	O_SISEE1126P49.00	SISE_11/2026_AVRUPA_OPSIYON	D_EQ	SSO	D_EQ_EPP	DE_SISE_EPP	SISE.E	30/11/2026	8.71	8.59	1.4	0	0	0	0	0	0	0	0	0	0	0					
06/10/2026	O_SISEE1126P50.00	SISE_11/2026_AVRUPA_OPSIYON	D_EQ	SSO	D_EQ_EPP	DE_SISE_EPP	SISE.E	30/11/2026	9.58	9.46	1.27	0	0	0	0	0	0	0	0	0	0	0					
06/10/2026	O_SISEE1226C39.00	SISE_12/2026_AVRUPA_OPSIYON	D_EQ	SSO	D_EQ_ECP	DE_SISE_ECP	SISE.E	31/12/2026	4.47	4.58	-2.4	0	0	0	0	0	0	0	0	0	0	0					
06/10/2026	O_SISEE1226C40.00	SISE_12/2026_AVRUPA_OPSIYON	D_EQ	SSO	D_EQ_ECP	DE_SISE_ECP	SISE.E	31/12/2026	3.91	4.01	-2.49	0	0	0	0	0	0	0	0	0	0	0					
06/10/2026	O_SISEE1226C41.00	SISE_12/2026_AVRUPA_OPSIYON	D_EQ	SSO	D_EQ_ECP	DE_SISE_ECP	SISE.E	31/12/2026	3.41	3.5	-2.57	0	0	0	0	0	0	0	0	0	0	0					
06/10/2026	O_SISEE1226C42.00	SISE_12/2026_AVRUPA_OPSIYON	D_EQ	SSO	D_EQ_ECP	DE_SISE_ECP	SISE.E	31/12/2026	2.96	3.05	-2.95	0	0	0	0	0	0	0	0	0	0	0					
06/10/2026	O_SISEE1226C43.00	SISE_12/2026_AVRUPA_OPSIYON	D_EQ	SSO	D_EQ_ECP	DE_SISE_ECP	SISE.E	31/12/2026	2.58	2.65	-2.64	0	0	0	0	0	0	0	0	0	0	0					
06/10/2026	O_SISEE1226C44.00	SISE_12/2026_AVRUPA_OPSIYON	D_EQ	SSO	D_EQ_ECP	DE_SISE_ECP	SISE.E	31/12/2026	2.26	2.33	-3	0	0	0	0	0	0	0	0	0	0	0					
06/10/2026	O_SISEE1226C45.00	SISE_12/2026_AVRUPA_OPSIYON	D_EQ	SSO	D_EQ_ECP	DE_SISE_ECP	SISE.E	31/12/2026	1.99	2.06	-3.4	0	0	0	0	0	0	0	0	0	0	0					
06/10/2026	O_SISEE1226C46.00	SISE_12/2026_AVRUPA_OPSIYON	D_EQ	SSO	D_EQ_ECP	DE_SISE_ECP	SISE.E	31/12/2026	1.75	1.82	-3.85	0	0	0	0	0	0	0	0	0	0	0					
06/10/2026	O_SISEE1226C47.00	SISE_12/2026_AVRUPA_OPSIYON	D_EQ	SSO	D_EQ_ECP	DE_SISE_ECP	SISE.E	31/12/2026	1.55		0	0	0	0	0	0	0	0	0	0	0	0					
06/10/2026	O_SISEE1226P34.00	SISE_12/2026_AVRUPA_OPSIYON	D_EQ	SSO	D_EQ_EPP	DE_SISE_EPP	SISE.E	31/12/2026	0.49	0.48	2.08	0	0	0	0	0	0	0	0	0	0	0					
06/10/2026	O_SISEE1226P35.00	SISE_12/2026_AVRUPA_OPSIYON	D_EQ	SSO	D_EQ_EPP	DE_SISE_EPP	SISE.E	31/12/2026	0.62	0.61	1.64	0	0	0	0	0	0	0	0	0	0	0					
06/10/2026	O_SISEE1226P36.00	SISE_12/2026_AVRUPA_OPSIYON	D_EQ	SSO	D_EQ_EPP	DE_SISE_EPP	SISE.E	31/12/2026	0.78	0.77	1.3	0	0	0	0	0	0	0	0	0	0	0					
06/10/2026	O_SISEE1226P37.00	SISE_12/2026_AVRUPA_OPSIYON	D_EQ	SSO	D_EQ_EPP	DE_SISE_EPP	SISE.E	31/12/2026	0.97	0.95	2.11	0	0	0	0	0	0	0	0	0	0	0					
06/10/2026	O_SISEE1226P38.00	SISE_12/2026_AVRUPA_OPSIYON	D_EQ	SSO	D_EQ_EPP	DE_SISE_EPP	SISE.E	31/12/2026	1.19	1.17	1.71	0	0	0	0	0	0	0	0	0	0	0					
06/10/2026	O_SISEE1226P39.00	SISE_12/2026_AVRUPA_OPSIYON	D_EQ	SSO	D_EQ_EPP	DE_SISE_EPP	SISE.E	31/12/2026	1.46	1.43	2.1	0	0	0	0	0	0	0	0	0	0	0					
06/10/2026	O_SISEE1226P40.00	SISE_12/2026_AVRUPA_OPSIYON	D_EQ	SSO	D_EQ_EPP	DE_SISE_EPP	SISE.E	31/12/2026	1.8	1.76	2.27	0	0	0	0	0	0	0	0	0	0	0					
06/10/2026	O_SISEE1226P41.00	SISE_12/2026_AVRUPA_OPSIYON	D_EQ	SSO	D_EQ_EPP	DE_SISE_EPP	SISE.E	31/12/2026	2.19	2.14	2.34	0	0	0	0	0	0	0	0	0	0	0					
06/10/2026	O_SISEE1226P42.00	SISE_12/2026_AVRUPA_OPSIYON	D_EQ	SSO	D_EQ_EPP	DE_SISE_EPP	SISE.E	31/12/2026	2.65		0	0	0	0	0	0	0	0	0	0	0	0					
06/10/2026	O_TAVHLE1026C250.00	TAVHL_10/2026_AVRUPA_OPSIYON	D_EQ	SSO	D_EQ_ECP	DE_TAVHL_ECP	TAVHL.E	30/10/2026	33.32	32.8	1.59	0	0	0	0	0	0	0	0	0	0	0					
06/10/2026	O_TAVHLE1026C260.00	TAVHL_10/2026_AVRUPA_OPSIYON	D_EQ	SSO	D_EQ_ECP	DE_TAVHL_ECP	TAVHL.E	30/10/2026	25.15	24.75	1.62	0	0	0	0	0	0	0	0	0	19	0					
06/10/2026	O_TAVHLE1026C270.00	TAVHL_10/2026_AVRUPA_OPSIYON	D_EQ	SSO	D_EQ_ECP	DE_TAVHL_ECP	TAVHL.E	30/10/2026	18.01	17.76	1.41	0	0	0	0	0	0	0	0	0	200	0					
06/10/2026	O_TAVHLE1026C280.00	TAVHL_10/2026_AVRUPA_OPSIYON	D_EQ	SSO	D_EQ_ECP	DE_TAVHL_ECP	TAVHL.E	30/10/2026	12.26	12.14	0.99	10.72	10.72	12.32	12.32	11.18	1960000	78240	70	7	185	70					
06/10/2026	O_TAVHLE1026C290.00	TAVHL_10/2026_AVRUPA_OPSIYON	D_EQ	SSO	D_EQ_ECP	DE_TAVHL_ECP	TAVHL.E	30/10/2026	7.96	7.94	0.25	0	0	0	0	0	0	0	0	0	60	0					
06/10/2026	O_TAVHLE1026C300.00	TAVHL_10/2026_AVRUPA_OPSIYON	D_EQ	SSO	D_EQ_ECP	DE_TAVHL_ECP	TAVHL.E	30/10/2026	5	5.06	-1.19	4.75	4.4	4.9	4.9	4.71	8520000	133770	284	17	1235	284					
06/10/2026	O_TAVHLE1026C310.00	TAVHL_10/2026_AVRUPA_OPSIYON	D_EQ	SSO	D_EQ_ECP	DE_TAVHL_ECP	TAVHL.E	30/10/2026	3.1	3.19	-2.82	2.88	2.64	2.96	2.64	2.8	1860000	16800	60	6	110	60					
06/10/2026	O_TAVHLE1026C320.00	TAVHL_10/2026_AVRUPA_OPSIYON	D_EQ	SSO	D_EQ_ECP	DE_TAVHL_ECP	TAVHL.E	30/10/2026	1.89	1.98	-4.55	0	0	0	0	0	0	0	0	0	58	0					
06/10/2026	O_TAVHLE1026C330.00	TAVHL_10/2026_AVRUPA_OPSIYON	D_EQ	SSO	D_EQ_ECP	DE_TAVHL_ECP	TAVHL.E	30/10/2026	1.14	1.21	-5.79	0	0	0	0	0	0	0	0	0	20	0					
06/10/2026	O_TAVHLE1026C340.00	TAVHL_10/2026_AVRUPA_OPSIYON	D_EQ	SSO	D_EQ_ECP	DE_TAVHL_ECP	TAVHL.E	30/10/2026	0.68	0.74	-8.11	0	0	0	0	0	0	0	0	0	20	0					
06/10/2026	O_TAVHLE1026C350.00	TAVHL_10/2026_AVRUPA_OPSIYON	D_EQ	SSO	D_EQ_ECP	DE_TAVHL_ECP	TAVHL.E	30/10/2026	0.41	0.45	-8.89	0	0	0	0	0	0	0	0	0	20	0					
06/10/2026	O_TAVHLE1026C360.00	TAVHL_10/2026_AVRUPA_OPSIYON	D_EQ	SSO	D_EQ_ECP	DE_TAVHL_ECP	TAVHL.E	30/10/2026	0.24	0.28	-14.29	0	0	0	0	0	0	0	0	0	0	0					
06/10/2026	O_TAVHLE1026C370.00	TAVHL_10/2026_AVRUPA_OPSIYON	D_EQ	SSO	D_EQ_ECP	DE_TAVHL_ECP	TAVHL.E	30/10/2026	0.15	0.17	-11.76	0	0	0	0	0	0	0	0	0	0	0					
06/10/2026	O_TAVHLE1026P225.00	TAVHL_10/2026_AVRUPA_OPSIYON	D_EQ	SSO	D_EQ_EPP	DE_TAVHL_EPP	TAVHL.E	30/10/2026	0.2	0.25	-20	0	0	0	0	0	0	0	0	0	4	0					
06/10/2026	O_TAVHLE1026P230.00	TAVHL_10/2026_AVRUPA_OPSIYON	D_EQ	SSO	D_EQ_EPP	DE_TAVHL_EPP	TAVHL.E	30/10/2026	0.32	0.4	-20	0	0	0	0	0	0	0	0	0	40	0					
06/10/2026	O_TAVHLE1026P235.00	TAVHL_10/2026_AVRUPA_OPSIYON	D_EQ	SSO	D_EQ_EPP	DE_TAVHL_EPP	TAVHL.E	30/10/2026	0.51	0.61	-16.39	0	0	0	0	0	0	0	0	0	80	0					
06/10/2026	O_TAVHLE1026P240.00	TAVHL_10/2026_AVRUPA_OPSIYON	D_EQ	SSO	D_EQ_EPP	DE_TAVHL_EPP	TAVHL.E	30/10/2026	0.77	0.9	-14.44	0	0	0	0	0	0	0	0	0	10	0					
06/10/2026	O_TAVHLE1026P245.00	TAVHL_10/2026_AVRUPA_OPSIYON	D_EQ	SSO	D_EQ_EPP	DE_TAVHL_EPP	TAVHL.E	30/10/2026	1.14	1.32	-13.64	0	0	0	0	0	0	0	0	0	25	0					
06/10/2026	O_TAVHLE1026P250.00	TAVHL_10/2026_AVRUPA_OPSIYON	D_EQ	SSO	D_EQ_EPP	DE_TAVHL_EPP	TAVHL.E	30/10/2026	1.65	1.88	-12.23	0	0	0	0	0	0	0	0	0	200	0					
06/10/2026	O_TAVHLE1026P260.00	TAVHL_10/2026_AVRUPA_OPSIYON	D_EQ	SSO	D_EQ_EPP	DE_TAVHL_EPP	TAVHL.E	30/10/2026	3.23	3.57	-9.52	0	0	0	0	0	0	0	0	0	40	0					
06/10/2026	O_TAVHLE1026P270.00	TAVHL_10/2026_AVRUPA_OPSIYON	D_EQ	SSO	D_EQ_EPP	DE_TAVHL_EPP	TAVHL.E	30/10/2026	5.85	6.32	-7.44	0	0	0	0	0	0	0	0	0	54	0					
06/10/2026	O_TAVHLE1026P280.00	TAVHL_10/2026_AVRUPA_OPSIYON	D_EQ	SSO	D_EQ_EPP	DE_TAVHL_EPP	TAVHL.E	30/10/2026	9.85	10.44	-5.65	10.72	9.6	10.72	9.6	10.44	1120000	41760	40	4	70	40					
06/10/2026	O_TAVHLE1026P290.00	TAVHL_10/2026_AVRUPA_OPSIYON	D_EQ	SSO	D_EQ_EPP	DE_TAVHL_EPP	TAVHL.E	30/10/2026	15.3	15.99	-4.32	0	0	0	0	0	0	0	0	0	6	0					
06/10/2026	O_TAVHLE1026P300.00	TAVHL_10/2026_AVRUPA_OPSIYON	D_EQ	SSO	D_EQ_EPP	DE_TAVHL_EPP	TAVHL.E	30/10/2026	22.1	22.86	-3.32	0	0	0	0	0	0	0	0	0	20	0					
06/10/2026	O_TAVHLE1026P310.00	TAVHL_10/2026_AVRUPA_OPSIYON	D_EQ	SSO	D_EQ_EPP	DE_TAVHL_EPP	TAVHL.E	30/10/2026	29.95	30.72	-2.51	0	0	0	0	0	0	0	0	0	10	0					
06/10/2026	O_TAVHLE1026P320.00	TAVHL_10/2026_AVRUPA_OPSIYON	D_EQ	SSO	D_EQ_EPP	DE_TAVHL_EPP	TAVHL.E	30/10/2026	38.49	39.25	-1.94	0	0	0	0	0	0	0	0	0	0	0					
06/10/2026	O_TAVHLE1126C260.00	TAVHL_11/2026_AVRUPA_OPSIYON	D_EQ	SSO	D_EQ_ECP	DE_TAVHL_ECP	TAVHL.E	30/11/2026	35.54	35.11	1.22	0	0	0	0	0	0	0	0	0	1	0					
06/10/2026	O_TAVHLE1126C270.00	TAVHL_11/2026_AVRUPA_OPSIYON	D_EQ	SSO	D_EQ_ECP	DE_TAVHL_ECP	TAVHL.E	30/11/2026	28.6	28.25	1.24	0	0	0	0	0	0	0	0	0	0	0					
06/10/2026	O_TAVHLE1126C280.00	TAVHL_11/2026_AVRUPA_OPSIYON	D_EQ	SSO	D_EQ_ECP	DE_TAVHL_ECP	TAVHL.E	30/11/2026	22.58	22.33	1.12	0	0	0	0	0	0	0	0	0	1	0					
06/10/2026	O_TAVHLE1126C290.00	TAVHL_11/2026_AVRUPA_OPSIYON	D_EQ	SSO	D_EQ_ECP	DE_TAVHL_ECP	TAVHL.E	30/11/2026	17.52	17.37	0.86	0	0	0	0	0	0	0	0	0	0	0					
06/10/2026	O_TAVHLE1126C300.00	TAVHL_11/2026_AVRUPA_OPSIYON	D_EQ	SSO	D_EQ_ECP	DE_TAVHL_ECP	TAVHL.E	30/11/2026	13.43	13.35	0.6	0	0	0	0	0	0	0	0	0	0	0					
06/10/2026	O_TAVHLE1126C310.00	TAVHL_11/2026_AVRUPA_OPSIYON	D_EQ	SSO	D_EQ_ECP	DE_TAVHL_ECP	TAVHL.E	30/11/2026	10.35	10.35	0	0	0	0	0	0	0	0	0	0	0	0					
06/10/2026	O_TAVHLE1126C320.00	TAVHL_11/2026_AVRUPA_OPSIYON	D_EQ	SSO	D_EQ_ECP	DE_TAVHL_ECP	TAVHL.E	30/11/2026	7.99	8.03	-0.5	0	0	0	0	0	0	0	0	0	0	0					
06/10/2026	O_TAVHLE1126C330.00	TAVHL_11/2026_AVRUPA_OPSIYON	D_EQ	SSO	D_EQ_ECP	DE_TAVHL_ECP	TAVHL.E	30/11/2026	6.17	6.23	-0.96	0	0	0	0	0	0	0	0	0	0	0					
06/10/2026	O_TAVHLE1126C340.00	TAVHL_11/2026_AVRUPA_OPSIYON	D_EQ	SSO	D_EQ_ECP	DE_TAVHL_ECP	TAVHL.E	30/11/2026	4.76	4.84	-1.65	0	0	0	0	0	0	0	0	0	0	0					
06/10/2026	O_TAVHLE1126C350.00	TAVHL_11/2026_AVRUPA_OPSIYON	D_EQ	SSO	D_EQ_ECP	DE_TAVHL_ECP	TAVHL.E	30/11/2026	3.69	3.77	-2.12	0	0	0	0	0	0	0	0	0	0	0					
06/10/2026	O_TAVHLE1126C360.00	TAVHL_11/2026_AVRUPA_OPSIYON	D_EQ	SSO	D_EQ_ECP	DE_TAVHL_ECP	TAVHL.E	30/11/2026	2.87	2.95	-2.71	0	0	0	0	0	0	0	0	0	0	0					
06/10/2026	O_TAVHLE1126P230.00	TAVHL_11/2026_AVRUPA_OPSIYON	D_EQ	SSO	D_EQ_EPP	DE_TAVHL_EPP	TAVHL.E	30/11/2026	1.46	1.59	-8.18	0	0	0	0	0	0	0	0	0	0	0					
06/10/2026	O_TAVHLE1126P235.00	TAVHL_11/2026_AVRUPA_OPSIYON	D_EQ	SSO	D_EQ_EPP	DE_TAVHL_EPP	TAVHL.E	30/11/2026	1.87	2.03	-7.88	0	0	0	0	0	0	0	0	0	0	0					
06/10/2026	O_TAVHLE1126P240.00	TAVHL_11/2026_AVRUPA_OPSIYON	D_EQ	SSO	D_EQ_EPP	DE_TAVHL_EPP	TAVHL.E	30/11/2026	2.38	2.56	-7.03	0	0	0	0	0	0	0	0	0	0	0					
06/10/2026	O_TAVHLE1126P245.00	TAVHL_11/2026_AVRUPA_OPSIYON	D_EQ	SSO	D_EQ_EPP	DE_TAVHL_EPP	TAVHL.E	30/11/2026	2.99	3.2	-6.56	0	0	0	0	0	0	0	0	0	0	0					
06/10/2026	O_TAVHLE1126P250.00	TAVHL_11/2026_AVRUPA_OPSIYON	D_EQ	SSO	D_EQ_EPP	DE_TAVHL_EPP	TAVHL.E	30/11/2026	3.71	3.96	-6.31	0	0	0	0	0	0	0	0	0	0	0					
06/10/2026	O_TAVHLE1126P260.00	TAVHL_11/2026_AVRUPA_OPSIYON	D_EQ	SSO	D_EQ_EPP	DE_TAVHL_EPP	TAVHL.E	30/11/2026	5.57	5.89	-5.43	0	0	0	0	0	0	0	0	0	0	0					
06/10/2026	O_TAVHLE1126P270.00	TAVHL_11/2026_AVRUPA_OPSIYON	D_EQ	SSO	D_EQ_EPP	DE_TAVHL_EPP	TAVHL.E	30/11/2026	8.07	8.45	-4.5	0	0	0	0	0	0	0	0	0	0	0					
06/10/2026	O_TAVHLE1126P280.00	TAVHL_11/2026_AVRUPA_OPSIYON	D_EQ	SSO	D_EQ_EPP	DE_TAVHL_EPP	TAVHL.E	30/11/2026	11.49	11.97	-4.01	0	0	0	0	0	0	0	0	0	0	0					
06/10/2026	O_TAVHLE1126P290.00	TAVHL_11/2026_AVRUPA_OPSIYON	D_EQ	SSO	D_EQ_EPP	DE_TAVHL_EPP	TAVHL.E	30/11/2026	15.89	16.45	-3.4	0	0	0	0	0	0	0	0	0	0	0					
06/10/2026	O_TAVHLE1126P300.00	TAVHL_11/2026_AVRUPA_OPSIYON	D_EQ	SSO	D_EQ_EPP	DE_TAVHL_EPP	TAVHL.E	30/11/2026	21.24	21.86	-2.84	0	0	0	0	0	0	0	0	0	0	0					
06/10/2026	O_TAVHLE1126P310.00	TAVHL_11/2026_AVRUPA_OPSIYON	D_EQ	SSO	D_EQ_EPP	DE_TAVHL_EPP	TAVHL.E	30/11/2026	27.6	28.3	-2.47	0	0	0	0	0	0	0	0	0	0	0					
06/10/2026	O_TAVHLE1226C270.00	TAVHL_12/2026_AVRUPA_OPSIYON	D_EQ	SSO	D_EQ_ECP	DE_TAVHL_ECP	TAVHL.E	31/12/2026	41.01	40.61	0.98	0	0	0	0	0	0	0	0	0	0	0					
06/10/2026	O_TAVHLE1226C280.00	TAVHL_12/2026_AVRUPA_OPSIYON	D_EQ	SSO	D_EQ_ECP	DE_TAVHL_ECP	TAVHL.E	31/12/2026	34.53	34.21	0.94	0	0	0	0	0	0	0	0	0	0	0					
06/10/2026	O_TAVHLE1226C290.00	TAVHL_12/2026_AVRUPA_OPSIYON	D_EQ	SSO	D_EQ_ECP	DE_TAVHL_ECP	TAVHL.E	31/12/2026	28.92	28.67	0.87	0	0	0	0	0	0	0	0	0	0	0					
06/10/2026	O_TAVHLE1226C300.00	TAVHL_12/2026_AVRUPA_OPSIYON	D_EQ	SSO	D_EQ_ECP	DE_TAVHL_ECP	TAVHL.E	31/12/2026	24.02	23.85	0.71	0	0	0	0	0	0	0	0	0	0	0					
06/10/2026	O_TAVHLE1226C310.00	TAVHL_12/2026_AVRUPA_OPSIYON	D_EQ	SSO	D_EQ_ECP	DE_TAVHL_ECP	TAVHL.E	31/12/2026	19.85	19.77	0.4	0	0	0	0	0	0	0	0	0	0	0					
06/10/2026	O_TAVHLE1226C320.00	TAVHL_12/2026_AVRUPA_OPSIYON	D_EQ	SSO	D_EQ_ECP	DE_TAVHL_ECP	TAVHL.E	31/12/2026	16.63	16.6	0.18	0	0	0	0	0	0	0	0	0	0	0					
06/10/2026	O_TAVHLE1226C330.00	TAVHL_12/2026_AVRUPA_OPSIYON	D_EQ	SSO	D_EQ_ECP	DE_TAVHL_ECP	TAVHL.E	31/12/2026	13.93	13.95	-0.14	0	0	0	0	0	0	0	0	0	0	0					
06/10/2026	O_TAVHLE1226C340.00	TAVHL_12/2026_AVRUPA_OPSIYON	D_EQ	SSO	D_EQ_ECP	DE_TAVHL_ECP	TAVHL.E	31/12/2026	11.7	11.75	-0.43	0	0	0	0	0	0	0	0	0	0	0					
06/10/2026	O_TAVHLE1226C350.00	TAVHL_12/2026_AVRUPA_OPSIYON	D_EQ	SSO	D_EQ_ECP	DE_TAVHL_ECP	TAVHL.E	31/12/2026	9.84	9.92	-0.81	0	0	0	0	0	0	0	0	0	0	0					
06/10/2026	O_TAVHLE1226C360.00	TAVHL_12/2026_AVRUPA_OPSIYON	D_EQ	SSO	D_EQ_ECP	DE_TAVHL_ECP	TAVHL.E	31/12/2026	8.31		0	0	0	0	0	0	0	0	0	0	0	0					
06/10/2026	O_TAVHLE1226P235.00	TAVHL_12/2026_AVRUPA_OPSIYON	D_EQ	SSO	D_EQ_EPP	DE_TAVHL_EPP	TAVHL.E	31/12/2026	2.46	2.6	-5.38	0	0	0	0	0	0	0	0	0	0	0					
06/10/2026	O_TAVHLE1226P240.00	TAVHL_12/2026_AVRUPA_OPSIYON	D_EQ	SSO	D_EQ_EPP	DE_TAVHL_EPP	TAVHL.E	31/12/2026	2.95	3.12	-5.45	0	0	0	0	0	0	0	0	0	0	0					
06/10/2026	O_TAVHLE1226P245.00	TAVHL_12/2026_AVRUPA_OPSIYON	D_EQ	SSO	D_EQ_EPP	DE_TAVHL_EPP	TAVHL.E	31/12/2026	3.52	3.71	-5.12	0	0	0	0	0	0	0	0	0	0	0					
06/10/2026	O_TAVHLE1226P250.00	TAVHL_12/2026_AVRUPA_OPSIYON	D_EQ	SSO	D_EQ_EPP	DE_TAVHL_EPP	TAVHL.E	31/12/2026	4.18	4.38	-4.57	0	0	0	0	0	0	0	0	0	0	0					
06/10/2026	O_TAVHLE1226P260.00	TAVHL_12/2026_AVRUPA_OPSIYON	D_EQ	SSO	D_EQ_EPP	DE_TAVHL_EPP	TAVHL.E	31/12/2026	5.76	6.01	-4.16	0	0	0	0	0	0	0	0	0	0	0					
06/10/2026	O_TAVHLE1226P270.00	TAVHL_12/2026_AVRUPA_OPSIYON	D_EQ	SSO	D_EQ_EPP	DE_TAVHL_EPP	TAVHL.E	31/12/2026	7.77	8.07	-3.72	0	0	0	0	0	0	0	0	0	0	0					
06/10/2026	O_TAVHLE1226P280.00	TAVHL_12/2026_AVRUPA_OPSIYON	D_EQ	SSO	D_EQ_EPP	DE_TAVHL_EPP	TAVHL.E	31/12/2026	10.27	10.63	-3.39	0	0	0	0	0	0	0	0	0	0	0					
06/10/2026	O_TAVHLE1226P290.00	TAVHL_12/2026_AVRUPA_OPSIYON	D_EQ	SSO	D_EQ_EPP	DE_TAVHL_EPP	TAVHL.E	31/12/2026	13.63	14.05	-2.99	0	0	0	0	0	0	0	0	0	0	0					
06/10/2026	O_TAVHLE1226P300.00	TAVHL_12/2026_AVRUPA_OPSIYON	D_EQ	SSO	D_EQ_EPP	DE_TAVHL_EPP	TAVHL.E	31/12/2026	17.71	18.2	-2.69	0	0	0	0	0	0	0	0	0	0	0					
06/10/2026	O_TAVHLE1226P310.00	TAVHL_12/2026_AVRUPA_OPSIYON	D_EQ	SSO	D_EQ_EPP	DE_TAVHL_EPP	TAVHL.E	31/12/2026	22.5		0	0	0	0	0	0	0	0	0	0	0	0					
06/10/2026	O_TCELLE1026C100.00	TCELL_10/2026_AVRUPA_OPSIYON	D_EQ	SSO	D_EQ_ECP	DE_TCELL_ECP	TCELL.E	30/10/2026	5.5	5.49	0.18	5.92	5.92	5.92	5.92	5.92	750000	44400	75	3	275	-75					
06/10/2026	O_TCELLE1026C105.00	TCELL_10/2026_AVRUPA_OPSIYON	D_EQ	SSO	D_EQ_ECP	DE_TCELL_ECP	TCELL.E	30/10/2026	2.99	3.02	-0.99	2.68	2.37	2.92	2.37	2.9	840000	23197	80	6	232	5					
06/10/2026	O_TCELLE1026C110.00	TCELL_10/2026_AVRUPA_OPSIYON	D_EQ	SSO	D_EQ_ECP	DE_TCELL_ECP	TCELL.E	30/10/2026	1.52	1.53	-0.65	1.43	1.4	1.43	1.4	1.4	7865000	100200	715	11	3587	715					
06/10/2026	O_TCELLE1026C115.00	TCELL_10/2026_AVRUPA_OPSIYON	D_EQ	SSO	D_EQ_ECP	DE_TCELL_ECP	TCELL.E	30/10/2026	0.77	0.75	2.67	0	0	0	0	0	0	0	0	0	75	0					
06/10/2026	O_TCELLE1026C120.00	TCELL_10/2026_AVRUPA_OPSIYON	D_EQ	SSO	D_EQ_ECP	DE_TCELL_ECP	TCELL.E	30/10/2026	0.38	0.35	8.57	0	0	0	0	0	0	0	0	0	25	0					
06/10/2026	O_TCELLE1026C125.00	TCELL_10/2026_AVRUPA_OPSIYON	D_EQ	SSO	D_EQ_ECP	DE_TCELL_ECP	TCELL.E	30/10/2026	0.19	0.16	18.75	0	0	0	0	0	0	0	0	0	0	0					
06/10/2026	O_TCELLE1026C130.00	TCELL_10/2026_AVRUPA_OPSIYON	D_EQ	SSO	D_EQ_ECP	DE_TCELL_ECP	TCELL.E	30/10/2026	0.1	0.08	25	0	0	0	0	0	0	0	0	0	0	0					
06/10/2026	O_TCELLE1026C135.00	TCELL_10/2026_AVRUPA_OPSIYON	D_EQ	SSO	D_EQ_ECP	DE_TCELL_ECP	TCELL.E	30/10/2026	0.05	0.04	25	0	0	0	0	0	0	0	0	0	0	0					
06/10/2026	O_TCELLE1026C140.00	TCELL_10/2026_AVRUPA_OPSIYON	D_EQ	SSO	D_EQ_ECP	DE_TCELL_ECP	TCELL.E	30/10/2026	0.03	0.02	50	0	0	0	0	0	0	0	0	0	0	0					
06/10/2026	O_TCELLE1026C145.00	TCELL_10/2026_AVRUPA_OPSIYON	D_EQ	SSO	D_EQ_ECP	DE_TCELL_ECP	TCELL.E	30/10/2026	0.02	0.01	100	0	0	0	0	0	0	0	0	0	0	0					
06/10/2026	O_TCELLE1026C96.00	TCELL_10/2026_AVRUPA_OPSIYON	D_EQ	SSO	D_EQ_ECP	DE_TCELL_ECP	TCELL.E	30/10/2026	8.25	8.2	0.61	0	0	0	0	0	0	0	0	0	104	0					
06/10/2026	O_TCELLE1026C98.00	TCELL_10/2026_AVRUPA_OPSIYON	D_EQ	SSO	D_EQ_ECP	DE_TCELL_ECP	TCELL.E	30/10/2026	6.79	6.76	0.44	0	0	0	0	0	0	0	0	0	48	0					
06/10/2026	O_TCELLE1026P100.00	TCELL_10/2026_AVRUPA_OPSIYON	D_EQ	SSO	D_EQ_EPP	DE_TCELL_EPP	TCELL.E	30/10/2026	2.33	2.42	-3.72	0	0	0	0	0	0	0	0	0	823	0					
06/10/2026	O_TCELLE1026P105.00	TCELL_10/2026_AVRUPA_OPSIYON	D_EQ	SSO	D_EQ_EPP	DE_TCELL_EPP	TCELL.E	30/10/2026	4.7	4.82	-2.49	0	0	0	0	0	0	0	0	0	75	0					
06/10/2026	O_TCELLE1026P110.00	TCELL_10/2026_AVRUPA_OPSIYON	D_EQ	SSO	D_EQ_EPP	DE_TCELL_EPP	TCELL.E	30/10/2026	8.11	8.2	-1.1	0	0	0	0	0	0	0	0	0	148	0					
06/10/2026	O_TCELLE1026P115.00	TCELL_10/2026_AVRUPA_OPSIYON	D_EQ	SSO	D_EQ_EPP	DE_TCELL_EPP	TCELL.E	30/10/2026	12.23	12.29	-0.49	0	0	0	0	0	0	0	0	0	25	0					
06/10/2026	O_TCELLE1026P120.00	TCELL_10/2026_AVRUPA_OPSIYON	D_EQ	SSO	D_EQ_EPP	DE_TCELL_EPP	TCELL.E	30/10/2026	16.72	16.77	-0.3	0	0	0	0	0	0	0	0	0	0	0					
06/10/2026	O_TCELLE1026P86.00	TCELL_10/2026_AVRUPA_OPSIYON	D_EQ	SSO	D_EQ_EPP	DE_TCELL_EPP	TCELL.E	30/10/2026	0.15	0.14	7.14	0	0	0	0	0	0	0	0	0	0	0					
06/10/2026	O_TCELLE1026P88.00	TCELL_10/2026_AVRUPA_OPSIYON	D_EQ	SSO	D_EQ_EPP	DE_TCELL_EPP	TCELL.E	30/10/2026	0.24	0.24	0	0	0	0	0	0	0	0	0	0	504	0					
06/10/2026	O_TCELLE1026P90.00	TCELL_10/2026_AVRUPA_OPSIYON	D_EQ	SSO	D_EQ_EPP	DE_TCELL_EPP	TCELL.E	30/10/2026	0.37	0.37	0	0	0	0	0	0	0	0	0	0	6287	0					
06/10/2026	O_TCELLE1026P92.00	TCELL_10/2026_AVRUPA_OPSIYON	D_EQ	SSO	D_EQ_EPP	DE_TCELL_EPP	TCELL.E	30/10/2026	0.56	0.57	-1.75	0	0	0	0	0	0	0	0	0	509	0					
06/10/2026	O_TCELLE1026P94.00	TCELL_10/2026_AVRUPA_OPSIYON	D_EQ	SSO	D_EQ_EPP	DE_TCELL_EPP	TCELL.E	30/10/2026	0.83	0.86	-3.49	0	0	0	0	0	0	0	0	0	543	0					
06/10/2026	O_TCELLE1026P96.00	TCELL_10/2026_AVRUPA_OPSIYON	D_EQ	SSO	D_EQ_EPP	DE_TCELL_EPP	TCELL.E	30/10/2026	1.18	1.24	-4.84	0	0	0	0	0	0	0	0	0	248	0					
06/10/2026	O_TCELLE1026P98.00	TCELL_10/2026_AVRUPA_OPSIYON	D_EQ	SSO	D_EQ_EPP	DE_TCELL_EPP	TCELL.E	30/10/2026	1.67	1.75	-4.57	1.37	1.37	1.37	1.37	1.37	98000	1370	10	1	85	10					
06/10/2026	O_TCELLE1126C100.00	TCELL_11/2026_AVRUPA_OPSIYON	D_EQ	SSO	D_EQ_ECP	DE_TCELL_ECP	TCELL.E	30/11/2026	9.22	9.17	0.55	0	0	0	0	0	0	0	0	0	0	0					
06/10/2026	O_TCELLE1126C105.00	TCELL_11/2026_AVRUPA_OPSIYON	D_EQ	SSO	D_EQ_ECP	DE_TCELL_ECP	TCELL.E	30/11/2026	6.42	6.4	0.31	0	0	0	0	0	0	0	0	0	0	0					
06/10/2026	O_TCELLE1126C110.00	TCELL_11/2026_AVRUPA_OPSIYON	D_EQ	SSO	D_EQ_ECP	DE_TCELL_ECP	TCELL.E	30/11/2026	4.35	4.33	0.46	0	0	0	0	0	0	0	0	0	0	0					
06/10/2026	O_TCELLE1126C115.00	TCELL_11/2026_AVRUPA_OPSIYON	D_EQ	SSO	D_EQ_ECP	DE_TCELL_ECP	TCELL.E	30/11/2026	3.01	2.95	2.03	0	0	0	0	0	0	0	0	0	0	0					
06/10/2026	O_TCELLE1126C120.00	TCELL_11/2026_AVRUPA_OPSIYON	D_EQ	SSO	D_EQ_ECP	DE_TCELL_ECP	TCELL.E	30/11/2026	2.11	2	5.5	0	0	0	0	0	0	0	0	0	0	0					
06/10/2026	O_TCELLE1126C125.00	TCELL_11/2026_AVRUPA_OPSIYON	D_EQ	SSO	D_EQ_ECP	DE_TCELL_ECP	TCELL.E	30/11/2026	1.49	1.35	10.37	0	0	0	0	0	0	0	0	0	0	0					
06/10/2026	O_TCELLE1126C130.00	TCELL_11/2026_AVRUPA_OPSIYON	D_EQ	SSO	D_EQ_ECP	DE_TCELL_ECP	TCELL.E	30/11/2026	1.07	0.92	16.3	0	0	0	0	0	0	0	0	0	0	0					
06/10/2026	O_TCELLE1126C135.00	TCELL_11/2026_AVRUPA_OPSIYON	D_EQ	SSO	D_EQ_ECP	DE_TCELL_ECP	TCELL.E	30/11/2026	0.79	0.63	25.4	0	0	0	0	0	0	0	0	0	0	0					
06/10/2026	O_TCELLE1126C140.00	TCELL_11/2026_AVRUPA_OPSIYON	D_EQ	SSO	D_EQ_ECP	DE_TCELL_ECP	TCELL.E	30/11/2026	0.59	0.44	34.09	0	0	0	0	0	0	0	0	0	0	0					
06/10/2026	O_TCELLE1126C98.00	TCELL_11/2026_AVRUPA_OPSIYON	D_EQ	SSO	D_EQ_ECP	DE_TCELL_ECP	TCELL.E	30/11/2026	10.57	10.49	0.76	0	0	0	0	0	0	0	0	0	0	0					
06/10/2026	O_TCELLE1126P100.00	TCELL_11/2026_AVRUPA_OPSIYON	D_EQ	SSO	D_EQ_EPP	DE_TCELL_EPP	TCELL.E	30/11/2026	2.95	3.01	-1.99	0	0	0	0	0	0	0	0	0	0	0					
06/10/2026	O_TCELLE1126P105.00	TCELL_11/2026_AVRUPA_OPSIYON	D_EQ	SSO	D_EQ_EPP	DE_TCELL_EPP	TCELL.E	30/11/2026	4.88	4.96	-1.61	0	0	0	0	0	0	0	0	0	0	0					
06/10/2026	O_TCELLE1126P110.00	TCELL_11/2026_AVRUPA_OPSIYON	D_EQ	SSO	D_EQ_EPP	DE_TCELL_EPP	TCELL.E	30/11/2026	7.52	7.6	-1.05	0	0	0	0	0	0	0	0	0	0	0					
06/10/2026	O_TCELLE1126P115.00	TCELL_11/2026_AVRUPA_OPSIYON	D_EQ	SSO	D_EQ_EPP	DE_TCELL_EPP	TCELL.E	30/11/2026	10.91	10.93	-0.18	0	0	0	0	0	0	0	0	0	0	0					
06/10/2026	O_TCELLE1126P88.00	TCELL_11/2026_AVRUPA_OPSIYON	D_EQ	SSO	D_EQ_EPP	DE_TCELL_EPP	TCELL.E	30/11/2026	0.78	0.72	8.33	0	0	0	0	0	0	0	0	0	231	0					
06/10/2026	O_TCELLE1126P90.00	TCELL_11/2026_AVRUPA_OPSIYON	D_EQ	SSO	D_EQ_EPP	DE_TCELL_EPP	TCELL.E	30/11/2026	0.99	0.94	5.32	0	0	0	0	0	0	0	0	0	0	0					
06/10/2026	O_TCELLE1126P92.00	TCELL_11/2026_AVRUPA_OPSIYON	D_EQ	SSO	D_EQ_EPP	DE_TCELL_EPP	TCELL.E	30/11/2026	1.26	1.22	3.28	0	0	0	0	0	0	0	0	0	0	0					
06/10/2026	O_TCELLE1126P94.00	TCELL_11/2026_AVRUPA_OPSIYON	D_EQ	SSO	D_EQ_EPP	DE_TCELL_EPP	TCELL.E	30/11/2026	1.58	1.55	1.94	0	0	0	0	0	0	0	0	0	0	0					
06/10/2026	O_TCELLE1126P96.00	TCELL_11/2026_AVRUPA_OPSIYON	D_EQ	SSO	D_EQ_EPP	DE_TCELL_EPP	TCELL.E	30/11/2026	1.96	1.96	0	0	0	0	0	0	0	0	0	0	0	0					
06/10/2026	O_TCELLE1126P98.00	TCELL_11/2026_AVRUPA_OPSIYON	D_EQ	SSO	D_EQ_EPP	DE_TCELL_EPP	TCELL.E	30/11/2026	2.42	2.44	-0.82	0	0	0	0	0	0	0	0	0	0	0					
06/10/2026	O_TCELLE1226C100.00	TCELL_12/2026_AVRUPA_OPSIYON	D_EQ	SSO	D_EQ_ECP	DE_TCELL_ECP	TCELL.E	31/12/2026	13.72	13.62	0.73	0	0	0	0	0	0	0	0	0	0	0					
06/10/2026	O_TCELLE1226C105.00	TCELL_12/2026_AVRUPA_OPSIYON	D_EQ	SSO	D_EQ_ECP	DE_TCELL_ECP	TCELL.E	31/12/2026	10.6	10.56	0.38	0	0	0	0	0	0	0	0	0	0	0					
06/10/2026	O_TCELLE1226C110.00	TCELL_12/2026_AVRUPA_OPSIYON	D_EQ	SSO	D_EQ_ECP	DE_TCELL_ECP	TCELL.E	31/12/2026	8.07	8.05	0.25	0	0	0	0	0	0	0	0	0	0	0					
06/10/2026	O_TCELLE1226C115.00	TCELL_12/2026_AVRUPA_OPSIYON	D_EQ	SSO	D_EQ_ECP	DE_TCELL_ECP	TCELL.E	31/12/2026	6.16	6.11	0.82	0	0	0	0	0	0	0	0	0	0	0					
06/10/2026	O_TCELLE1226C120.00	TCELL_12/2026_AVRUPA_OPSIYON	D_EQ	SSO	D_EQ_ECP	DE_TCELL_ECP	TCELL.E	31/12/2026	4.82	4.69	2.77	0	0	0	0	0	0	0	0	0	0	0					
06/10/2026	O_TCELLE1226C125.00	TCELL_12/2026_AVRUPA_OPSIYON	D_EQ	SSO	D_EQ_ECP	DE_TCELL_ECP	TCELL.E	31/12/2026	3.81	3.6	5.83	0	0	0	0	0	0	0	0	0	0	0					
06/10/2026	O_TCELLE1226C130.00	TCELL_12/2026_AVRUPA_OPSIYON	D_EQ	SSO	D_EQ_ECP	DE_TCELL_ECP	TCELL.E	31/12/2026	3.04	2.78	9.35	0	0	0	0	0	0	0	0	0	0	0					
06/10/2026	O_TCELLE1226C135.00	TCELL_12/2026_AVRUPA_OPSIYON	D_EQ	SSO	D_EQ_ECP	DE_TCELL_ECP	TCELL.E	31/12/2026	2.47	2.16	14.35	0	0	0	0	0	0	0	0	0	0	0					
06/10/2026	O_TCELLE1226C140.00	TCELL_12/2026_AVRUPA_OPSIYON	D_EQ	SSO	D_EQ_ECP	DE_TCELL_ECP	TCELL.E	31/12/2026	2.03		0	0	0	0	0	0	0	0	0	0	0	0					
06/10/2026	O_TCELLE1226P100.00	TCELL_12/2026_AVRUPA_OPSIYON	D_EQ	SSO	D_EQ_EPP	DE_TCELL_EPP	TCELL.E	31/12/2026	2.75	2.73	0.73	0	0	0	0	0	0	0	0	0	0	0					
06/10/2026	O_TCELLE1226P105.00	TCELL_12/2026_AVRUPA_OPSIYON	D_EQ	SSO	D_EQ_EPP	DE_TCELL_EPP	TCELL.E	31/12/2026	4.11	4.15	-0.96	0	0	0	0	0	0	0	0	0	0	0					
06/10/2026	O_TCELLE1226P110.00	TCELL_12/2026_AVRUPA_OPSIYON	D_EQ	SSO	D_EQ_EPP	DE_TCELL_EPP	TCELL.E	31/12/2026	6.07	6.12	-0.82	0	0	0	0	0	0	0	0	0	0	0					
06/10/2026	O_TCELLE1226P115.00	TCELL_12/2026_AVRUPA_OPSIYON	D_EQ	SSO	D_EQ_EPP	DE_TCELL_EPP	TCELL.E	31/12/2026	8.65		0	0	0	0	0	0	0	0	0	0	0	0					
06/10/2026	O_TCELLE1226P90.00	TCELL_12/2026_AVRUPA_OPSIYON	D_EQ	SSO	D_EQ_EPP	DE_TCELL_EPP	TCELL.E	31/12/2026	1.17	1.07	9.35	0	0	0	0	0	0	0	0	0	0	0					
06/10/2026	O_TCELLE1226P92.00	TCELL_12/2026_AVRUPA_OPSIYON	D_EQ	SSO	D_EQ_EPP	DE_TCELL_EPP	TCELL.E	31/12/2026	1.41	1.32	6.82	0	0	0	0	0	0	0	0	0	0	0					
06/10/2026	O_TCELLE1226P94.00	TCELL_12/2026_AVRUPA_OPSIYON	D_EQ	SSO	D_EQ_EPP	DE_TCELL_EPP	TCELL.E	31/12/2026	1.68	1.6	5	0	0	0	0	0	0	0	0	0	0	0					
06/10/2026	O_TCELLE1226P96.00	TCELL_12/2026_AVRUPA_OPSIYON	D_EQ	SSO	D_EQ_EPP	DE_TCELL_EPP	TCELL.E	31/12/2026	1.99	1.92	3.65	0	0	0	0	0	0	0	0	0	0	0					
06/10/2026	O_TCELLE1226P98.00	TCELL_12/2026_AVRUPA_OPSIYON	D_EQ	SSO	D_EQ_EPP	DE_TCELL_EPP	TCELL.E	31/12/2026	2.34	2.3	1.74	0	0	0	0	0	0	0	0	0	0	0					
06/10/2026	O_THYAOE1026C270.00	THYAO_10/2026_AVRUPA_OPSIYON	D_EQ	SSO	D_EQ_ECP	DE_THYAO_ECP	THYAO.E	30/10/2026	28.94	30.83	-6.13	0	0	0	0	0	0	0	0	0	33	0					
06/10/2026	O_THYAOE1026C280.00	THYAO_10/2026_AVRUPA_OPSIYON	D_EQ	SSO	D_EQ_ECP	DE_THYAO_ECP	THYAO.E	30/10/2026	20.92	22.71	-7.88	0	0	0	0	0	0	0	0	0	93	0					
06/10/2026	O_THYAOE1026C290.00	THYAO_10/2026_AVRUPA_OPSIYON	D_EQ	SSO	D_EQ_ECP	DE_THYAO_ECP	THYAO.E	30/10/2026	14.24	15.79	-9.82	0	0	0	0	0	0	0	0	0	530	0					
06/10/2026	O_THYAOE1026C300.00	THYAO_10/2026_AVRUPA_OPSIYON	D_EQ	SSO	D_EQ_ECP	DE_THYAO_ECP	THYAO.E	30/10/2026	9.09	10.34	-12.09	0	0	0	0	0	15000000	397500	500	1	1032	500					
06/10/2026	O_THYAOE1026C310.00	THYAO_10/2026_AVRUPA_OPSIYON	D_EQ	SSO	D_EQ_ECP	DE_THYAO_ECP	THYAO.E	30/10/2026	5.47	6.41	-14.66	6.8	6.8	6.8	6.8	6.8	1705000	37400	55	3	1939	50					
06/10/2026	O_THYAOE1026C320.00	THYAO_10/2026_AVRUPA_OPSIYON	D_EQ	SSO	D_EQ_ECP	DE_THYAO_ECP	THYAO.E	30/10/2026	3.27	3.87	-15.5	0	0	0	0	0	0	0	0	0	3022	0					
06/10/2026	O_THYAOE1026C330.00	THYAO_10/2026_AVRUPA_OPSIYON	D_EQ	SSO	D_EQ_ECP	DE_THYAO_ECP	THYAO.E	30/10/2026	1.92	2.3	-16.52	0	0	0	0	0	0	0	0	0	153	0					
06/10/2026	O_THYAOE1026C340.00	THYAO_10/2026_AVRUPA_OPSIYON	D_EQ	SSO	D_EQ_ECP	DE_THYAO_ECP	THYAO.E	30/10/2026	1.12	1.35	-17.04	0	0	0	0	0	0	0	0	0	262	0					
06/10/2026	O_THYAOE1026C350.00	THYAO_10/2026_AVRUPA_OPSIYON	D_EQ	SSO	D_EQ_ECP	DE_THYAO_ECP	THYAO.E	30/10/2026	0.65	0.78	-16.67	0	0	0	0	0	0	0	0	0	578	0					
06/10/2026	O_THYAOE1026C360.00	THYAO_10/2026_AVRUPA_OPSIYON	D_EQ	SSO	D_EQ_ECP	DE_THYAO_ECP	THYAO.E	30/10/2026	0.38	0.45	-15.56	0	0	0	0	0	0	0	0	0	416	0					
06/10/2026	O_THYAOE1026C370.00	THYAO_10/2026_AVRUPA_OPSIYON	D_EQ	SSO	D_EQ_ECP	DE_THYAO_ECP	THYAO.E	30/10/2026	0.22	0.26	-15.38	0	0	0	0	0	0	0	0	0	78	0					
06/10/2026	O_THYAOE1026C380.00	THYAO_10/2026_AVRUPA_OPSIYON	D_EQ	SSO	D_EQ_ECP	DE_THYAO_ECP	THYAO.E	30/10/2026	0.13	0.15	-13.33	0	0	0	0	0	0	0	0	0	147	0					
06/10/2026	O_THYAOE1026C390.00	THYAO_10/2026_AVRUPA_OPSIYON	D_EQ	SSO	D_EQ_ECP	DE_THYAO_ECP	THYAO.E	30/10/2026	0.08	0.09	-11.11	0	0	0	0	0	0	0	0	0	0	0					
06/10/2026	O_THYAOE1026C400.00	THYAO_10/2026_AVRUPA_OPSIYON	D_EQ	SSO	D_EQ_ECP	DE_THYAO_ECP	THYAO.E	30/10/2026	0.05	0.05	0	0	0	0	0	0	0	0	0	0	0	0					
06/10/2026	O_THYAOE1026C410.00	THYAO_10/2026_AVRUPA_OPSIYON	D_EQ	SSO	D_EQ_ECP	DE_THYAO_ECP	THYAO.E	30/10/2026	0.03	0.03	0	0	0	0	0	0	0	0	0	0	0	0					
06/10/2026	O_THYAOE1026P235.00	THYAO_10/2026_AVRUPA_OPSIYON	D_EQ	SSO	D_EQ_EPP	DE_THYAO_EPP	THYAO.E	30/10/2026	0.08	0.07	14.29	0	0	0	0	0	0	0	0	0	0	0					
06/10/2026	O_THYAOE1026P240.00	THYAO_10/2026_AVRUPA_OPSIYON	D_EQ	SSO	D_EQ_EPP	DE_THYAO_EPP	THYAO.E	30/10/2026	0.13	0.12	8.33	0	0	0	0	0	0	0	0	0	0	0					
06/10/2026	O_THYAOE1026P245.00	THYAO_10/2026_AVRUPA_OPSIYON	D_EQ	SSO	D_EQ_EPP	DE_THYAO_EPP	THYAO.E	30/10/2026	0.21	0.19	10.53	0	0	0	0	0	0	0	0	0	0	0					
06/10/2026	O_THYAOE1026P250.00	THYAO_10/2026_AVRUPA_OPSIYON	D_EQ	SSO	D_EQ_EPP	DE_THYAO_EPP	THYAO.E	30/10/2026	0.34	0.31	9.68	0	0	0	0	0	0	0	0	0	0	0					
06/10/2026	O_THYAOE1026P260.00	THYAO_10/2026_AVRUPA_OPSIYON	D_EQ	SSO	D_EQ_EPP	DE_THYAO_EPP	THYAO.E	30/10/2026	0.82	0.76	7.89	0	0	0	0	0	0	0	0	0	186	0					
06/10/2026	O_THYAOE1026P270.00	THYAO_10/2026_AVRUPA_OPSIYON	D_EQ	SSO	D_EQ_EPP	DE_THYAO_EPP	THYAO.E	30/10/2026	1.77	1.65	7.27	1.9	1.9	1.9	1.9	1.9	945000	6650	35	1	279	35					
06/10/2026	O_THYAOE1026P280.00	THYAO_10/2026_AVRUPA_OPSIYON	D_EQ	SSO	D_EQ_EPP	DE_THYAO_EPP	THYAO.E	30/10/2026	3.51	3.27	7.34	0	0	0	0	0	0	0	0	0	592	0					
06/10/2026	O_THYAOE1026P290.00	THYAO_10/2026_AVRUPA_OPSIYON	D_EQ	SSO	D_EQ_EPP	DE_THYAO_EPP	THYAO.E	30/10/2026	6.59	6.09	8.21	0	0	0	0	0	0	0	0	0	1388	0					
06/10/2026	O_THYAOE1026P300.00	THYAO_10/2026_AVRUPA_OPSIYON	D_EQ	SSO	D_EQ_EPP	DE_THYAO_EPP	THYAO.E	30/10/2026	11.19	10.38	7.8	0	0	0	0	0	0	0	0	0	1513	0					
06/10/2026	O_THYAOE1026P310.00	THYAO_10/2026_AVRUPA_OPSIYON	D_EQ	SSO	D_EQ_EPP	DE_THYAO_EPP	THYAO.E	30/10/2026	17.32	16.19	6.98	0	0	0	0	0	0	0	0	0	289	0					
06/10/2026	O_THYAOE1026P320.00	THYAO_10/2026_AVRUPA_OPSIYON	D_EQ	SSO	D_EQ_EPP	DE_THYAO_EPP	THYAO.E	30/10/2026	24.87	23.4	6.28	0	0	0	0	0	0	0	0	0	35	0					
06/10/2026	O_THYAOE1026P330.00	THYAO_10/2026_AVRUPA_OPSIYON	D_EQ	SSO	D_EQ_EPP	DE_THYAO_EPP	THYAO.E	30/10/2026	33.28	31.58	5.38	0	0	0	0	0	0	0	0	0	146	0					
06/10/2026	O_THYAOE1026P340.00	THYAO_10/2026_AVRUPA_OPSIYON	D_EQ	SSO	D_EQ_EPP	DE_THYAO_EPP	THYAO.E	30/10/2026	42.23	40.36	4.63	0	0	0	0	0	0	0	0	0	410	0					
06/10/2026	O_THYAOE1026P350.00	THYAO_10/2026_AVRUPA_OPSIYON	D_EQ	SSO	D_EQ_EPP	DE_THYAO_EPP	THYAO.E	30/10/2026	51.51	49.54	3.98	0	0	0	0	0	0	0	0	0	150	0					
06/10/2026	O_THYAOE1026P360.00	THYAO_10/2026_AVRUPA_OPSIYON	D_EQ	SSO	D_EQ_EPP	DE_THYAO_EPP	THYAO.E	30/10/2026	60.99	58.95	3.46	0	0	0	0	0	0	0	0	0	0	0					
06/10/2026	O_THYAOE1126C280.00	THYAO_11/2026_AVRUPA_OPSIYON	D_EQ	SSO	D_EQ_ECP	DE_THYAO_ECP	THYAO.E	30/11/2026	31.52	33.25	-5.2	0	0	0	0	0	0	0	0	0	0	0					
06/10/2026	O_THYAOE1126C290.00	THYAO_11/2026_AVRUPA_OPSIYON	D_EQ	SSO	D_EQ_ECP	DE_THYAO_ECP	THYAO.E	30/11/2026	24.66	26.25	-6.06	0	0	0	0	0	0	0	0	0	0	0					
06/10/2026	O_THYAOE1126C300.00	THYAO_11/2026_AVRUPA_OPSIYON	D_EQ	SSO	D_EQ_ECP	DE_THYAO_ECP	THYAO.E	30/11/2026	18.91	20.34	-7.03	0	0	0	0	0	0	0	0	0	400	0					
06/10/2026	O_THYAOE1126C310.00	THYAO_11/2026_AVRUPA_OPSIYON	D_EQ	SSO	D_EQ_ECP	DE_THYAO_ECP	THYAO.E	30/11/2026	14.22	15.43	-7.84	12.8	12.8	12.8	12.8	12.8	1023000	42240	33	4	0	-33					
06/10/2026	O_THYAOE1126C320.00	THYAO_11/2026_AVRUPA_OPSIYON	D_EQ	SSO	D_EQ_ECP	DE_THYAO_ECP	THYAO.E	30/11/2026	10.55	11.5	-8.26	0	0	0	0	0	0	0	0	0	33	0					
06/10/2026	O_THYAOE1126C330.00	THYAO_11/2026_AVRUPA_OPSIYON	D_EQ	SSO	D_EQ_ECP	DE_THYAO_ECP	THYAO.E	30/11/2026	7.99	8.7	-8.16	0	0	0	0	0	0	0	0	0	0	0					
06/10/2026	O_THYAOE1126C340.00	THYAO_11/2026_AVRUPA_OPSIYON	D_EQ	SSO	D_EQ_ECP	DE_THYAO_ECP	THYAO.E	30/11/2026	6.05	6.57	-7.91	0	0	0	0	0	0	0	0	0	0	0					
06/10/2026	O_THYAOE1126C350.00	THYAO_11/2026_AVRUPA_OPSIYON	D_EQ	SSO	D_EQ_ECP	DE_THYAO_ECP	THYAO.E	30/11/2026	4.59	4.97	-7.65	3.6	3.6	3.6	3.6	3.6	175000	1800	5	1	5	5					
06/10/2026	O_THYAOE1126C360.00	THYAO_11/2026_AVRUPA_OPSIYON	D_EQ	SSO	D_EQ_ECP	DE_THYAO_ECP	THYAO.E	30/11/2026	3.51	3.77	-6.9	0	0	0	0	0	0	0	0	0	0	0					
06/10/2026	O_THYAOE1126C370.00	THYAO_11/2026_AVRUPA_OPSIYON	D_EQ	SSO	D_EQ_ECP	DE_THYAO_ECP	THYAO.E	30/11/2026	2.7	2.87	-5.92	0	0	0	0	0	0	0	0	0	0	0					
06/10/2026	O_THYAOE1126C380.00	THYAO_11/2026_AVRUPA_OPSIYON	D_EQ	SSO	D_EQ_ECP	DE_THYAO_ECP	THYAO.E	30/11/2026	2.1	2.2	-4.55	0	0	0	0	0	0	0	0	0	0	0					
06/10/2026	O_THYAOE1126C390.00	THYAO_11/2026_AVRUPA_OPSIYON	D_EQ	SSO	D_EQ_ECP	DE_THYAO_ECP	THYAO.E	30/11/2026	1.64	1.7	-3.53	0	0	0	0	0	0	0	0	0	0	0					
06/10/2026	O_THYAOE1126P240.00	THYAO_11/2026_AVRUPA_OPSIYON	D_EQ	SSO	D_EQ_EPP	DE_THYAO_EPP	THYAO.E	30/11/2026	0.83	0.75	10.67	0	0	0	0	0	0	0	0	0	0	0					
06/10/2026	O_THYAOE1126P245.00	THYAO_11/2026_AVRUPA_OPSIYON	D_EQ	SSO	D_EQ_EPP	DE_THYAO_EPP	THYAO.E	30/11/2026	1.09	0.99	10.1	0	0	0	0	0	0	0	0	0	0	0					
06/10/2026	O_THYAOE1126P250.00	THYAO_11/2026_AVRUPA_OPSIYON	D_EQ	SSO	D_EQ_EPP	DE_THYAO_EPP	THYAO.E	30/11/2026	1.41	1.29	9.3	0	0	0	0	0	0	0	0	0	40	0					
06/10/2026	O_THYAOE1126P260.00	THYAO_11/2026_AVRUPA_OPSIYON	D_EQ	SSO	D_EQ_EPP	DE_THYAO_EPP	THYAO.E	30/11/2026	2.29	2.12	8.02	2	2	2	2	2	104000	800	4	1	33	0					
06/10/2026	O_THYAOE1126P270.00	THYAO_11/2026_AVRUPA_OPSIYON	D_EQ	SSO	D_EQ_EPP	DE_THYAO_EPP	THYAO.E	30/11/2026	3.59	3.37	6.53	0	0	0	0	0	0	0	0	0	30	0					
06/10/2026	O_THYAOE1126P280.00	THYAO_11/2026_AVRUPA_OPSIYON	D_EQ	SSO	D_EQ_EPP	DE_THYAO_EPP	THYAO.E	30/11/2026	5.44	5.14	5.84	0	0	0	0	0	0	0	0	0	0	0					
06/10/2026	O_THYAOE1126P290.00	THYAO_11/2026_AVRUPA_OPSIYON	D_EQ	SSO	D_EQ_EPP	DE_THYAO_EPP	THYAO.E	30/11/2026	8.02	7.58	5.8	0	0	0	0	0	0	0	0	0	0	0					
06/10/2026	O_THYAOE1126P300.00	THYAO_11/2026_AVRUPA_OPSIYON	D_EQ	SSO	D_EQ_EPP	DE_THYAO_EPP	THYAO.E	30/11/2026	11.72	11.1	5.59	0	0	0	0	0	0	0	0	0	0	0					
06/10/2026	O_THYAOE1126P310.00	THYAO_11/2026_AVRUPA_OPSIYON	D_EQ	SSO	D_EQ_EPP	DE_THYAO_EPP	THYAO.E	30/11/2026	16.47	15.62	5.44	0	0	0	0	0	0	0	0	0	33	0					
06/10/2026	O_THYAOE1126P320.00	THYAO_11/2026_AVRUPA_OPSIYON	D_EQ	SSO	D_EQ_EPP	DE_THYAO_EPP	THYAO.E	30/11/2026	22.24	21.13	5.25	0	0	0	0	0	0	0	0	0	30	0					
06/10/2026	O_THYAOE1126P330.00	THYAO_11/2026_AVRUPA_OPSIYON	D_EQ	SSO	D_EQ_EPP	DE_THYAO_EPP	THYAO.E	30/11/2026	29.12	27.76	4.9	0	0	0	0	0	0	0	0	0	0	0					
06/10/2026	O_THYAOE1126P340.00	THYAO_11/2026_AVRUPA_OPSIYON	D_EQ	SSO	D_EQ_EPP	DE_THYAO_EPP	THYAO.E	30/11/2026	36.63	35.07	4.45	0	0	0	0	0	0	0	0	0	0	0					
06/10/2026	O_THYAOE1226C300.00	THYAO_12/2026_AVRUPA_OPSIYON	D_EQ	SSO	D_EQ_ECP	DE_THYAO_ECP	THYAO.E	31/12/2026	31	32.62	-4.97	0	0	0	0	0	0	0	0	0	0	0					
06/10/2026	O_THYAOE1226C310.00	THYAO_12/2026_AVRUPA_OPSIYON	D_EQ	SSO	D_EQ_ECP	DE_THYAO_ECP	THYAO.E	31/12/2026	25.42	26.93	-5.61	0	0	0	0	0	0	0	0	0	0	0					
06/10/2026	O_THYAOE1226C320.00	THYAO_12/2026_AVRUPA_OPSIYON	D_EQ	SSO	D_EQ_ECP	DE_THYAO_ECP	THYAO.E	31/12/2026	20.72	22.04	-5.99	0	0	0	0	0	0	0	0	0	0	0					
06/10/2026	O_THYAOE1226C330.00	THYAO_12/2026_AVRUPA_OPSIYON	D_EQ	SSO	D_EQ_ECP	DE_THYAO_ECP	THYAO.E	31/12/2026	16.88	17.93	-5.86	0	0	0	0	0	0	0	0	0	0	0					
06/10/2026	O_THYAOE1226C340.00	THYAO_12/2026_AVRUPA_OPSIYON	D_EQ	SSO	D_EQ_ECP	DE_THYAO_ECP	THYAO.E	31/12/2026	13.96	14.81	-5.74	0	0	0	0	0	0	0	0	0	0	0					
06/10/2026	O_THYAOE1226C350.00	THYAO_12/2026_AVRUPA_OPSIYON	D_EQ	SSO	D_EQ_ECP	DE_THYAO_ECP	THYAO.E	31/12/2026	11.58	12.25	-5.47	0	0	0	0	0	0	0	0	0	0	0					
06/10/2026	O_THYAOE1226C360.00	THYAO_12/2026_AVRUPA_OPSIYON	D_EQ	SSO	D_EQ_ECP	DE_THYAO_ECP	THYAO.E	31/12/2026	9.65	10.15	-4.93	0	0	0	0	0	0	0	0	0	0	0					
06/10/2026	O_THYAOE1226C370.00	THYAO_12/2026_AVRUPA_OPSIYON	D_EQ	SSO	D_EQ_ECP	DE_THYAO_ECP	THYAO.E	31/12/2026	8.08	8.44	-4.27	0	0	0	0	0	0	0	0	0	0	0					
06/10/2026	O_THYAOE1226C380.00	THYAO_12/2026_AVRUPA_OPSIYON	D_EQ	SSO	D_EQ_ECP	DE_THYAO_ECP	THYAO.E	31/12/2026	6.81	7.05	-3.4	0	0	0	0	0	0	0	0	0	0	0					
06/10/2026	O_THYAOE1226P250.00	THYAO_12/2026_AVRUPA_OPSIYON	D_EQ	SSO	D_EQ_EPP	DE_THYAO_EPP	THYAO.E	31/12/2026	1.85	1.69	9.47	0	0	0	0	0	0	0	0	0	0	0					
06/10/2026	O_THYAOE1226P260.00	THYAO_12/2026_AVRUPA_OPSIYON	D_EQ	SSO	D_EQ_EPP	DE_THYAO_EPP	THYAO.E	31/12/2026	2.68	2.48	8.06	0	0	0	0	0	0	0	0	0	0	0					
06/10/2026	O_THYAOE1226P270.00	THYAO_12/2026_AVRUPA_OPSIYON	D_EQ	SSO	D_EQ_EPP	DE_THYAO_EPP	THYAO.E	31/12/2026	3.79	3.55	6.76	0	0	0	0	0	0	0	0	0	0	0					
06/10/2026	O_THYAOE1226P280.00	THYAO_12/2026_AVRUPA_OPSIYON	D_EQ	SSO	D_EQ_EPP	DE_THYAO_EPP	THYAO.E	31/12/2026	5.25	4.97	5.63	0	0	0	0	0	0	0	0	0	0	0					
06/10/2026	O_THYAOE1226P290.00	THYAO_12/2026_AVRUPA_OPSIYON	D_EQ	SSO	D_EQ_EPP	DE_THYAO_EPP	THYAO.E	31/12/2026	7.13	6.81	4.7	0	0	0	0	0	0	0	0	0	0	0					
06/10/2026	O_THYAOE1226P300.00	THYAO_12/2026_AVRUPA_OPSIYON	D_EQ	SSO	D_EQ_EPP	DE_THYAO_EPP	THYAO.E	31/12/2026	9.68	9.22	4.99	0	0	0	0	0	0	0	0	0	0	0					
06/10/2026	O_THYAOE1226P310.00	THYAO_12/2026_AVRUPA_OPSIYON	D_EQ	SSO	D_EQ_EPP	DE_THYAO_EPP	THYAO.E	31/12/2026	13.08	12.49	4.72	0	0	0	0	0	0	0	0	0	0	0					
06/10/2026	O_THYAOE1226P320.00	THYAO_12/2026_AVRUPA_OPSIYON	D_EQ	SSO	D_EQ_EPP	DE_THYAO_EPP	THYAO.E	31/12/2026	17.35	16.56	4.77	0	0	0	0	0	0	0	0	0	0	0					
06/10/2026	O_THYAOE1226P330.00	THYAO_12/2026_AVRUPA_OPSIYON	D_EQ	SSO	D_EQ_EPP	DE_THYAO_EPP	THYAO.E	31/12/2026	22.48	21.41	5	0	0	0	0	0	0	0	0	0	0	0					
06/10/2026	O_TOASOE1026C260.00	TOASO_10/2026_AVRUPA_OPSIYON	D_EQ	SSO	D_EQ_ECP	DE_TOASO_ECP	TOASO.E	30/10/2026	21.93	17.55	24.96	17.6	17.6	19.4	19.4	18.5	2236000	159100	86	10	40	0					
06/10/2026	O_TOASOE1026C270.00	TOASO_10/2026_AVRUPA_OPSIYON	D_EQ	SSO	D_EQ_ECP	DE_TOASO_ECP	TOASO.E	30/10/2026	15.34	11.89	29.02	15.68	13.3	15.68	13.3	14.25	1620000	85480	60	6	550	0					
06/10/2026	O_TOASOE1026C280.00	TOASO_10/2026_AVRUPA_OPSIYON	D_EQ	SSO	D_EQ_ECP	DE_TOASO_ECP	TOASO.E	30/10/2026	10.21	7.73	32.08	10.61	10.61	10.61	10.61	10.61	280000	10610	10	1	67	10					
06/10/2026	O_TOASOE1026C290.00	TOASO_10/2026_AVRUPA_OPSIYON	D_EQ	SSO	D_EQ_ECP	DE_TOASO_ECP	TOASO.E	30/10/2026	6.52	4.97	31.19	0	0	0	0	0	0	0	0	0	40	0					
06/10/2026	O_TOASOE1026C300.00	TOASO_10/2026_AVRUPA_OPSIYON	D_EQ	SSO	D_EQ_ECP	DE_TOASO_ECP	TOASO.E	30/10/2026	4.23	3.21	31.78	5	4.6	5	4.6	4.67	7290000	113500	243	13	1122	243					
06/10/2026	O_TOASOE1026C310.00	TOASO_10/2026_AVRUPA_OPSIYON	D_EQ	SSO	D_EQ_ECP	DE_TOASO_ECP	TOASO.E	30/10/2026	2.74	2.07	32.37	0	0	0	0	0	0	0	0	0	63	0					
06/10/2026	O_TOASOE1026C320.00	TOASO_10/2026_AVRUPA_OPSIYON	D_EQ	SSO	D_EQ_ECP	DE_TOASO_ECP	TOASO.E	30/10/2026	1.78	1.34	32.84	0	0	0	0	0	0	0	0	0	809	0					
06/10/2026	O_TOASOE1026C330.00	TOASO_10/2026_AVRUPA_OPSIYON	D_EQ	SSO	D_EQ_ECP	DE_TOASO_ECP	TOASO.E	30/10/2026	1.16	0.88	31.82	0	0	0	0	0	0	0	0	0	10	0					
06/10/2026	O_TOASOE1026C340.00	TOASO_10/2026_AVRUPA_OPSIYON	D_EQ	SSO	D_EQ_ECP	DE_TOASO_ECP	TOASO.E	30/10/2026	0.77	0.58	32.76	0	0	0	0	0	0	0	0	0	24	0					
06/10/2026	O_TOASOE1026C350.00	TOASO_10/2026_AVRUPA_OPSIYON	D_EQ	SSO	D_EQ_ECP	DE_TOASO_ECP	TOASO.E	30/10/2026	0.52	0.39	33.33	0	0	0	0	0	0	0	0	0	1	0					
06/10/2026	O_TOASOE1026C360.00	TOASO_10/2026_AVRUPA_OPSIYON	D_EQ	SSO	D_EQ_ECP	DE_TOASO_ECP	TOASO.E	30/10/2026	0.35	0.27	29.63	0	0	0	0	0	0	0	0	0	2	0					
06/10/2026	O_TOASOE1026C370.00	TOASO_10/2026_AVRUPA_OPSIYON	D_EQ	SSO	D_EQ_ECP	DE_TOASO_ECP	TOASO.E	30/10/2026	0.25	0.19	31.58	0	0	0	0	0	0	0	0	0	1	0					
06/10/2026	O_TOASOE1026P230.00	TOASO_10/2026_AVRUPA_OPSIYON	D_EQ	SSO	D_EQ_EPP	DE_TOASO_EPP	TOASO.E	30/10/2026	0.6	0.94	-36.17	0	0	0	0	0	0	0	0	0	74	0					
06/10/2026	O_TOASOE1026P235.00	TOASO_10/2026_AVRUPA_OPSIYON	D_EQ	SSO	D_EQ_EPP	DE_TOASO_EPP	TOASO.E	30/10/2026	0.87	1.34	-35.07	0	0	0	0	0	0	0	0	0	83	0					
06/10/2026	O_TOASOE1026P240.00	TOASO_10/2026_AVRUPA_OPSIYON	D_EQ	SSO	D_EQ_EPP	DE_TOASO_EPP	TOASO.E	30/10/2026	1.23	1.87	-34.22	0	0	0	0	0	0	0	0	0	20	0					
06/10/2026	O_TOASOE1026P245.00	TOASO_10/2026_AVRUPA_OPSIYON	D_EQ	SSO	D_EQ_EPP	DE_TOASO_EPP	TOASO.E	30/10/2026	1.73	2.58	-32.95	0	0	0	0	0	0	0	0	0	0	0					
06/10/2026	O_TOASOE1026P250.00	TOASO_10/2026_AVRUPA_OPSIYON	D_EQ	SSO	D_EQ_EPP	DE_TOASO_EPP	TOASO.E	30/10/2026	2.37	3.48	-31.9	0	0	0	0	0	0	0	0	0	264	0					
06/10/2026	O_TOASOE1026P260.00	TOASO_10/2026_AVRUPA_OPSIYON	D_EQ	SSO	D_EQ_EPP	DE_TOASO_EPP	TOASO.E	30/10/2026	4.27	6.12	-30.23	0	0	0	0	0	0	0	0	0	40	0					
06/10/2026	O_TOASOE1026P270.00	TOASO_10/2026_AVRUPA_OPSIYON	D_EQ	SSO	D_EQ_EPP	DE_TOASO_EPP	TOASO.E	30/10/2026	7.43	10.2	-27.16	10.2	10.2	10.2	10.2	10.2	540000	20400	20	2	224	20					
06/10/2026	O_TOASOE1026P280.00	TOASO_10/2026_AVRUPA_OPSIYON	D_EQ	SSO	D_EQ_EPP	DE_TOASO_EPP	TOASO.E	30/10/2026	12.05	15.79	-23.69	16.9	14.2	16.9	14.2	15.38	2324000	127640	83	9	182	0					
06/10/2026	O_TOASOE1026P290.00	TOASO_10/2026_AVRUPA_OPSIYON	D_EQ	SSO	D_EQ_EPP	DE_TOASO_EPP	TOASO.E	30/10/2026	18.11	22.77	-20.47	0	0	0	0	0	0	0	0	0	230	0					
06/10/2026	O_TOASOE1026P300.00	TOASO_10/2026_AVRUPA_OPSIYON	D_EQ	SSO	D_EQ_EPP	DE_TOASO_EPP	TOASO.E	30/10/2026	25.58	30.76	-16.84	0	0	0	0	0	0	0	0	0	117	0					
06/10/2026	O_TOASOE1026P310.00	TOASO_10/2026_AVRUPA_OPSIYON	D_EQ	SSO	D_EQ_EPP	DE_TOASO_EPP	TOASO.E	30/10/2026	33.84	39.36	-14.02	0	0	0	0	0	0	0	0	0	27	0					
06/10/2026	O_TOASOE1026P320.00	TOASO_10/2026_AVRUPA_OPSIYON	D_EQ	SSO	D_EQ_EPP	DE_TOASO_EPP	TOASO.E	30/10/2026	42.63	48.37	-11.87	0	0	0	0	0	0	0	0	0	0	0					
06/10/2026	O_TOASOE1126C260.00	TOASO_11/2026_AVRUPA_OPSIYON	D_EQ	SSO	D_EQ_ECP	DE_TOASO_ECP	TOASO.E	30/11/2026	32.53	27.81	16.97	26.1	26.1	31.69	31.69	27.97	1404000	151049	54	6	19	6					
06/10/2026	O_TOASOE1126C270.00	TOASO_11/2026_AVRUPA_OPSIYON	D_EQ	SSO	D_EQ_ECP	DE_TOASO_ECP	TOASO.E	30/11/2026	25.77	21.82	18.1	25.69	23.3	25.69	23.3	23.9	1080000	95590	40	4	73	40					
06/10/2026	O_TOASOE1126C280.00	TOASO_11/2026_AVRUPA_OPSIYON	D_EQ	SSO	D_EQ_ECP	DE_TOASO_ECP	TOASO.E	30/11/2026	20.17	16.87	19.56	20.41	20.41	20.41	20.41	20.41	280000	20410	10	1	40	10					
06/10/2026	O_TOASOE1126C290.00	TOASO_11/2026_AVRUPA_OPSIYON	D_EQ	SSO	D_EQ_ECP	DE_TOASO_ECP	TOASO.E	30/11/2026	15.59	12.92	20.67	16.04	16.04	16.04	16.04	16.04	290000	16040	10	1	10	10					
06/10/2026	O_TOASOE1126C300.00	TOASO_11/2026_AVRUPA_OPSIYON	D_EQ	SSO	D_EQ_ECP	DE_TOASO_ECP	TOASO.E	30/11/2026	12.04	10.17	18.39	0	0	0	0	0	0	0	0	0	0	0					
06/10/2026	O_TOASOE1126C310.00	TOASO_11/2026_AVRUPA_OPSIYON	D_EQ	SSO	D_EQ_ECP	DE_TOASO_ECP	TOASO.E	30/11/2026	9.55	8.05	18.63	0	0	0	0	0	0	0	0	0	0	0					
06/10/2026	O_TOASOE1126C320.00	TOASO_11/2026_AVRUPA_OPSIYON	D_EQ	SSO	D_EQ_ECP	DE_TOASO_ECP	TOASO.E	30/11/2026	7.63	6.41	19.03	0	0	0	0	0	0	0	0	0	0	0					
06/10/2026	O_TOASOE1126C330.00	TOASO_11/2026_AVRUPA_OPSIYON	D_EQ	SSO	D_EQ_ECP	DE_TOASO_ECP	TOASO.E	30/11/2026	6.14	5.15	19.22	0	0	0	0	0	0	0	0	0	0	0					
06/10/2026	O_TOASOE1126C340.00	TOASO_11/2026_AVRUPA_OPSIYON	D_EQ	SSO	D_EQ_ECP	DE_TOASO_ECP	TOASO.E	30/11/2026	4.99	4.18	19.38	0	0	0	0	0	0	0	0	0	0	0					
06/10/2026	O_TOASOE1126C350.00	TOASO_11/2026_AVRUPA_OPSIYON	D_EQ	SSO	D_EQ_ECP	DE_TOASO_ECP	TOASO.E	30/11/2026	4.1	3.43	19.53	0	0	0	0	0	0	0	0	0	0	0					
06/10/2026	O_TOASOE1126C360.00	TOASO_11/2026_AVRUPA_OPSIYON	D_EQ	SSO	D_EQ_ECP	DE_TOASO_ECP	TOASO.E	30/11/2026	3.4	2.84	19.72	0	0	0	0	0	0	0	0	0	0	0					
06/10/2026	O_TOASOE1126C370.00	TOASO_11/2026_AVRUPA_OPSIYON	D_EQ	SSO	D_EQ_ECP	DE_TOASO_ECP	TOASO.E	30/11/2026	2.86	2.38	20.17	0	0	0	0	0	0	0	0	0	0	0					
06/10/2026	O_TOASOE1126C380.00	TOASO_11/2026_AVRUPA_OPSIYON	D_EQ	SSO	D_EQ_ECP	DE_TOASO_ECP	TOASO.E	30/11/2026	2.43	2.01	20.9	0	0	0	0	0	0	0	0	0	0	0					
06/10/2026	O_TOASOE1126P230.00	TOASO_11/2026_AVRUPA_OPSIYON	D_EQ	SSO	D_EQ_EPP	DE_TOASO_EPP	TOASO.E	30/11/2026	2.21	2.73	-19.05	2.5	2.5	2.5	2.5	2.5	92000	1000	4	1	4	4					
06/10/2026	O_TOASOE1126P235.00	TOASO_11/2026_AVRUPA_OPSIYON	D_EQ	SSO	D_EQ_EPP	DE_TOASO_EPP	TOASO.E	30/11/2026	2.71	3.34	-18.86	0	0	0	0	0	0	0	0	0	10	0					
06/10/2026	O_TOASOE1126P240.00	TOASO_11/2026_AVRUPA_OPSIYON	D_EQ	SSO	D_EQ_EPP	DE_TOASO_EPP	TOASO.E	30/11/2026	3.3	4.07	-18.92	0	0	0	0	0	0	0	0	0	0	0					
06/10/2026	O_TOASOE1126P245.00	TOASO_11/2026_AVRUPA_OPSIYON	D_EQ	SSO	D_EQ_EPP	DE_TOASO_EPP	TOASO.E	30/11/2026	3.99	4.92	-18.9	0	0	0	0	0	0	0	0	0	0	0					
06/10/2026	O_TOASOE1126P250.00	TOASO_11/2026_AVRUPA_OPSIYON	D_EQ	SSO	D_EQ_EPP	DE_TOASO_EPP	TOASO.E	30/11/2026	4.8	5.9	-18.64	0	0	0	0	0	0	0	0	0	0	0					
06/10/2026	O_TOASOE1126P260.00	TOASO_11/2026_AVRUPA_OPSIYON	D_EQ	SSO	D_EQ_EPP	DE_TOASO_EPP	TOASO.E	30/11/2026	6.82	8.33	-18.13	0	0	0	0	0	0	0	0	0	0	0					
06/10/2026	O_TOASOE1126P270.00	TOASO_11/2026_AVRUPA_OPSIYON	D_EQ	SSO	D_EQ_EPP	DE_TOASO_EPP	TOASO.E	30/11/2026	9.49	11.77	-19.37	0	0	0	0	0	0	0	0	0	0	0					
06/10/2026	O_TOASOE1126P280.00	TOASO_11/2026_AVRUPA_OPSIYON	D_EQ	SSO	D_EQ_EPP	DE_TOASO_EPP	TOASO.E	30/11/2026	13.34	16.26	-17.96	0	0	0	0	0	0	0	0	0	0	0					
06/10/2026	O_TOASOE1126P290.00	TOASO_11/2026_AVRUPA_OPSIYON	D_EQ	SSO	D_EQ_EPP	DE_TOASO_EPP	TOASO.E	30/11/2026	18.2	21.75	-16.32	0	0	0	0	0	0	0	0	0	30	0					
06/10/2026	O_TOASOE1126P300.00	TOASO_11/2026_AVRUPA_OPSIYON	D_EQ	SSO	D_EQ_EPP	DE_TOASO_EPP	TOASO.E	30/11/2026	24.09	28.43	-15.27	28.5	28.5	28.5	28.5	28.5	600000	57000	20	2	73	20					
06/10/2026	O_TOASOE1126P310.00	TOASO_11/2026_AVRUPA_OPSIYON	D_EQ	SSO	D_EQ_EPP	DE_TOASO_EPP	TOASO.E	30/11/2026	31.05	35.74	-13.12	34	34	35.3	35.3	34.52	1550000	172600	50	5	70	50					
06/10/2026	O_TOASOE1126P320.00	TOASO_11/2026_AVRUPA_OPSIYON	D_EQ	SSO	D_EQ_EPP	DE_TOASO_EPP	TOASO.E	30/11/2026	38.57	43.54	-11.41	0	0	0	0	0	0	0	0	0	0	0					
06/10/2026	O_TOASOE1126P330.00	TOASO_11/2026_AVRUPA_OPSIYON	D_EQ	SSO	D_EQ_EPP	DE_TOASO_EPP	TOASO.E	30/11/2026	46.53	51.72	-10.03	0	0	0	0	0	0	0	0	0	0	0					
06/10/2026	O_TOASOE1226C270.00	TOASO_12/2026_AVRUPA_OPSIYON	D_EQ	SSO	D_EQ_ECP	DE_TOASO_ECP	TOASO.E	31/12/2026	38.05	33.33	14.16	0	0	0	0	0	0	0	0	0	0	0					
06/10/2026	O_TOASOE1226C280.00	TOASO_12/2026_AVRUPA_OPSIYON	D_EQ	SSO	D_EQ_ECP	DE_TOASO_ECP	TOASO.E	31/12/2026	31.8	27.78	14.47	0	0	0	0	0	0	0	0	0	0	0					
06/10/2026	O_TOASOE1226C290.00	TOASO_12/2026_AVRUPA_OPSIYON	D_EQ	SSO	D_EQ_ECP	DE_TOASO_ECP	TOASO.E	31/12/2026	26.44	23.03	14.81	0	0	0	0	0	0	0	0	0	0	0					
06/10/2026	O_TOASOE1226C300.00	TOASO_12/2026_AVRUPA_OPSIYON	D_EQ	SSO	D_EQ_ECP	DE_TOASO_ECP	TOASO.E	31/12/2026	21.99	19.13	14.95	0	0	0	0	0	0	0	0	0	0	0					
06/10/2026	O_TOASOE1226C310.00	TOASO_12/2026_AVRUPA_OPSIYON	D_EQ	SSO	D_EQ_ECP	DE_TOASO_ECP	TOASO.E	31/12/2026	18.46	16.26	13.53	0	0	0	0	0	0	0	0	0	0	0					
06/10/2026	O_TOASOE1226C320.00	TOASO_12/2026_AVRUPA_OPSIYON	D_EQ	SSO	D_EQ_ECP	DE_TOASO_ECP	TOASO.E	31/12/2026	15.79	13.89	13.68	0	0	0	0	0	0	0	0	0	0	0					
06/10/2026	O_TOASOE1226C330.00	TOASO_12/2026_AVRUPA_OPSIYON	D_EQ	SSO	D_EQ_ECP	DE_TOASO_ECP	TOASO.E	31/12/2026	13.59	11.94	13.82	0	0	0	0	0	0	0	0	0	0	0					
06/10/2026	O_TOASOE1226C340.00	TOASO_12/2026_AVRUPA_OPSIYON	D_EQ	SSO	D_EQ_ECP	DE_TOASO_ECP	TOASO.E	31/12/2026	11.78	10.34	13.93	0	0	0	0	0	0	0	0	0	0	0					
06/10/2026	O_TOASOE1226C350.00	TOASO_12/2026_AVRUPA_OPSIYON	D_EQ	SSO	D_EQ_ECP	DE_TOASO_ECP	TOASO.E	31/12/2026	10.29	9.01	14.21	0	0	0	0	0	0	0	0	0	0	0					
06/10/2026	O_TOASOE1226P235.00	TOASO_12/2026_AVRUPA_OPSIYON	D_EQ	SSO	D_EQ_EPP	DE_TOASO_EPP	TOASO.E	31/12/2026	3.47	4	-13.25	0	0	0	0	0	0	0	0	0	0	0					
06/10/2026	O_TOASOE1226P240.00	TOASO_12/2026_AVRUPA_OPSIYON	D_EQ	SSO	D_EQ_EPP	DE_TOASO_EPP	TOASO.E	31/12/2026	4.02	4.65	-13.55	0	0	0	0	0	0	0	0	0	0	0					
06/10/2026	O_TOASOE1226P245.00	TOASO_12/2026_AVRUPA_OPSIYON	D_EQ	SSO	D_EQ_EPP	DE_TOASO_EPP	TOASO.E	31/12/2026	4.65	5.38	-13.57	0	0	0	0	0	0	0	0	0	0	0					
06/10/2026	O_TOASOE1226P250.00	TOASO_12/2026_AVRUPA_OPSIYON	D_EQ	SSO	D_EQ_EPP	DE_TOASO_EPP	TOASO.E	31/12/2026	5.35	6.2	-13.71	0	0	0	0	0	0	0	0	0	0	0					
06/10/2026	O_TOASOE1226P260.00	TOASO_12/2026_AVRUPA_OPSIYON	D_EQ	SSO	D_EQ_EPP	DE_TOASO_EPP	TOASO.E	31/12/2026	7.01	8.13	-13.78	0	0	0	0	0	0	0	0	0	0	0					
06/10/2026	O_TOASOE1226P270.00	TOASO_12/2026_AVRUPA_OPSIYON	D_EQ	SSO	D_EQ_EPP	DE_TOASO_EPP	TOASO.E	31/12/2026	9.07	10.54	-13.95	0	0	0	0	0	0	0	0	0	0	0					
06/10/2026	O_TOASOE1226P280.00	TOASO_12/2026_AVRUPA_OPSIYON	D_EQ	SSO	D_EQ_EPP	DE_TOASO_EPP	TOASO.E	31/12/2026	11.79	13.95	-15.48	0	0	0	0	0	0	0	0	0	0	0					
06/10/2026	O_TOASOE1226P290.00	TOASO_12/2026_AVRUPA_OPSIYON	D_EQ	SSO	D_EQ_EPP	DE_TOASO_EPP	TOASO.E	31/12/2026	15.41	18.17	-15.19	0	0	0	0	0	0	0	0	0	0	0					
06/10/2026	O_TOASOE1226P300.00	TOASO_12/2026_AVRUPA_OPSIYON	D_EQ	SSO	D_EQ_EPP	DE_TOASO_EPP	TOASO.E	31/12/2026	19.92	23.23	-14.25	0	0	0	0	0	0	0	0	0	0	0					
06/10/2026	O_TTKOME1026C50.00	TTKOM_10/2026_AVRUPA_OPSIYON	D_EQ	SSO	D_EQ_ECP	DE_TTKOM_ECP	TTKOM.E	30/10/2026	4.9	5.43	-9.76	0	0	0	0	0	0	0	0	0	0	0					
06/10/2026	O_TTKOME1026C52.00	TTKOM_10/2026_AVRUPA_OPSIYON	D_EQ	SSO	D_EQ_ECP	DE_TTKOM_ECP	TTKOM.E	30/10/2026	3.44	3.91	-12.02	0	0	0	0	0	0	0	0	0	150	0					
06/10/2026	O_TTKOME1026C54.00	TTKOM_10/2026_AVRUPA_OPSIYON	D_EQ	SSO	D_EQ_ECP	DE_TTKOM_ECP	TTKOM.E	30/10/2026	2.28	2.67	-14.61	0	0	0	0	0	0	0	0	0	2970	0					
06/10/2026	O_TTKOME1026C56.00	TTKOM_10/2026_AVRUPA_OPSIYON	D_EQ	SSO	D_EQ_ECP	DE_TTKOM_ECP	TTKOM.E	30/10/2026	1.44	1.73	-16.76	0	0	0	0	0	0	0	0	0	80	0					
06/10/2026	O_TTKOME1026C58.00	TTKOM_10/2026_AVRUPA_OPSIYON	D_EQ	SSO	D_EQ_ECP	DE_TTKOM_ECP	TTKOM.E	30/10/2026	0.88	1.08	-18.52	0	0	0	0	0	0	0	0	0	700	0					
06/10/2026	O_TTKOME1026C60.00	TTKOM_10/2026_AVRUPA_OPSIYON	D_EQ	SSO	D_EQ_ECP	DE_TTKOM_ECP	TTKOM.E	30/10/2026	0.53	0.67	-20.9	0	0	0	0	0	0	0	0	0	580	0					
06/10/2026	O_TTKOME1026C62.00	TTKOM_10/2026_AVRUPA_OPSIYON	D_EQ	SSO	D_EQ_ECP	DE_TTKOM_ECP	TTKOM.E	30/10/2026	0.32	0.41	-21.95	0	0	0	0	0	0	0	0	0	2185	0					
06/10/2026	O_TTKOME1026C64.00	TTKOM_10/2026_AVRUPA_OPSIYON	D_EQ	SSO	D_EQ_ECP	DE_TTKOM_ECP	TTKOM.E	30/10/2026	0.19	0.24	-20.83	0	0	0	0	0	0	0	0	0	3	0					
06/10/2026	O_TTKOME1026C66.00	TTKOM_10/2026_AVRUPA_OPSIYON	D_EQ	SSO	D_EQ_ECP	DE_TTKOM_ECP	TTKOM.E	30/10/2026	0.12	0.15	-20	0	0	0	0	0	0	0	0	0	10	0					
06/10/2026	O_TTKOME1026C68.00	TTKOM_10/2026_AVRUPA_OPSIYON	D_EQ	SSO	D_EQ_ECP	DE_TTKOM_ECP	TTKOM.E	30/10/2026	0.07	0.09	-22.22	0	0	0	0	0	0	0	0	0	0	0					
06/10/2026	O_TTKOME1026C70.00	TTKOM_10/2026_AVRUPA_OPSIYON	D_EQ	SSO	D_EQ_ECP	DE_TTKOM_ECP	TTKOM.E	30/10/2026	0.04	0.05	-20	0	0	0	0	0	0	0	0	0	0	0					
06/10/2026	O_TTKOME1026C72.00	TTKOM_10/2026_AVRUPA_OPSIYON	D_EQ	SSO	D_EQ_ECP	DE_TTKOM_ECP	TTKOM.E	30/10/2026	0.03	0.03	0	0	0	0	0	0	0	0	0	0	0	0					
06/10/2026	O_TTKOME1026C74.00	TTKOM_10/2026_AVRUPA_OPSIYON	D_EQ	SSO	D_EQ_ECP	DE_TTKOM_ECP	TTKOM.E	30/10/2026	0.02	0.02	0	0	0	0	0	0	0	0	0	0	0	0					
06/10/2026	O_TTKOME1026C76.00	TTKOM_10/2026_AVRUPA_OPSIYON	D_EQ	SSO	D_EQ_ECP	DE_TTKOM_ECP	TTKOM.E	30/10/2026	0.01	0.01	0	0	0	0	0	0	0	0	0	0	0	0					
06/10/2026	O_TTKOME1026P45.00	TTKOM_10/2026_AVRUPA_OPSIYON	D_EQ	SSO	D_EQ_EPP	DE_TTKOM_EPP	TTKOM.E	30/10/2026	0.08	0.07	14.29	0	0	0	0	0	0	0	0	0	0	0					
06/10/2026	O_TTKOME1026P46.00	TTKOM_10/2026_AVRUPA_OPSIYON	D_EQ	SSO	D_EQ_EPP	DE_TTKOM_EPP	TTKOM.E	30/10/2026	0.13	0.11	18.18	0	0	0	0	0	0	0	0	0	153	0					
06/10/2026	O_TTKOME1026P47.00	TTKOM_10/2026_AVRUPA_OPSIYON	D_EQ	SSO	D_EQ_EPP	DE_TTKOM_EPP	TTKOM.E	30/10/2026	0.19	0.16	18.75	0	0	0	0	0	0	0	0	0	24	0					
06/10/2026	O_TTKOME1026P48.00	TTKOM_10/2026_AVRUPA_OPSIYON	D_EQ	SSO	D_EQ_EPP	DE_TTKOM_EPP	TTKOM.E	30/10/2026	0.28	0.24	16.67	0	0	0	0	0	0	0	0	0	161	0					
06/10/2026	O_TTKOME1026P49.00	TTKOM_10/2026_AVRUPA_OPSIYON	D_EQ	SSO	D_EQ_EPP	DE_TTKOM_EPP	TTKOM.E	30/10/2026	0.4	0.35	14.29	0	0	0	0	0	0	0	0	0	13996	0					
06/10/2026	O_TTKOME1026P50.00	TTKOM_10/2026_AVRUPA_OPSIYON	D_EQ	SSO	D_EQ_EPP	DE_TTKOM_EPP	TTKOM.E	30/10/2026	0.57	0.5	14	0	0	0	0	0	0	0	0	0	3962	0					
06/10/2026	O_TTKOME1026P52.00	TTKOM_10/2026_AVRUPA_OPSIYON	D_EQ	SSO	D_EQ_EPP	DE_TTKOM_EPP	TTKOM.E	30/10/2026	1.06	0.92	15.22	0	0	0	0	0	0	0	0	0	4	0					
06/10/2026	O_TTKOME1026P54.00	TTKOM_10/2026_AVRUPA_OPSIYON	D_EQ	SSO	D_EQ_EPP	DE_TTKOM_EPP	TTKOM.E	30/10/2026	1.85	1.64	12.8	0	0	0	0	0	0	0	0	0	150	0					
06/10/2026	O_TTKOME1026P56.00	TTKOM_10/2026_AVRUPA_OPSIYON	D_EQ	SSO	D_EQ_EPP	DE_TTKOM_EPP	TTKOM.E	30/10/2026	2.96	2.64	12.12	2.72	2.72	2.74	2.74	2.73	560000	27300	100	2	3000	-50					
06/10/2026	O_TTKOME1026P58.00	TTKOM_10/2026_AVRUPA_OPSIYON	D_EQ	SSO	D_EQ_EPP	DE_TTKOM_EPP	TTKOM.E	30/10/2026	4.35	3.94	10.41	4.05	3.96	4.12	3.96	4.04	1832800	127539	316	7	291	66					
06/10/2026	O_TTKOME1026P60.00	TTKOM_10/2026_AVRUPA_OPSIYON	D_EQ	SSO	D_EQ_EPP	DE_TTKOM_EPP	TTKOM.E	30/10/2026	5.95	5.48	8.58	0	0	0	0	0	0	0	0	0	350	0					
06/10/2026	O_TTKOME1026P62.00	TTKOM_10/2026_AVRUPA_OPSIYON	D_EQ	SSO	D_EQ_EPP	DE_TTKOM_EPP	TTKOM.E	30/10/2026	7.69	7.16	7.4	0	0	0	0	0	0	0	0	0	0	0					
06/10/2026	O_TTKOME1026P64.00	TTKOM_10/2026_AVRUPA_OPSIYON	D_EQ	SSO	D_EQ_EPP	DE_TTKOM_EPP	TTKOM.E	30/10/2026	9.51	8.95	6.26	0	0	0	0	0	0	0	0	0	200	0					
06/10/2026	O_TTKOME1026P66.00	TTKOM_10/2026_AVRUPA_OPSIYON	D_EQ	SSO	D_EQ_EPP	DE_TTKOM_EPP	TTKOM.E	30/10/2026	11.39	10.8	5.46	0	0	0	0	0	0	0	0	0	170	0					
06/10/2026	O_TTKOME1126C52.00	TTKOM_11/2026_AVRUPA_OPSIYON	D_EQ	SSO	D_EQ_ECP	DE_TTKOM_ECP	TTKOM.E	30/11/2026	5.47	5.95	-8.07	0	0	0	0	0	0	0	0	0	0	0					
06/10/2026	O_TTKOME1126C54.00	TTKOM_11/2026_AVRUPA_OPSIYON	D_EQ	SSO	D_EQ_ECP	DE_TTKOM_ECP	TTKOM.E	30/11/2026	4.25	4.66	-8.8	0	0	0	0	0	0	0	0	0	0	0					
06/10/2026	O_TTKOME1126C56.00	TTKOM_11/2026_AVRUPA_OPSIYON	D_EQ	SSO	D_EQ_ECP	DE_TTKOM_ECP	TTKOM.E	30/11/2026	3.24	3.59	-9.75	0	0	0	0	0	0	0	0	0	0	0					
06/10/2026	O_TTKOME1126C58.00	TTKOM_11/2026_AVRUPA_OPSIYON	D_EQ	SSO	D_EQ_ECP	DE_TTKOM_ECP	TTKOM.E	30/11/2026	2.44	2.73	-10.62	0	0	0	0	0	0	0	0	0	0	0					
06/10/2026	O_TTKOME1126C60.00	TTKOM_11/2026_AVRUPA_OPSIYON	D_EQ	SSO	D_EQ_ECP	DE_TTKOM_ECP	TTKOM.E	30/11/2026	1.86	2.08	-10.58	0	0	0	0	0	0	0	0	0	0	0					
06/10/2026	O_TTKOME1126C62.00	TTKOM_11/2026_AVRUPA_OPSIYON	D_EQ	SSO	D_EQ_ECP	DE_TTKOM_ECP	TTKOM.E	30/11/2026	1.43	1.59	-10.06	0	0	0	0	0	0	0	0	0	0	0					
06/10/2026	O_TTKOME1126C64.00	TTKOM_11/2026_AVRUPA_OPSIYON	D_EQ	SSO	D_EQ_ECP	DE_TTKOM_ECP	TTKOM.E	30/11/2026	1.1	1.22	-9.84	0	0	0	0	0	0	0	0	0	0	0					
06/10/2026	O_TTKOME1126C66.00	TTKOM_11/2026_AVRUPA_OPSIYON	D_EQ	SSO	D_EQ_ECP	DE_TTKOM_ECP	TTKOM.E	30/11/2026	0.85	0.94	-9.57	0	0	0	0	0	0	0	0	0	0	0					
06/10/2026	O_TTKOME1126C68.00	TTKOM_11/2026_AVRUPA_OPSIYON	D_EQ	SSO	D_EQ_ECP	DE_TTKOM_ECP	TTKOM.E	30/11/2026	0.66	0.73	-9.59	0	0	0	0	0	0	0	0	0	1	0					
06/10/2026	O_TTKOME1126C70.00	TTKOM_11/2026_AVRUPA_OPSIYON	D_EQ	SSO	D_EQ_ECP	DE_TTKOM_ECP	TTKOM.E	30/11/2026	0.52	0.57	-8.77	0	0	0	0	0	0	0	0	0	0	0					
06/10/2026	O_TTKOME1126C72.00	TTKOM_11/2026_AVRUPA_OPSIYON	D_EQ	SSO	D_EQ_ECP	DE_TTKOM_ECP	TTKOM.E	30/11/2026	0.41	0.45	-8.89	0	0	0	0	0	0	0	0	0	0	0					
06/10/2026	O_TTKOME1126C74.00	TTKOM_11/2026_AVRUPA_OPSIYON	D_EQ	SSO	D_EQ_ECP	DE_TTKOM_ECP	TTKOM.E	30/11/2026	0.33	0.35	-5.71	0	0	0	0	0	0	0	0	0	0	0					
06/10/2026	O_TTKOME1126C76.00	TTKOM_11/2026_AVRUPA_OPSIYON	D_EQ	SSO	D_EQ_ECP	DE_TTKOM_ECP	TTKOM.E	30/11/2026	0.27	0.28	-3.57	0	0	0	0	0	0	0	0	0	0	0					
06/10/2026	O_TTKOME1126C78.00	TTKOM_11/2026_AVRUPA_OPSIYON	D_EQ	SSO	D_EQ_ECP	DE_TTKOM_ECP	TTKOM.E	30/11/2026	0.22	0.23	-4.35	0	0	0	0	0	0	0	0	0	0	0					
06/10/2026	O_TTKOME1126P46.00	TTKOM_11/2026_AVRUPA_OPSIYON	D_EQ	SSO	D_EQ_EPP	DE_TTKOM_EPP	TTKOM.E	30/11/2026	0.42	0.37	13.51	0	0	0	0	0	0	0	0	0	40	0					
06/10/2026	O_TTKOME1126P47.00	TTKOM_11/2026_AVRUPA_OPSIYON	D_EQ	SSO	D_EQ_EPP	DE_TTKOM_EPP	TTKOM.E	30/11/2026	0.53	0.47	12.77	0	0	0	0	0	0	0	0	0	0	0					
06/10/2026	O_TTKOME1126P48.00	TTKOM_11/2026_AVRUPA_OPSIYON	D_EQ	SSO	D_EQ_EPP	DE_TTKOM_EPP	TTKOM.E	30/11/2026	0.66	0.59	11.86	0	0	0	0	0	0	0	0	0	0	0					
06/10/2026	O_TTKOME1126P49.00	TTKOM_11/2026_AVRUPA_OPSIYON	D_EQ	SSO	D_EQ_EPP	DE_TTKOM_EPP	TTKOM.E	30/11/2026	0.82	0.74	10.81	0	0	0	0	0	0	0	0	0	20000	0					
06/10/2026	O_TTKOME1126P50.00	TTKOM_11/2026_AVRUPA_OPSIYON	D_EQ	SSO	D_EQ_EPP	DE_TTKOM_EPP	TTKOM.E	30/11/2026	1	0.91	9.89	0	0	0	0	0	0	0	0	0	0	0					
06/10/2026	O_TTKOME1126P52.00	TTKOM_11/2026_AVRUPA_OPSIYON	D_EQ	SSO	D_EQ_EPP	DE_TTKOM_EPP	TTKOM.E	30/11/2026	1.47	1.35	8.89	0	0	0	0	0	0	0	0	0	0	0					
06/10/2026	O_TTKOME1126P54.00	TTKOM_11/2026_AVRUPA_OPSIYON	D_EQ	SSO	D_EQ_EPP	DE_TTKOM_EPP	TTKOM.E	30/11/2026	2.14	1.96	9.18	0	0	0	0	0	0	0	0	0	0	0					
06/10/2026	O_TTKOME1126P56.00	TTKOM_11/2026_AVRUPA_OPSIYON	D_EQ	SSO	D_EQ_EPP	DE_TTKOM_EPP	TTKOM.E	30/11/2026	3.02	2.77	9.03	0	0	0	0	0	0	0	0	0	0	0					
06/10/2026	O_TTKOME1126P58.00	TTKOM_11/2026_AVRUPA_OPSIYON	D_EQ	SSO	D_EQ_EPP	DE_TTKOM_EPP	TTKOM.E	30/11/2026	4.11	3.8	8.16	0	0	0	0	0	0	0	0	0	0	0					
06/10/2026	O_TTKOME1126P60.00	TTKOM_11/2026_AVRUPA_OPSIYON	D_EQ	SSO	D_EQ_EPP	DE_TTKOM_EPP	TTKOM.E	30/11/2026	5.42	5.03	7.75	0	0	0	0	0	0	0	0	0	0	0					
06/10/2026	O_TTKOME1126P62.00	TTKOM_11/2026_AVRUPA_OPSIYON	D_EQ	SSO	D_EQ_EPP	DE_TTKOM_EPP	TTKOM.E	30/11/2026	6.88	6.43	7	6.8	6.8	6.8	6.8	6.8	465000	51000	75	3	75	75					
06/10/2026	O_TTKOME1126P64.00	TTKOM_11/2026_AVRUPA_OPSIYON	D_EQ	SSO	D_EQ_EPP	DE_TTKOM_EPP	TTKOM.E	30/11/2026	8.44	7.95	6.16	0	0	0	0	0	0	0	0	0	0	0					
06/10/2026	O_TTKOME1126P66.00	TTKOM_11/2026_AVRUPA_OPSIYON	D_EQ	SSO	D_EQ_EPP	DE_TTKOM_EPP	TTKOM.E	30/11/2026	10.08	9.56	5.44	0	0	0	0	0	0	0	0	0	0	0					
06/10/2026	O_TTKOME1126P68.00	TTKOM_11/2026_AVRUPA_OPSIYON	D_EQ	SSO	D_EQ_EPP	DE_TTKOM_EPP	TTKOM.E	30/11/2026	11.78	11.23	4.9	0	0	0	0	0	0	0	0	0	0	0					
06/10/2026	O_TTKOME1226C54.00	TTKOM_12/2026_AVRUPA_OPSIYON	D_EQ	SSO	D_EQ_ECP	DE_TTKOM_ECP	TTKOM.E	31/12/2026	6.54	7.02	-6.84	0	0	0	0	0	0	0	0	0	0	0					
06/10/2026	O_TTKOME1226C56.00	TTKOM_12/2026_AVRUPA_OPSIYON	D_EQ	SSO	D_EQ_ECP	DE_TTKOM_ECP	TTKOM.E	31/12/2026	5.41	5.83	-7.2	0	0	0	0	0	0	0	0	0	0	0					
06/10/2026	O_TTKOME1226C58.00	TTKOM_12/2026_AVRUPA_OPSIYON	D_EQ	SSO	D_EQ_ECP	DE_TTKOM_ECP	TTKOM.E	31/12/2026	4.44	4.81	-7.69	0	0	0	0	0	0	0	0	0	0	0					
06/10/2026	O_TTKOME1226C60.00	TTKOM_12/2026_AVRUPA_OPSIYON	D_EQ	SSO	D_EQ_ECP	DE_TTKOM_ECP	TTKOM.E	31/12/2026	3.63	3.94	-7.87	0	0	0	0	0	0	0	0	0	0	0					
06/10/2026	O_TTKOME1226C62.00	TTKOM_12/2026_AVRUPA_OPSIYON	D_EQ	SSO	D_EQ_ECP	DE_TTKOM_ECP	TTKOM.E	31/12/2026	3.03	3.27	-7.34	0	0	0	0	0	0	0	0	0	0	0					
06/10/2026	O_TTKOME1226C64.00	TTKOM_12/2026_AVRUPA_OPSIYON	D_EQ	SSO	D_EQ_ECP	DE_TTKOM_ECP	TTKOM.E	31/12/2026	2.53	2.73	-7.33	0	0	0	0	0	0	0	0	0	0	0					
06/10/2026	O_TTKOME1226C66.00	TTKOM_12/2026_AVRUPA_OPSIYON	D_EQ	SSO	D_EQ_ECP	DE_TTKOM_ECP	TTKOM.E	31/12/2026	2.13	2.29	-6.99	0	0	0	0	0	0	0	0	0	0	0					
06/10/2026	O_TTKOME1226C68.00	TTKOM_12/2026_AVRUPA_OPSIYON	D_EQ	SSO	D_EQ_ECP	DE_TTKOM_ECP	TTKOM.E	31/12/2026	1.79	1.92	-6.77	0	0	0	0	0	0	0	0	0	0	0					
06/10/2026	O_TTKOME1226C70.00	TTKOM_12/2026_AVRUPA_OPSIYON	D_EQ	SSO	D_EQ_ECP	DE_TTKOM_ECP	TTKOM.E	31/12/2026	1.52		0	0	0	0	0	0	0	0	0	0	0	0					
06/10/2026	O_TTKOME1226P47.00	TTKOM_12/2026_AVRUPA_OPSIYON	D_EQ	SSO	D_EQ_EPP	DE_TTKOM_EPP	TTKOM.E	31/12/2026	0.64	0.57	12.28	0	0	0	0	0	0	0	0	0	0	0					
06/10/2026	O_TTKOME1226P48.00	TTKOM_12/2026_AVRUPA_OPSIYON	D_EQ	SSO	D_EQ_EPP	DE_TTKOM_EPP	TTKOM.E	31/12/2026	0.76	0.69	10.14	0	0	0	0	0	0	0	0	0	0	0					
06/10/2026	O_TTKOME1226P49.00	TTKOM_12/2026_AVRUPA_OPSIYON	D_EQ	SSO	D_EQ_EPP	DE_TTKOM_EPP	TTKOM.E	31/12/2026	0.89	0.81	9.88	0	0	0	0	0	0	0	0	0	0	0					
06/10/2026	O_TTKOME1226P50.00	TTKOM_12/2026_AVRUPA_OPSIYON	D_EQ	SSO	D_EQ_EPP	DE_TTKOM_EPP	TTKOM.E	31/12/2026	1.05	0.96	9.38	0	0	0	0	0	0	0	0	0	0	0					
06/10/2026	O_TTKOME1226P52.00	TTKOM_12/2026_AVRUPA_OPSIYON	D_EQ	SSO	D_EQ_EPP	DE_TTKOM_EPP	TTKOM.E	31/12/2026	1.42	1.32	7.58	0	0	0	0	0	0	0	0	0	0	0					
06/10/2026	O_TTKOME1226P54.00	TTKOM_12/2026_AVRUPA_OPSIYON	D_EQ	SSO	D_EQ_EPP	DE_TTKOM_EPP	TTKOM.E	31/12/2026	1.89	1.76	7.39	0	0	0	0	0	0	0	0	0	0	0					
06/10/2026	O_TTKOME1226P56.00	TTKOM_12/2026_AVRUPA_OPSIYON	D_EQ	SSO	D_EQ_EPP	DE_TTKOM_EPP	TTKOM.E	31/12/2026	2.56	2.37	8.02	0	0	0	0	0	0	0	0	0	0	0					
06/10/2026	O_TTKOME1226P58.00	TTKOM_12/2026_AVRUPA_OPSIYON	D_EQ	SSO	D_EQ_EPP	DE_TTKOM_EPP	TTKOM.E	31/12/2026	3.38	3.13	7.99	0	0	0	0	0	0	0	0	0	0	0					
06/10/2026	O_TTKOME1226P60.00	TTKOM_12/2026_AVRUPA_OPSIYON	D_EQ	SSO	D_EQ_EPP	DE_TTKOM_EPP	TTKOM.E	31/12/2026	4.37		0	0	0	0	0	0	0	0	0	0	0	0					
06/10/2026	O_TUPRSE1026C300.00	TUPRS_10/2026_AVRUPA_OPSIYON	D_EQ	SSO	D_EQ_ECP	DE_TUPRS_ECP	TUPRS.E	30/10/2026	86.77	99.02	-12.37	0	0	0	0	0	0	0	0	0	0	0					
06/10/2026	O_TUPRSE1026C310.00	TUPRS_10/2026_AVRUPA_OPSIYON	D_EQ	SSO	D_EQ_ECP	DE_TUPRS_ECP	TUPRS.E	30/10/2026	77.18	89.36	-13.63	0	0	0	0	0	0	0	0	0	0	0					
06/10/2026	O_TUPRSE1026C320.00	TUPRS_10/2026_AVRUPA_OPSIYON	D_EQ	SSO	D_EQ_ECP	DE_TUPRS_ECP	TUPRS.E	30/10/2026	67.73	79.8	-15.13	0	0	0	0	0	0	0	0	0	0	0					
06/10/2026	O_TUPRSE1026C330.00	TUPRS_10/2026_AVRUPA_OPSIYON	D_EQ	SSO	D_EQ_ECP	DE_TUPRS_ECP	TUPRS.E	30/10/2026	58.54	70.38	-16.82	0	0	0	0	0	0	0	0	0	0	0					
06/10/2026	O_TUPRSE1026C340.00	TUPRS_10/2026_AVRUPA_OPSIYON	D_EQ	SSO	D_EQ_ECP	DE_TUPRS_ECP	TUPRS.E	30/10/2026	49.72	61.22	-18.78	0	0	0	0	0	0	0	0	0	0	0					
06/10/2026	O_TUPRSE1026C350.00	TUPRS_10/2026_AVRUPA_OPSIYON	D_EQ	SSO	D_EQ_ECP	DE_TUPRS_ECP	TUPRS.E	30/10/2026	41.41	52.41	-20.99	0	0	0	0	0	0	0	0	0	0	0					
06/10/2026	O_TUPRSE1026C360.00	TUPRS_10/2026_AVRUPA_OPSIYON	D_EQ	SSO	D_EQ_ECP	DE_TUPRS_ECP	TUPRS.E	30/10/2026	33.77	44.09	-23.41	0	0	0	0	0	0	0	0	0	0	0					
06/10/2026	O_TUPRSE1026C370.00	TUPRS_10/2026_AVRUPA_OPSIYON	D_EQ	SSO	D_EQ_ECP	DE_TUPRS_ECP	TUPRS.E	30/10/2026	26.92	36.38	-26	0	0	0	0	0	0	0	0	0	78	0					
06/10/2026	O_TUPRSE1026C380.00	TUPRS_10/2026_AVRUPA_OPSIYON	D_EQ	SSO	D_EQ_ECP	DE_TUPRS_ECP	TUPRS.E	30/10/2026	20.97	29.42	-28.72	22.8	22.8	22.8	22.8	22.8	380000	22800	10	1	13	10					
06/10/2026	O_TUPRSE1026C390.00	TUPRS_10/2026_AVRUPA_OPSIYON	D_EQ	SSO	D_EQ_ECP	DE_TUPRS_ECP	TUPRS.E	30/10/2026	15.94	23.3	-31.59	17.42	16.7	17.5	16.7	17.09	2340000	102520	60	6	135	60					
06/10/2026	O_TUPRSE1026C400.00	TUPRS_10/2026_AVRUPA_OPSIYON	D_EQ	SSO	D_EQ_ECP	DE_TUPRS_ECP	TUPRS.E	30/10/2026	11.84	18.06	-34.44	0	0	0	0	0	0	0	0	0	11	0					
06/10/2026	O_TUPRSE1026C410.00	TUPRS_10/2026_AVRUPA_OPSIYON	D_EQ	SSO	D_EQ_ECP	DE_TUPRS_ECP	TUPRS.E	30/10/2026	8.59	13.71	-37.35	0	0	0	0	0	0	0	0	0	360	0					
06/10/2026	O_TUPRSE1026C420.00	TUPRS_10/2026_AVRUPA_OPSIYON	D_EQ	SSO	D_EQ_ECP	DE_TUPRS_ECP	TUPRS.E	30/10/2026	6.11	10.19	-40.04	0	0	0	0	0	0	0	0	0	1000	0					
06/10/2026	O_TUPRSE1026C430.00	TUPRS_10/2026_AVRUPA_OPSIYON	D_EQ	SSO	D_EQ_ECP	DE_TUPRS_ECP	TUPRS.E	30/10/2026	4.25	7.44	-42.88	0	0	0	0	0	0	0	0	0	48	0					
06/10/2026	O_TUPRSE1026C440.00	TUPRS_10/2026_AVRUPA_OPSIYON	D_EQ	SSO	D_EQ_ECP	DE_TUPRS_ECP	TUPRS.E	30/10/2026	2.89	5.33	-45.78	0	0	0	0	0	0	0	0	0	70	0					
06/10/2026	O_TUPRSE1026C450.00	TUPRS_10/2026_AVRUPA_OPSIYON	D_EQ	SSO	D_EQ_ECP	DE_TUPRS_ECP	TUPRS.E	30/10/2026	1.93	3.74	-48.4	0	0	0	0	0	0	0	0	0	137	0					
06/10/2026	O_TUPRSE1026C460.00	TUPRS_10/2026_AVRUPA_OPSIYON	D_EQ	SSO	D_EQ_ECP	DE_TUPRS_ECP	TUPRS.E	30/10/2026	1.27	2.59	-50.97	0	0	0	0	0	0	0	0	0	115	0					
06/10/2026	O_TUPRSE1026C470.00	TUPRS_10/2026_AVRUPA_OPSIYON	D_EQ	SSO	D_EQ_ECP	DE_TUPRS_ECP	TUPRS.E	30/10/2026	0.82	1.76	-53.41	0	0	0	0	0	0	0	0	0	108	0					
06/10/2026	O_TUPRSE1026C480.00	TUPRS_10/2026_AVRUPA_OPSIYON	D_EQ	SSO	D_EQ_ECP	DE_TUPRS_ECP	TUPRS.E	30/10/2026	0.52	1.18	-55.93	0	0	0	0	0	0	0	0	0	50	0					
06/10/2026	O_TUPRSE1026C490.00	TUPRS_10/2026_AVRUPA_OPSIYON	D_EQ	SSO	D_EQ_ECP	DE_TUPRS_ECP	TUPRS.E	30/10/2026	0.32	0.78	-58.97	0	0	0	0	0	0	0	0	0	142	0					
06/10/2026	O_TUPRSE1026P250.00	TUPRS_10/2026_AVRUPA_OPSIYON	D_EQ	SSO	D_EQ_EPP	DE_TUPRS_EPP	TUPRS.E	30/10/2026	0.01	0.01	0	0	0	0	0	0	0	0	0	0	0	0					
06/10/2026	O_TUPRSE1026P260.00	TUPRS_10/2026_AVRUPA_OPSIYON	D_EQ	SSO	D_EQ_EPP	DE_TUPRS_EPP	TUPRS.E	30/10/2026	0.01	0.01	0	0	0	0	0	0	0	0	0	0	0	0					
06/10/2026	O_TUPRSE1026P270.00	TUPRS_10/2026_AVRUPA_OPSIYON	D_EQ	SSO	D_EQ_EPP	DE_TUPRS_EPP	TUPRS.E	30/10/2026	0.01	0.01	0	0	0	0	0	0	0	0	0	0	0	0					
06/10/2026	O_TUPRSE1026P280.00	TUPRS_10/2026_AVRUPA_OPSIYON	D_EQ	SSO	D_EQ_EPP	DE_TUPRS_EPP	TUPRS.E	30/10/2026	0.02	0.01	100	0	0	0	0	0	0	0	0	0	0	0					
06/10/2026	O_TUPRSE1026P290.00	TUPRS_10/2026_AVRUPA_OPSIYON	D_EQ	SSO	D_EQ_EPP	DE_TUPRS_EPP	TUPRS.E	30/10/2026	0.05	0.02	150	0	0	0	0	0	0	0	0	0	0	0					
06/10/2026	O_TUPRSE1026P300.00	TUPRS_10/2026_AVRUPA_OPSIYON	D_EQ	SSO	D_EQ_EPP	DE_TUPRS_EPP	TUPRS.E	30/10/2026	0.12	0.06	100	0	0	0	0	0	0	0	0	0	0	0					
06/10/2026	O_TUPRSE1026P310.00	TUPRS_10/2026_AVRUPA_OPSIYON	D_EQ	SSO	D_EQ_EPP	DE_TUPRS_EPP	TUPRS.E	30/10/2026	0.28	0.15	86.67	0	0	0	0	0	0	0	0	0	0	0					
06/10/2026	O_TUPRSE1026P320.00	TUPRS_10/2026_AVRUPA_OPSIYON	D_EQ	SSO	D_EQ_EPP	DE_TUPRS_EPP	TUPRS.E	30/10/2026	0.59	0.32	84.38	0	0	0	0	0	0	0	0	0	0	0					
06/10/2026	O_TUPRSE1026P330.00	TUPRS_10/2026_AVRUPA_OPSIYON	D_EQ	SSO	D_EQ_EPP	DE_TUPRS_EPP	TUPRS.E	30/10/2026	1.14	0.66	72.73	0	0	0	0	0	0	0	0	0	55	0					
06/10/2026	O_TUPRSE1026P340.00	TUPRS_10/2026_AVRUPA_OPSIYON	D_EQ	SSO	D_EQ_EPP	DE_TUPRS_EPP	TUPRS.E	30/10/2026	2.08	1.23	69.11	0	0	0	0	0	0	0	0	0	78	0					
06/10/2026	O_TUPRSE1026P350.00	TUPRS_10/2026_AVRUPA_OPSIYON	D_EQ	SSO	D_EQ_EPP	DE_TUPRS_EPP	TUPRS.E	30/10/2026	3.53	2.17	62.67	3.9	3.9	4	4	3.98	1505000	17100	43	5	10	-25					
06/10/2026	O_TUPRSE1026P360.00	TUPRS_10/2026_AVRUPA_OPSIYON	D_EQ	SSO	D_EQ_EPP	DE_TUPRS_EPP	TUPRS.E	30/10/2026	5.63	3.59	56.82	6.4	6.01	6.6	6.01	6.27	7200000	125440	200	11	40	-30					
06/10/2026	O_TUPRSE1026P370.00	TUPRS_10/2026_AVRUPA_OPSIYON	D_EQ	SSO	D_EQ_EPP	DE_TUPRS_EPP	TUPRS.E	30/10/2026	8.54	5.63	51.69	9.2	9.2	9.5	9.5	9.4	1110000	28200	30	3	110	0					
06/10/2026	O_TUPRSE1026P380.00	TUPRS_10/2026_AVRUPA_OPSIYON	D_EQ	SSO	D_EQ_EPP	DE_TUPRS_EPP	TUPRS.E	30/10/2026	12.34	8.4	46.9	12.49	12.49	12.49	12.49	12.49	76000	2498	2	1	355	-2					
06/10/2026	O_TUPRSE1026P390.00	TUPRS_10/2026_AVRUPA_OPSIYON	D_EQ	SSO	D_EQ_EPP	DE_TUPRS_EPP	TUPRS.E	30/10/2026	17.07	12.03	41.9	16.48	16.48	17.2	17.2	16.64	1950000	83180	50	5	79	50					
06/10/2026	O_TUPRSE1026P400.00	TUPRS_10/2026_AVRUPA_OPSIYON	D_EQ	SSO	D_EQ_EPP	DE_TUPRS_EPP	TUPRS.E	30/10/2026	22.72	16.53	37.45	0	0	0	0	0	0	0	0	0	65	0					
06/10/2026	O_TUPRSE1026P410.00	TUPRS_10/2026_AVRUPA_OPSIYON	D_EQ	SSO	D_EQ_EPP	DE_TUPRS_EPP	TUPRS.E	30/10/2026	29.23	21.93	33.29	27.78	27.78	29.8	29.77	29.58	2009000	144928	49	9	220	37					
06/10/2026	O_TUPRSE1026P420.00	TUPRS_10/2026_AVRUPA_OPSIYON	D_EQ	SSO	D_EQ_EPP	DE_TUPRS_EPP	TUPRS.E	30/10/2026	36.49	28.15	29.63	0	0	0	0	0	0	0	0	0	116	0					
06/10/2026	O_TUPRSE1026P430.00	TUPRS_10/2026_AVRUPA_OPSIYON	D_EQ	SSO	D_EQ_EPP	DE_TUPRS_EPP	TUPRS.E	30/10/2026	44.39	35.14	26.32	0	0	0	0	0	0	0	0	0	84	0					
06/10/2026	O_TUPRSE1026P440.00	TUPRS_10/2026_AVRUPA_OPSIYON	D_EQ	SSO	D_EQ_EPP	DE_TUPRS_EPP	TUPRS.E	30/10/2026	52.78	42.77	23.4	0	0	0	0	0	0	0	0	0	38	0					
06/10/2026	O_TUPRSE1126C390.00	TUPRS_11/2026_AVRUPA_OPSIYON	D_EQ	SSO	D_EQ_ECP	DE_TUPRS_ECP	TUPRS.E	30/11/2026	30.43	38.52	-21	0	0	0	0	0	0	0	0	0	1	0					
06/10/2026	O_TUPRSE1126C400.00	TUPRS_11/2026_AVRUPA_OPSIYON	D_EQ	SSO	D_EQ_ECP	DE_TUPRS_ECP	TUPRS.E	30/11/2026	25.64	33.01	-22.33	24.5	24.5	24.5	24.5	24.5	40000	2450	1	1	10	0					
06/10/2026	O_TUPRSE1126C410.00	TUPRS_11/2026_AVRUPA_OPSIYON	D_EQ	SSO	D_EQ_ECP	DE_TUPRS_ECP	TUPRS.E	30/11/2026	21.43	28.05	-23.6	0	0	0	0	0	0	0	0	0	10	0					
06/10/2026	O_TUPRSE1126C420.00	TUPRS_11/2026_AVRUPA_OPSIYON	D_EQ	SSO	D_EQ_ECP	DE_TUPRS_ECP	TUPRS.E	30/11/2026	17.78	23.68	-24.92	0	0	0	0	0	0	0	0	0	10	0					
06/10/2026	O_TUPRSE1126C430.00	TUPRS_11/2026_AVRUPA_OPSIYON	D_EQ	SSO	D_EQ_ECP	DE_TUPRS_ECP	TUPRS.E	30/11/2026	14.67	19.84	-26.06	0	0	0	0	0	0	0	0	0	20	0					
06/10/2026	O_TUPRSE1126C440.00	TUPRS_11/2026_AVRUPA_OPSIYON	D_EQ	SSO	D_EQ_ECP	DE_TUPRS_ECP	TUPRS.E	30/11/2026	12.01	16.54	-27.39	0	0	0	0	0	0	0	0	0	0	0					
06/10/2026	O_TUPRSE1126C450.00	TUPRS_11/2026_AVRUPA_OPSIYON	D_EQ	SSO	D_EQ_ECP	DE_TUPRS_ECP	TUPRS.E	30/11/2026	9.78	13.71	-28.67	0	0	0	0	0	0	0	0	0	20	0					
06/10/2026	O_TUPRSE1126C460.00	TUPRS_11/2026_AVRUPA_OPSIYON	D_EQ	SSO	D_EQ_ECP	DE_TUPRS_ECP	TUPRS.E	30/11/2026	7.91	11.3	-30	0	0	0	0	0	0	0	0	0	0	0					
06/10/2026	O_TUPRSE1126C470.00	TUPRS_11/2026_AVRUPA_OPSIYON	D_EQ	SSO	D_EQ_ECP	DE_TUPRS_ECP	TUPRS.E	30/11/2026	6.36	9.26	-31.32	0	0	0	0	0	0	0	0	0	0	0					
06/10/2026	O_TUPRSE1126C480.00	TUPRS_11/2026_AVRUPA_OPSIYON	D_EQ	SSO	D_EQ_ECP	DE_TUPRS_ECP	TUPRS.E	30/11/2026	5.09	7.55	-32.58	0	0	0	0	0	0	0	0	0	10	0					
06/10/2026	O_TUPRSE1126C490.00	TUPRS_11/2026_AVRUPA_OPSIYON	D_EQ	SSO	D_EQ_ECP	DE_TUPRS_ECP	TUPRS.E	30/11/2026	4.05	6.12	-33.82	0	0	0	0	0	0	0	0	0	10	0					
06/10/2026	O_TUPRSE1126C500.00	TUPRS_11/2026_AVRUPA_OPSIYON	D_EQ	SSO	D_EQ_ECP	DE_TUPRS_ECP	TUPRS.E	30/11/2026	3.21	4.94	-35.02	0	0	0	0	0	0	0	0	0	0	0					
06/10/2026	O_TUPRSE1126C520.00	TUPRS_11/2026_AVRUPA_OPSIYON	D_EQ	SSO	D_EQ_ECP	DE_TUPRS_ECP	TUPRS.E	30/11/2026	1.99	3.18	-37.42	0	0	0	0	0	0	0	0	0	28	0					
06/10/2026	O_TUPRSE1126P340.00	TUPRS_11/2026_AVRUPA_OPSIYON	D_EQ	SSO	D_EQ_EPP	DE_TUPRS_EPP	TUPRS.E	30/11/2026	4.82	3.48	38.51	0	0	0	0	0	0	0	0	0	10	0					
06/10/2026	O_TUPRSE1126P350.00	TUPRS_11/2026_AVRUPA_OPSIYON	D_EQ	SSO	D_EQ_EPP	DE_TUPRS_EPP	TUPRS.E	30/11/2026	6.71	4.92	36.38	0	0	0	0	0	0	0	0	0	10	0					
06/10/2026	O_TUPRSE1126P360.00	TUPRS_11/2026_AVRUPA_OPSIYON	D_EQ	SSO	D_EQ_EPP	DE_TUPRS_EPP	TUPRS.E	30/11/2026	9.07	6.77	33.97	0	0	0	0	0	0	0	0	0	0	0					
06/10/2026	O_TUPRSE1126P370.00	TUPRS_11/2026_AVRUPA_OPSIYON	D_EQ	SSO	D_EQ_EPP	DE_TUPRS_EPP	TUPRS.E	30/11/2026	11.96	9.07	31.86	0	0	0	0	0	0	0	0	0	0	0					
06/10/2026	O_TUPRSE1126P380.00	TUPRS_11/2026_AVRUPA_OPSIYON	D_EQ	SSO	D_EQ_EPP	DE_TUPRS_EPP	TUPRS.E	30/11/2026	15.42	11.86	30.02	0	0	0	0	0	0	0	0	0	0	0					
06/10/2026	O_TUPRSE1126P390.00	TUPRS_11/2026_AVRUPA_OPSIYON	D_EQ	SSO	D_EQ_EPP	DE_TUPRS_EPP	TUPRS.E	30/11/2026	19.48	15.19	28.24	0	0	0	0	0	0	0	0	0	1	0					
06/10/2026	O_TUPRSE1126P400.00	TUPRS_11/2026_AVRUPA_OPSIYON	D_EQ	SSO	D_EQ_EPP	DE_TUPRS_EPP	TUPRS.E	30/11/2026	24.13	19.11	26.27	0	0	0	0	0	0	0	0	0	10	0					
06/10/2026	O_TUPRSE1126P410.00	TUPRS_11/2026_AVRUPA_OPSIYON	D_EQ	SSO	D_EQ_EPP	DE_TUPRS_EPP	TUPRS.E	30/11/2026	29.36	23.58	24.51	0	0	0	0	0	0	0	0	0	18	0					
06/10/2026	O_TUPRSE1126P420.00	TUPRS_11/2026_AVRUPA_OPSIYON	D_EQ	SSO	D_EQ_EPP	DE_TUPRS_EPP	TUPRS.E	30/11/2026	35.16	28.64	22.77	0	0	0	0	0	0	0	0	0	18	0					
06/10/2026	O_TUPRSE1126P430.00	TUPRS_11/2026_AVRUPA_OPSIYON	D_EQ	SSO	D_EQ_EPP	DE_TUPRS_EPP	TUPRS.E	30/11/2026	41.49	34.23	21.21	0	0	0	0	0	0	0	0	0	20	0					
06/10/2026	O_TUPRSE1126P440.00	TUPRS_11/2026_AVRUPA_OPSIYON	D_EQ	SSO	D_EQ_EPP	DE_TUPRS_EPP	TUPRS.E	30/11/2026	48.28	40.37	19.59	0	0	0	0	0	0	0	0	0	28	0					
06/10/2026	O_TUPRSE1126P450.00	TUPRS_11/2026_AVRUPA_OPSIYON	D_EQ	SSO	D_EQ_EPP	DE_TUPRS_EPP	TUPRS.E	30/11/2026	55.48	46.98	18.09	0	0	0	0	0	0	0	0	0	28	0					
06/10/2026	O_TUPRSE1126P460.00	TUPRS_11/2026_AVRUPA_OPSIYON	D_EQ	SSO	D_EQ_EPP	DE_TUPRS_EPP	TUPRS.E	30/11/2026	63.06	54	16.78	0	0	0	0	0	0	0	0	0	0	0					
06/10/2026	O_TUPRSE1226C400.00	TUPRS_12/2026_AVRUPA_OPSIYON	D_EQ	SSO	D_EQ_ECP	DE_TUPRS_ECP	TUPRS.E	31/12/2026	41.56	50.05	-16.96	0	0	0	0	0	0	0	0	0	0	0					
06/10/2026	O_TUPRSE1226C410.00	TUPRS_12/2026_AVRUPA_OPSIYON	D_EQ	SSO	D_EQ_ECP	DE_TUPRS_ECP	TUPRS.E	31/12/2026	36.7	44.64	-17.79	0	0	0	0	0	0	0	0	0	0	0					
06/10/2026	O_TUPRSE1226C420.00	TUPRS_12/2026_AVRUPA_OPSIYON	D_EQ	SSO	D_EQ_ECP	DE_TUPRS_ECP	TUPRS.E	31/12/2026	32.27	39.64	-18.59	0	0	0	0	0	0	0	0	0	0	0					
06/10/2026	O_TUPRSE1226C430.00	TUPRS_12/2026_AVRUPA_OPSIYON	D_EQ	SSO	D_EQ_ECP	DE_TUPRS_ECP	TUPRS.E	31/12/2026	28.28	35.08	-19.38	0	0	0	0	0	0	0	0	0	0	0					
06/10/2026	O_TUPRSE1226C440.00	TUPRS_12/2026_AVRUPA_OPSIYON	D_EQ	SSO	D_EQ_ECP	DE_TUPRS_ECP	TUPRS.E	31/12/2026	24.72	30.93	-20.08	0	0	0	0	0	0	0	0	0	0	0					
06/10/2026	O_TUPRSE1226C450.00	TUPRS_12/2026_AVRUPA_OPSIYON	D_EQ	SSO	D_EQ_ECP	DE_TUPRS_ECP	TUPRS.E	31/12/2026	21.54	27.22	-20.87	0	0	0	0	0	0	0	0	0	0	0					
06/10/2026	O_TUPRSE1226C460.00	TUPRS_12/2026_AVRUPA_OPSIYON	D_EQ	SSO	D_EQ_ECP	DE_TUPRS_ECP	TUPRS.E	31/12/2026	18.7	23.88	-21.69	0	0	0	0	0	0	0	0	0	0	0					
06/10/2026	O_TUPRSE1226C470.00	TUPRS_12/2026_AVRUPA_OPSIYON	D_EQ	SSO	D_EQ_ECP	DE_TUPRS_ECP	TUPRS.E	31/12/2026	16.19	20.9	-22.54	0	0	0	0	0	0	0	0	0	0	0					
06/10/2026	O_TUPRSE1226C480.00	TUPRS_12/2026_AVRUPA_OPSIYON	D_EQ	SSO	D_EQ_ECP	DE_TUPRS_ECP	TUPRS.E	31/12/2026	13.98	18.23	-23.31	0	0	0	0	0	0	0	0	0	0	0					
06/10/2026	O_TUPRSE1226P350.00	TUPRS_12/2026_AVRUPA_OPSIYON	D_EQ	SSO	D_EQ_EPP	DE_TUPRS_EPP	TUPRS.E	31/12/2026	7.09	5.51	28.68	0	0	0	0	0	0	0	0	0	0	0					
06/10/2026	O_TUPRSE1226P360.00	TUPRS_12/2026_AVRUPA_OPSIYON	D_EQ	SSO	D_EQ_EPP	DE_TUPRS_EPP	TUPRS.E	31/12/2026	9.12	7.16	27.37	0	0	0	0	0	0	0	0	0	0	0					
06/10/2026	O_TUPRSE1226P370.00	TUPRS_12/2026_AVRUPA_OPSIYON	D_EQ	SSO	D_EQ_EPP	DE_TUPRS_EPP	TUPRS.E	31/12/2026	11.52	9.13	26.18	0	0	0	0	0	0	0	0	0	0	0					
06/10/2026	O_TUPRSE1226P380.00	TUPRS_12/2026_AVRUPA_OPSIYON	D_EQ	SSO	D_EQ_EPP	DE_TUPRS_EPP	TUPRS.E	31/12/2026	14.32	11.46	24.96	0	0	0	0	0	0	0	0	0	0	0					
06/10/2026	O_TUPRSE1226P390.00	TUPRS_12/2026_AVRUPA_OPSIYON	D_EQ	SSO	D_EQ_EPP	DE_TUPRS_EPP	TUPRS.E	31/12/2026	17.54	14.16	23.87	0	0	0	0	0	0	0	0	0	0	0					
06/10/2026	O_TUPRSE1226P400.00	TUPRS_12/2026_AVRUPA_OPSIYON	D_EQ	SSO	D_EQ_EPP	DE_TUPRS_EPP	TUPRS.E	31/12/2026	21.22	17.26	22.94	0	0	0	0	0	0	0	0	0	0	0					
06/10/2026	O_TUPRSE1226P410.00	TUPRS_12/2026_AVRUPA_OPSIYON	D_EQ	SSO	D_EQ_EPP	DE_TUPRS_EPP	TUPRS.E	31/12/2026	25.33	20.81	21.72	0	0	0	0	0	0	0	0	0	0	0					
06/10/2026	O_TUPRSE1226P420.00	TUPRS_12/2026_AVRUPA_OPSIYON	D_EQ	SSO	D_EQ_EPP	DE_TUPRS_EPP	TUPRS.E	31/12/2026	29.88	24.77	20.63	0	0	0	0	0	0	0	0	0	0	0					
06/10/2026	O_TUPRSE1226P430.00	TUPRS_12/2026_AVRUPA_OPSIYON	D_EQ	SSO	D_EQ_EPP	DE_TUPRS_EPP	TUPRS.E	31/12/2026	34.87	29.18	19.5	0	0	0	0	0	0	0	0	0	0	0					
06/10/2026	O_USDTRYKE1026C49000	USDTRY_10/2026_AVRUPA_OPSIYON	D_CR	CRO	D_CR_ECO	DE_USDTRYK_ECO	D_USDTRYK	30/10/2026	1029.9	1047.5	-1.68	0	0	0	0	0	0	0	0	0	0	0					
06/10/2026	O_USDTRYKE1026C49500	USDTRY_10/2026_AVRUPA_OPSIYON	D_CR	CRO	D_CR_ECO	DE_USDTRYK_ECO	D_USDTRYK	30/10/2026	619.3	636.8	-2.75	0	0	0	0	0	0	0	0	0	1171	0					
06/10/2026	O_USDTRYKE1026C51000	USDTRY_10/2026_AVRUPA_OPSIYON	D_CR	CRO	D_CR_ECO	DE_USDTRYK_ECO	D_USDTRYK	30/10/2026	149.2	174.7	-14.6	208.7	200	209.7	200	208.6	352002000	1439917.7	6902	38	74472	5319					
06/10/2026	O_USDTRYKE1026C53000	USDTRY_10/2026_AVRUPA_OPSIYON	D_CR	CRO	D_CR_ECO	DE_USDTRYK_ECO	D_USDTRYK	30/10/2026	82.9	98.9	-16.18	130	110	130	115	120.8	636000000	1450000	12000	23	9217	-6086					
06/10/2026	O_USDTRYKE1026C54000	USDTRY_10/2026_AVRUPA_OPSIYON	D_CR	CRO	D_CR_ECO	DE_USDTRYK_ECO	D_USDTRYK	30/10/2026	70	81.8	-14.43	0	0	0	0	0	0	0	0	0	26	0					
06/10/2026	O_USDTRYKE1026C55000	USDTRY_10/2026_AVRUPA_OPSIYON	D_CR	CRO	D_CR_ECO	DE_USDTRYK_ECO	D_USDTRYK	30/10/2026	63.5	72.6	-12.53	0	0	0	0	0	0	0	0	0	975	0					
06/10/2026	O_USDTRYKE1026C56000	USDTRY_10/2026_AVRUPA_OPSIYON	D_CR	CRO	D_CR_ECO	DE_USDTRYK_ECO	D_USDTRYK	30/10/2026	33.9	51.5	-34.17	0	0	0	0	0	0	0	0	0	50	0					
06/10/2026	O_USDTRYKE1026C57000	USDTRY_10/2026_AVRUPA_OPSIYON	D_CR	CRO	D_CR_ECO	DE_USDTRYK_ECO	D_USDTRYK	30/10/2026	15.2	25.3	-39.92	0	0	0	0	0	0	0	0	0	0	0					
06/10/2026	O_USDTRYKE1026C58000	USDTRY_10/2026_AVRUPA_OPSIYON	D_CR	CRO	D_CR_ECO	DE_USDTRYK_ECO	D_USDTRYK	30/10/2026	6.4	11.8	-45.76	0	0	0	0	0	0	0	0	0	20301	0					
06/10/2026	O_USDTRYKE1026C59000	USDTRY_10/2026_AVRUPA_OPSIYON	D_CR	CRO	D_CR_ECO	DE_USDTRYK_ECO	D_USDTRYK	30/10/2026	2.6	5.2	-50	0	0	0	0	0	0	0	0	0	10	0					
06/10/2026	O_USDTRYKE1026P46000	USDTRY_10/2026_AVRUPA_OPSIYON	D_CR	CRO	D_CR_EPO	DE_USDTRYK_EPO	D_USDTRYK	30/10/2026	0.1	0.1	0	0	0	0	0	0	0	0	0	0	0	0					
06/10/2026	O_USDTRYKE1026P46500	USDTRY_10/2026_AVRUPA_OPSIYON	D_CR	CRO	D_CR_EPO	DE_USDTRYK_EPO	D_USDTRYK	30/10/2026	0.1	0.1	0	0	0	0	0	0	0	0	0	0	0	0					
06/10/2026	O_USDTRYKE1026P47000	USDTRY_10/2026_AVRUPA_OPSIYON	D_CR	CRO	D_CR_EPO	DE_USDTRYK_EPO	D_USDTRYK	30/10/2026	0.1	0.1	0	0	0	0	0	0	0	0	0	0	0	0					
06/10/2026	O_USDTRYKE1026P47500	USDTRY_10/2026_AVRUPA_OPSIYON	D_CR	CRO	D_CR_EPO	DE_USDTRYK_EPO	D_USDTRYK	30/10/2026	0.1	0.1	0	0	0	0	0	0	0	0	0	0	0	0					
06/10/2026	O_USDTRYKE1026P48000	USDTRY_10/2026_AVRUPA_OPSIYON	D_CR	CRO	D_CR_EPO	DE_USDTRYK_EPO	D_USDTRYK	30/10/2026	0.9	1	-10	0	0	0	0	0	0	0	0	0	0	0					
06/10/2026	O_USDTRYKE1026P48500	USDTRY_10/2026_AVRUPA_OPSIYON	D_CR	CRO	D_CR_EPO	DE_USDTRYK_EPO	D_USDTRYK	30/10/2026	6.3	6.8	-7.35	0	0	0	0	0	0	0	0	0	0	0					
06/10/2026	O_USDTRYKE1026P49000	USDTRY_10/2026_AVRUPA_OPSIYON	D_CR	CRO	D_CR_EPO	DE_USDTRYK_EPO	D_USDTRYK	30/10/2026	31.7	32.6	-2.76	0	0	0	0	0	0	0	0	0	100	0					
06/10/2026	O_USDTRYKE1026P49500	USDTRY_10/2026_AVRUPA_OPSIYON	D_CR	CRO	D_CR_EPO	DE_USDTRYK_EPO	D_USDTRYK	30/10/2026	112.2	112.8	-0.53	10	10	10	10	10	24750000	5000	500	5	4347	0					
06/10/2026	O_USDTRYKE1026P50000	USDTRY_10/2026_AVRUPA_OPSIYON	D_CR	CRO	D_CR_EPO	DE_USDTRYK_EPO	D_USDTRYK	30/10/2026	293.7	291.3	0.82	275	255	275	255	261.5	307500000	1608250	6150	9	24747	4150					
06/10/2026	O_USDTRYKE1026P51000	USDTRY_10/2026_AVRUPA_OPSIYON	D_CR	CRO	D_CR_EPO	DE_USDTRYK_EPO	D_USDTRYK	30/10/2026	1115.8	1123.2	-0.66	1139.9	1130	1207.6	1207.6	1170.9	303552000	6969204.6	5952	26	73487	3748					
06/10/2026	O_USDTRYKE1026P52000	USDTRY_10/2026_AVRUPA_OPSIYON	D_CR	CRO	D_CR_EPO	DE_USDTRYK_EPO	D_USDTRYK	30/10/2026	2059	2063.3	-0.21	0	0	0	0	0	0	0	0	0	353	0					
06/10/2026	O_USDTRYKE1026P53000	USDTRY_10/2026_AVRUPA_OPSIYON	D_CR	CRO	D_CR_EPO	DE_USDTRYK_EPO	D_USDTRYK	30/10/2026	3014.3	3010.8	0.12	0	0	0	0	0	0	0	0	0	1	0					
06/10/2026	O_USDTRYKE1126C49500	USDTRY_11/2026_AVRUPA_OPSIYON	D_CR	CRO	D_CR_ECO	DE_USDTRYK_ECO	D_USDTRYK	30/11/2026	1648.1	1664.4	-0.98	0	0	0	0	0	0	0	0	0	0	0					
06/10/2026	O_USDTRYKE1126C50000	USDTRY_11/2026_AVRUPA_OPSIYON	D_CR	CRO	D_CR_ECO	DE_USDTRYK_ECO	D_USDTRYK	30/11/2026	1223.9	1240.2	-1.31	0	0	0	0	0	0	0	0	0	300	0					
06/10/2026	O_USDTRYKE1126C51000	USDTRY_11/2026_AVRUPA_OPSIYON	D_CR	CRO	D_CR_ECO	DE_USDTRYK_ECO	D_USDTRYK	30/11/2026	551.5	602.5	-8.46	635.2	586.4	635.2	586.4	601.3	61200000	721551.2	1200	13	48028	1000					
06/10/2026	O_USDTRYKE1126C53000	USDTRY_11/2026_AVRUPA_OPSIYON	D_CR	CRO	D_CR_ECO	DE_USDTRYK_ECO	D_USDTRYK	30/11/2026	337.1	347	-2.85	394.2	375	400	375	389.6	157039000	1154363.8	2963	19	13963	772					
06/10/2026	O_USDTRYKE1126C54000	USDTRY_11/2026_AVRUPA_OPSIYON	D_CR	CRO	D_CR_ECO	DE_USDTRYK_ECO	D_USDTRYK	30/11/2026	298.9	294.7	1.43	0	0	0	0	0	0	0	0	0	2136	0					
06/10/2026	O_USDTRYKE1126C56000	USDTRY_11/2026_AVRUPA_OPSIYON	D_CR	CRO	D_CR_ECO	DE_USDTRYK_ECO	D_USDTRYK	30/11/2026	220.7	222.9	-0.99	0	0	0	0	0	0	0	0	0	101	0					
06/10/2026	O_USDTRYKE1126C57000	USDTRY_11/2026_AVRUPA_OPSIYON	D_CR	CRO	D_CR_ECO	DE_USDTRYK_ECO	D_USDTRYK	30/11/2026	201.4	205.7	-2.09	0	0	0	0	0	0	0	0	0	55	0					
06/10/2026	O_USDTRYKE1126C58000	USDTRY_11/2026_AVRUPA_OPSIYON	D_CR	CRO	D_CR_ECO	DE_USDTRYK_ECO	D_USDTRYK	30/11/2026	188.9	195.1	-3.18	0	0	0	0	0	0	0	0	0	15	0					
06/10/2026	O_USDTRYKE1126C59000	USDTRY_11/2026_AVRUPA_OPSIYON	D_CR	CRO	D_CR_ECO	DE_USDTRYK_ECO	D_USDTRYK	30/11/2026	181.1	189	-4.18	0	0	0	0	0	0	0	0	0	200015	0					
06/10/2026	O_USDTRYKE1126C60000	USDTRY_11/2026_AVRUPA_OPSIYON	D_CR	CRO	D_CR_ECO	DE_USDTRYK_ECO	D_USDTRYK	30/11/2026	176.6	186.1	-5.1	0	0	0	0	0	0	0	0	0	15	0					
06/10/2026	O_USDTRYKE1126P46500	USDTRY_11/2026_AVRUPA_OPSIYON	D_CR	CRO	D_CR_EPO	DE_USDTRYK_EPO	D_USDTRYK	30/11/2026	0.1	0.1	0	0	0	0	0	0	0	0	0	0	0	0					
06/10/2026	O_USDTRYKE1126P47000	USDTRY_11/2026_AVRUPA_OPSIYON	D_CR	CRO	D_CR_EPO	DE_USDTRYK_EPO	D_USDTRYK	30/11/2026	0.1	0.1	0	0	0	0	0	0	0	0	0	0	0	0					
06/10/2026	O_USDTRYKE1126P47500	USDTRY_11/2026_AVRUPA_OPSIYON	D_CR	CRO	D_CR_EPO	DE_USDTRYK_EPO	D_USDTRYK	30/11/2026	0.2	0.2	0	0	0	0	0	0	0	0	0	0	0	0					
06/10/2026	O_USDTRYKE1126P48000	USDTRY_11/2026_AVRUPA_OPSIYON	D_CR	CRO	D_CR_EPO	DE_USDTRYK_EPO	D_USDTRYK	30/11/2026	1	1	0	0	0	0	0	0	0	0	0	0	0	0					
06/10/2026	O_USDTRYKE1126P48500	USDTRY_11/2026_AVRUPA_OPSIYON	D_CR	CRO	D_CR_EPO	DE_USDTRYK_EPO	D_USDTRYK	30/11/2026	4	4.1	-2.44	0	0	0	0	0	0	0	0	0	0	0					
06/10/2026	O_USDTRYKE1126P49000	USDTRY_11/2026_AVRUPA_OPSIYON	D_CR	CRO	D_CR_EPO	DE_USDTRYK_EPO	D_USDTRYK	30/11/2026	13.5	13.7	-1.46	0	0	0	0	0	0	0	0	0	0	0					
06/10/2026	O_USDTRYKE1126P49500	USDTRY_11/2026_AVRUPA_OPSIYON	D_CR	CRO	D_CR_EPO	DE_USDTRYK_EPO	D_USDTRYK	30/11/2026	38.6	38.8	-0.52	0	0	0	0	0	0	0	0	0	0	0					
06/10/2026	O_USDTRYKE1126P50000	USDTRY_11/2026_AVRUPA_OPSIYON	D_CR	CRO	D_CR_EPO	DE_USDTRYK_EPO	D_USDTRYK	30/11/2026	94.5	94.2	0.32	25.8	25.8	25.8	25.8	25.8	500000	258	10	1	10	10					
06/10/2026	O_USDTRYKE1126P51000	USDTRY_11/2026_AVRUPA_OPSIYON	D_CR	CRO	D_CR_EPO	DE_USDTRYK_EPO	D_USDTRYK	30/11/2026	382.2	416	-8.13	0	0	0	0	0	0	0	0	0	8475	0					
06/10/2026	O_USDTRYKE1126P52000	USDTRY_11/2026_AVRUPA_OPSIYON	D_CR	CRO	D_CR_EPO	DE_USDTRYK_EPO	D_USDTRYK	30/11/2026	1172.9	1179.8	-0.58	0	0	0	0	0	0	0	0	0	6979	0					
06/10/2026	O_USDTRYKE1126P53000	USDTRY_11/2026_AVRUPA_OPSIYON	D_CR	CRO	D_CR_EPO	DE_USDTRYK_EPO	D_USDTRYK	30/11/2026	2088.1	2079.3	0.42	0	0	0	0	0	0	0	0	0	2	0					
06/10/2026	O_USDTRYKE1126P54000	USDTRY_11/2026_AVRUPA_OPSIYON	D_CR	CRO	D_CR_EPO	DE_USDTRYK_EPO	D_USDTRYK	30/11/2026	3010	2986.5	0.79	0	0	0	0	0	0	0	0	0	0	0					
06/10/2026	O_USDTRYKE1226C51000	USDTRY_12/2026_AVRUPA_OPSIYON	D_CR	CRO	D_CR_ECO	DE_USDTRYK_ECO	D_USDTRYK	31/12/2026	1612.4	1638.7	-1.6	0	0	0	0	0	0	0	0	0	0	0					
06/10/2026	O_USDTRYKE1226C52000	USDTRY_12/2026_AVRUPA_OPSIYON	D_CR	CRO	D_CR_ECO	DE_USDTRYK_ECO	D_USDTRYK	31/12/2026	1014.4	1055.6	-3.9	910	800	910	800	896.6	156052000	2690800	3001	56	21302	3000					
06/10/2026	O_USDTRYKE1226C56000	USDTRY_12/2026_AVRUPA_OPSIYON	D_CR	CRO	D_CR_ECO	DE_USDTRYK_ECO	D_USDTRYK	31/12/2026	509.3	524.8	-2.95	370	360	370	360	365	112000000	730000	2000	4	4500	2000					
06/10/2026	O_USDTRYKE1226C57000	USDTRY_12/2026_AVRUPA_OPSIYON	D_CR	CRO	D_CR_ECO	DE_USDTRYK_ECO	D_USDTRYK	31/12/2026	429.2	443.5	-3.22	0	0	0	0	0	0	0	0	0	25	0					
06/10/2026	O_USDTRYKE1226C58000	USDTRY_12/2026_AVRUPA_OPSIYON	D_CR	CRO	D_CR_ECO	DE_USDTRYK_ECO	D_USDTRYK	31/12/2026	379.6	393.7	-3.58	0	0	0	0	0	0	0	0	0	1000	0					
06/10/2026	O_USDTRYKE1226C59000	USDTRY_12/2026_AVRUPA_OPSIYON	D_CR	CRO	D_CR_ECO	DE_USDTRYK_ECO	D_USDTRYK	31/12/2026	343.5	357.5	-3.92	0	0	0	0	0	0	0	0	0	0	0					
06/10/2026	O_USDTRYKE1226C60000	USDTRY_12/2026_AVRUPA_OPSIYON	D_CR	CRO	D_CR_ECO	DE_USDTRYK_ECO	D_USDTRYK	31/12/2026	317	330.9	-4.2	0	0	0	0	0	0	0	0	0	0	0					
06/10/2026	O_USDTRYKE1226C61000	USDTRY_12/2026_AVRUPA_OPSIYON	D_CR	CRO	D_CR_ECO	DE_USDTRYK_ECO	D_USDTRYK	31/12/2026	297.5	311.4	-4.46	0	0	0	0	0	0	0	0	0	0	0					
06/10/2026	O_USDTRYKE1226P47500	USDTRY_12/2026_AVRUPA_OPSIYON	D_CR	CRO	D_CR_EPO	DE_USDTRYK_EPO	D_USDTRYK	31/12/2026	0.1	0.1	0	0	0	0	0	0	0	0	0	0	0	0					
06/10/2026	O_USDTRYKE1226P48000	USDTRY_12/2026_AVRUPA_OPSIYON	D_CR	CRO	D_CR_EPO	DE_USDTRYK_EPO	D_USDTRYK	31/12/2026	0.3	0.3	0	0	0	0	0	0	0	0	0	0	0	0					
06/10/2026	O_USDTRYKE1226P48500	USDTRY_12/2026_AVRUPA_OPSIYON	D_CR	CRO	D_CR_EPO	DE_USDTRYK_EPO	D_USDTRYK	31/12/2026	1.1	1.1	0	0	0	0	0	0	0	0	0	0	0	0					
06/10/2026	O_USDTRYKE1226P49000	USDTRY_12/2026_AVRUPA_OPSIYON	D_CR	CRO	D_CR_EPO	DE_USDTRYK_EPO	D_USDTRYK	31/12/2026	3.3	3.3	0	0	0	0	0	0	0	0	0	0	0	0					
06/10/2026	O_USDTRYKE1226P49500	USDTRY_12/2026_AVRUPA_OPSIYON	D_CR	CRO	D_CR_EPO	DE_USDTRYK_EPO	D_USDTRYK	31/12/2026	9.2	9.2	0	0	0	0	0	0	0	0	0	0	0	0					
06/10/2026	O_USDTRYKE1226P50000	USDTRY_12/2026_AVRUPA_OPSIYON	D_CR	CRO	D_CR_EPO	DE_USDTRYK_EPO	D_USDTRYK	31/12/2026	22.7	22.6	0.44	0	0	0	0	0	0	0	0	0	0	0					
06/10/2026	O_USDTRYKE1226P51000	USDTRY_12/2026_AVRUPA_OPSIYON	D_CR	CRO	D_CR_EPO	DE_USDTRYK_EPO	D_USDTRYK	31/12/2026	108	115.5	-6.49	0	0	0	0	0	0	0	0	0	0	0					
06/10/2026	O_USDTRYKE1226P52000	USDTRY_12/2026_AVRUPA_OPSIYON	D_CR	CRO	D_CR_EPO	DE_USDTRYK_EPO	D_USDTRYK	31/12/2026	444	465.6	-4.64	385	385	405.9	401.8	395.4	25740000	195742.5	495	19	2370	495					
06/10/2026	O_USDTRYKE1226P53000	USDTRY_12/2026_AVRUPA_OPSIYON	D_CR	CRO	D_CR_EPO	DE_USDTRYK_EPO	D_USDTRYK	31/12/2026	1127	1139.1	-1.06	1053	1050	1104.9	1086.7	1065	95771000	1924521	1807	45	6055	1805					
06/10/2026	O_USDTRYKE1226P54000	USDTRY_12/2026_AVRUPA_OPSIYON	D_CR	CRO	D_CR_EPO	DE_USDTRYK_EPO	D_USDTRYK	31/12/2026	1902.1	1913.3	-0.59	1880	1880	1880	1880	1880	54000	1880	1	1	1	1					
06/10/2026	O_USDTRYKE1226P55000	USDTRY_12/2026_AVRUPA_OPSIYON	D_CR	CRO	D_CR_EPO	DE_USDTRYK_EPO	D_USDTRYK	31/12/2026	2772.5	2773.6	-0.04	0	0	0	0	0	0	0	0	0	0	0					
06/10/2026	O_VAKBNE1026C30.00	VAKBN_10/2026_AVRUPA_OPSIYON	D_EQ	SSO	D_EQ_ECP	DE_VAKBN_ECP	VAKBN.E	30/10/2026	4.65	4.89	-4.91	0	0	0	0	0	0	0	0	0	0	0					
06/10/2026	O_VAKBNE1026C31.00	VAKBN_10/2026_AVRUPA_OPSIYON	D_EQ	SSO	D_EQ_ECP	DE_VAKBN_ECP	VAKBN.E	30/10/2026	3.83	4.06	-5.67	0	0	0	0	0	0	0	0	0	0	0					
06/10/2026	O_VAKBNE1026C32.00	VAKBN_10/2026_AVRUPA_OPSIYON	D_EQ	SSO	D_EQ_ECP	DE_VAKBN_ECP	VAKBN.E	30/10/2026	3.07	3.29	-6.69	0	0	0	0	0	0	0	0	0	25	0					
06/10/2026	O_VAKBNE1026C33.00	VAKBN_10/2026_AVRUPA_OPSIYON	D_EQ	SSO	D_EQ_ECP	DE_VAKBN_ECP	VAKBN.E	30/10/2026	2.41	2.61	-7.66	0	0	0	0	0	0	0	0	0	450	0					
06/10/2026	O_VAKBNE1026C34.00	VAKBN_10/2026_AVRUPA_OPSIYON	D_EQ	SSO	D_EQ_ECP	DE_VAKBN_ECP	VAKBN.E	30/10/2026	1.83	2.02	-9.41	0	0	0	0	0	0	0	0	0	950	0					
06/10/2026	O_VAKBNE1026C35.00	VAKBN_10/2026_AVRUPA_OPSIYON	D_EQ	SSO	D_EQ_ECP	DE_VAKBN_ECP	VAKBN.E	30/10/2026	1.36	1.52	-10.53	0	0	0	0	0	0	0	0	0	0	0					
06/10/2026	O_VAKBNE1026C36.00	VAKBN_10/2026_AVRUPA_OPSIYON	D_EQ	SSO	D_EQ_ECP	DE_VAKBN_ECP	VAKBN.E	30/10/2026	0.99	1.12	-11.61	0	0	0	0	0	0	0	0	0	6600	0					
06/10/2026	O_VAKBNE1026C37.00	VAKBN_10/2026_AVRUPA_OPSIYON	D_EQ	SSO	D_EQ_ECP	DE_VAKBN_ECP	VAKBN.E	30/10/2026	0.69	0.8	-13.75	0	0	0	0	0	0	0	0	0	3	0					
06/10/2026	O_VAKBNE1026C38.00	VAKBN_10/2026_AVRUPA_OPSIYON	D_EQ	SSO	D_EQ_ECP	DE_VAKBN_ECP	VAKBN.E	30/10/2026	0.48	0.56	-14.29	0	0	0	0	0	0	0	0	0	0	0					
06/10/2026	O_VAKBNE1026C39.00	VAKBN_10/2026_AVRUPA_OPSIYON	D_EQ	SSO	D_EQ_ECP	DE_VAKBN_ECP	VAKBN.E	30/10/2026	0.32	0.38	-15.79	0	0	0	0	0	0	0	0	0	0	0					
06/10/2026	O_VAKBNE1026C40.00	VAKBN_10/2026_AVRUPA_OPSIYON	D_EQ	SSO	D_EQ_ECP	DE_VAKBN_ECP	VAKBN.E	30/10/2026	0.21	0.26	-19.23	0	0	0	0	0	0	0	0	0	437	0					
06/10/2026	O_VAKBNE1026C41.00	VAKBN_10/2026_AVRUPA_OPSIYON	D_EQ	SSO	D_EQ_ECP	DE_VAKBN_ECP	VAKBN.E	30/10/2026	0.13	0.17	-23.53	0	0	0	0	0	0	0	0	0	50	0					
06/10/2026	O_VAKBNE1026C42.00	VAKBN_10/2026_AVRUPA_OPSIYON	D_EQ	SSO	D_EQ_ECP	DE_VAKBN_ECP	VAKBN.E	30/10/2026	0.08	0.11	-27.27	0	0	0	0	0	0	0	0	0	25	0					
06/10/2026	O_VAKBNE1026C43.00	VAKBN_10/2026_AVRUPA_OPSIYON	D_EQ	SSO	D_EQ_ECP	DE_VAKBN_ECP	VAKBN.E	30/10/2026	0.05	0.07	-28.57	0	0	0	0	0	0	0	0	0	0	0					
06/10/2026	O_VAKBNE1026C44.00	VAKBN_10/2026_AVRUPA_OPSIYON	D_EQ	SSO	D_EQ_ECP	DE_VAKBN_ECP	VAKBN.E	30/10/2026	0.03	0.04	-25	0	0	0	0	0	0	0	0	0	0	0					
06/10/2026	O_VAKBNE1026C45.00	VAKBN_10/2026_AVRUPA_OPSIYON	D_EQ	SSO	D_EQ_ECP	DE_VAKBN_ECP	VAKBN.E	30/10/2026	0.02	0.03	-33.33	0	0	0	0	0	0	0	0	0	0	0					
06/10/2026	O_VAKBNE1026C46.00	VAKBN_10/2026_AVRUPA_OPSIYON	D_EQ	SSO	D_EQ_ECP	DE_VAKBN_ECP	VAKBN.E	30/10/2026	0.01	0.02	-50	0	0	0	0	0	0	0	0	0	0	0					
06/10/2026	O_VAKBNE1026P25.00	VAKBN_10/2026_AVRUPA_OPSIYON	D_EQ	SSO	D_EQ_EPP	DE_VAKBN_EPP	VAKBN.E	30/10/2026	0.01	0.01	0	0	0	0	0	0	0	0	0	0	0	0					
06/10/2026	O_VAKBNE1026P26.00	VAKBN_10/2026_AVRUPA_OPSIYON	D_EQ	SSO	D_EQ_EPP	DE_VAKBN_EPP	VAKBN.E	30/10/2026	0.01	0.01	0	0	0	0	0	0	0	0	0	0	50	0					
06/10/2026	O_VAKBNE1026P27.00	VAKBN_10/2026_AVRUPA_OPSIYON	D_EQ	SSO	D_EQ_EPP	DE_VAKBN_EPP	VAKBN.E	30/10/2026	0.02	0.02	0	0	0	0	0	0	0	0	0	0	50	0					
06/10/2026	O_VAKBNE1026P28.00	VAKBN_10/2026_AVRUPA_OPSIYON	D_EQ	SSO	D_EQ_EPP	DE_VAKBN_EPP	VAKBN.E	30/10/2026	0.05	0.05	0	0	0	0	0	0	0	0	0	0	439	0					
06/10/2026	O_VAKBNE1026P29.00	VAKBN_10/2026_AVRUPA_OPSIYON	D_EQ	SSO	D_EQ_EPP	DE_VAKBN_EPP	VAKBN.E	30/10/2026	0.1	0.1	0	0	0	0	0	0	0	0	0	0	0	0					
06/10/2026	O_VAKBNE1026P30.00	VAKBN_10/2026_AVRUPA_OPSIYON	D_EQ	SSO	D_EQ_EPP	DE_VAKBN_EPP	VAKBN.E	30/10/2026	0.19	0.18	5.56	0	0	0	0	0	0	0	0	0	2172	0					
06/10/2026	O_VAKBNE1026P31.00	VAKBN_10/2026_AVRUPA_OPSIYON	D_EQ	SSO	D_EQ_EPP	DE_VAKBN_EPP	VAKBN.E	30/10/2026	0.34	0.32	6.25	0	0	0	0	0	0	0	0	0	936	0					
06/10/2026	O_VAKBNE1026P32.00	VAKBN_10/2026_AVRUPA_OPSIYON	D_EQ	SSO	D_EQ_EPP	DE_VAKBN_EPP	VAKBN.E	30/10/2026	0.56	0.53	5.66	0	0	0	0	0	0	0	0	0	6639	0					
06/10/2026	O_VAKBNE1026P33.00	VAKBN_10/2026_AVRUPA_OPSIYON	D_EQ	SSO	D_EQ_EPP	DE_VAKBN_EPP	VAKBN.E	30/10/2026	0.87	0.82	6.1	0	0	0	0	0	0	0	0	0	5632	0					
06/10/2026	O_VAKBNE1026P34.00	VAKBN_10/2026_AVRUPA_OPSIYON	D_EQ	SSO	D_EQ_EPP	DE_VAKBN_EPP	VAKBN.E	30/10/2026	1.28	1.2	6.67	0	0	0	0	0	0	0	0	0	25	0					
06/10/2026	O_VAKBNE1026P35.00	VAKBN_10/2026_AVRUPA_OPSIYON	D_EQ	SSO	D_EQ_EPP	DE_VAKBN_EPP	VAKBN.E	30/10/2026	1.78	1.68	5.95	0	0	0	0	0	0	0	0	0	0	0					
06/10/2026	O_VAKBNE1026P36.00	VAKBN_10/2026_AVRUPA_OPSIYON	D_EQ	SSO	D_EQ_EPP	DE_VAKBN_EPP	VAKBN.E	30/10/2026	2.38	2.25	5.78	0	0	0	0	0	0	0	0	0	20	0					
06/10/2026	O_VAKBNE1026P37.00	VAKBN_10/2026_AVRUPA_OPSIYON	D_EQ	SSO	D_EQ_EPP	DE_VAKBN_EPP	VAKBN.E	30/10/2026	3.06	2.91	5.15	0	0	0	0	0	0	0	0	0	75	0					
06/10/2026	O_VAKBNE1026P38.00	VAKBN_10/2026_AVRUPA_OPSIYON	D_EQ	SSO	D_EQ_EPP	DE_VAKBN_EPP	VAKBN.E	30/10/2026	3.82	3.64	4.95	0	0	0	0	0	0	0	0	0	50	0					
06/10/2026	O_VAKBNE1026P39.00	VAKBN_10/2026_AVRUPA_OPSIYON	D_EQ	SSO	D_EQ_EPP	DE_VAKBN_EPP	VAKBN.E	30/10/2026	4.64	4.44	4.5	0	0	0	0	0	0	0	0	0	8100	0					
06/10/2026	O_VAKBNE1026P40.00	VAKBN_10/2026_AVRUPA_OPSIYON	D_EQ	SSO	D_EQ_EPP	DE_VAKBN_EPP	VAKBN.E	30/10/2026	5.5	5.29	3.97	0	0	0	0	0	0	0	0	0	0	0					
06/10/2026	O_VAKBNE1026P41.00	VAKBN_10/2026_AVRUPA_OPSIYON	D_EQ	SSO	D_EQ_EPP	DE_VAKBN_EPP	VAKBN.E	30/10/2026	6.4	6.17	3.73	0	0	0	0	0	0	0	0	0	0	0					
06/10/2026	O_VAKBNE1126C32.00	VAKBN_11/2026_AVRUPA_OPSIYON	D_EQ	SSO	D_EQ_ECP	DE_VAKBN_ECP	VAKBN.E	30/11/2026	4.4	4.61	-4.56	0	0	0	0	0	0	0	0	0	0	0					
06/10/2026	O_VAKBNE1126C33.00	VAKBN_11/2026_AVRUPA_OPSIYON	D_EQ	SSO	D_EQ_ECP	DE_VAKBN_ECP	VAKBN.E	30/11/2026	3.76	3.96	-5.05	0	0	0	0	0	0	0	0	0	0	0					
06/10/2026	O_VAKBNE1126C34.00	VAKBN_11/2026_AVRUPA_OPSIYON	D_EQ	SSO	D_EQ_ECP	DE_VAKBN_ECP	VAKBN.E	30/11/2026	3.19	3.37	-5.34	0	0	0	0	0	0	0	0	0	0	0					
06/10/2026	O_VAKBNE1126C35.00	VAKBN_11/2026_AVRUPA_OPSIYON	D_EQ	SSO	D_EQ_ECP	DE_VAKBN_ECP	VAKBN.E	30/11/2026	2.67	2.84	-5.99	0	0	0	0	0	0	0	0	0	0	0					
06/10/2026	O_VAKBNE1126C36.00	VAKBN_11/2026_AVRUPA_OPSIYON	D_EQ	SSO	D_EQ_ECP	DE_VAKBN_ECP	VAKBN.E	30/11/2026	2.22	2.38	-6.72	0	0	0	0	0	0	0	0	0	0	0					
06/10/2026	O_VAKBNE1126C37.00	VAKBN_11/2026_AVRUPA_OPSIYON	D_EQ	SSO	D_EQ_ECP	DE_VAKBN_ECP	VAKBN.E	30/11/2026	1.83	1.97	-7.11	0	0	0	0	0	0	0	0	0	0	0					
06/10/2026	O_VAKBNE1126C38.00	VAKBN_11/2026_AVRUPA_OPSIYON	D_EQ	SSO	D_EQ_ECP	DE_VAKBN_ECP	VAKBN.E	30/11/2026	1.5	1.62	-7.41	0	0	0	0	0	0	0	0	0	0	0					
06/10/2026	O_VAKBNE1126C39.00	VAKBN_11/2026_AVRUPA_OPSIYON	D_EQ	SSO	D_EQ_ECP	DE_VAKBN_ECP	VAKBN.E	30/11/2026	1.21	1.32	-8.33	0	0	0	0	0	0	0	0	0	0	0					
06/10/2026	O_VAKBNE1126C40.00	VAKBN_11/2026_AVRUPA_OPSIYON	D_EQ	SSO	D_EQ_ECP	DE_VAKBN_ECP	VAKBN.E	30/11/2026	0.97	1.07	-9.35	0	0	0	0	0	0	0	0	0	0	0					
06/10/2026	O_VAKBNE1126C41.00	VAKBN_11/2026_AVRUPA_OPSIYON	D_EQ	SSO	D_EQ_ECP	DE_VAKBN_ECP	VAKBN.E	30/11/2026	0.78	0.86	-9.3	0	0	0	0	0	0	0	0	0	0	0					
06/10/2026	O_VAKBNE1126C42.00	VAKBN_11/2026_AVRUPA_OPSIYON	D_EQ	SSO	D_EQ_ECP	DE_VAKBN_ECP	VAKBN.E	30/11/2026	0.62	0.68	-8.82	0	0	0	0	0	0	0	0	0	0	0					
06/10/2026	O_VAKBNE1126C43.00	VAKBN_11/2026_AVRUPA_OPSIYON	D_EQ	SSO	D_EQ_ECP	DE_VAKBN_ECP	VAKBN.E	30/11/2026	0.48	0.54	-11.11	0	0	0	0	0	0	0	0	0	0	0					
06/10/2026	O_VAKBNE1126C44.00	VAKBN_11/2026_AVRUPA_OPSIYON	D_EQ	SSO	D_EQ_ECP	DE_VAKBN_ECP	VAKBN.E	30/11/2026	0.38	0.43	-11.63	0	0	0	0	0	0	0	0	0	0	0					
06/10/2026	O_VAKBNE1126C45.00	VAKBN_11/2026_AVRUPA_OPSIYON	D_EQ	SSO	D_EQ_ECP	DE_VAKBN_ECP	VAKBN.E	30/11/2026	0.29	0.33	-12.12	0	0	0	0	0	0	0	0	0	0	0					
06/10/2026	O_VAKBNE1126C46.00	VAKBN_11/2026_AVRUPA_OPSIYON	D_EQ	SSO	D_EQ_ECP	DE_VAKBN_ECP	VAKBN.E	30/11/2026	0.23	0.26	-11.54	0	0	0	0	0	0	0	0	0	0	0					
06/10/2026	O_VAKBNE1126C47.00	VAKBN_11/2026_AVRUPA_OPSIYON	D_EQ	SSO	D_EQ_ECP	DE_VAKBN_ECP	VAKBN.E	30/11/2026	0.17	0.2	-15	0	0	0	0	0	0	0	0	0	0	0					
06/10/2026	O_VAKBNE1126P27.00	VAKBN_11/2026_AVRUPA_OPSIYON	D_EQ	SSO	D_EQ_EPP	DE_VAKBN_EPP	VAKBN.E	30/11/2026	0.12	0.12	0	0	0	0	0	0	0	0	0	0	0	0					
06/10/2026	O_VAKBNE1126P28.00	VAKBN_11/2026_AVRUPA_OPSIYON	D_EQ	SSO	D_EQ_EPP	DE_VAKBN_EPP	VAKBN.E	30/11/2026	0.2	0.19	5.26	0	0	0	0	0	0	0	0	0	0	0					
06/10/2026	O_VAKBNE1126P29.00	VAKBN_11/2026_AVRUPA_OPSIYON	D_EQ	SSO	D_EQ_EPP	DE_VAKBN_EPP	VAKBN.E	30/11/2026	0.31	0.29	6.9	0	0	0	0	0	0	0	0	0	0	0					
06/10/2026	O_VAKBNE1126P30.00	VAKBN_11/2026_AVRUPA_OPSIYON	D_EQ	SSO	D_EQ_EPP	DE_VAKBN_EPP	VAKBN.E	30/11/2026	0.46	0.43	6.98	0	0	0	0	0	0	0	0	0	0	0					
06/10/2026	O_VAKBNE1126P31.00	VAKBN_11/2026_AVRUPA_OPSIYON	D_EQ	SSO	D_EQ_EPP	DE_VAKBN_EPP	VAKBN.E	30/11/2026	0.65	0.62	4.84	0	0	0	0	0	0	0	0	0	288	0					
06/10/2026	O_VAKBNE1126P32.00	VAKBN_11/2026_AVRUPA_OPSIYON	D_EQ	SSO	D_EQ_EPP	DE_VAKBN_EPP	VAKBN.E	30/11/2026	0.9	0.86	4.65	0	0	0	0	0	0	0	0	0	0	0					
06/10/2026	O_VAKBNE1126P33.00	VAKBN_11/2026_AVRUPA_OPSIYON	D_EQ	SSO	D_EQ_EPP	DE_VAKBN_EPP	VAKBN.E	30/11/2026	1.21	1.15	5.22	0	0	0	0	0	0	0	0	0	0	0					
06/10/2026	O_VAKBNE1126P34.00	VAKBN_11/2026_AVRUPA_OPSIYON	D_EQ	SSO	D_EQ_EPP	DE_VAKBN_EPP	VAKBN.E	30/11/2026	1.58	1.5	5.33	0	0	0	0	0	0	0	0	0	0	0					
06/10/2026	O_VAKBNE1126P35.00	VAKBN_11/2026_AVRUPA_OPSIYON	D_EQ	SSO	D_EQ_EPP	DE_VAKBN_EPP	VAKBN.E	30/11/2026	2.01	1.92	4.69	0	0	0	0	0	0	0	0	0	0	0					
06/10/2026	O_VAKBNE1126P36.00	VAKBN_11/2026_AVRUPA_OPSIYON	D_EQ	SSO	D_EQ_EPP	DE_VAKBN_EPP	VAKBN.E	30/11/2026	2.5	2.4	4.17	0	0	0	0	0	0	0	0	0	0	0					
06/10/2026	O_VAKBNE1126P37.00	VAKBN_11/2026_AVRUPA_OPSIYON	D_EQ	SSO	D_EQ_EPP	DE_VAKBN_EPP	VAKBN.E	30/11/2026	3.05	2.93	4.1	0	0	0	0	0	0	0	0	0	0	0					
06/10/2026	O_VAKBNE1126P38.00	VAKBN_11/2026_AVRUPA_OPSIYON	D_EQ	SSO	D_EQ_EPP	DE_VAKBN_EPP	VAKBN.E	30/11/2026	3.66	3.52	3.98	0	0	0	0	0	0	0	0	0	0	0					
06/10/2026	O_VAKBNE1126P39.00	VAKBN_11/2026_AVRUPA_OPSIYON	D_EQ	SSO	D_EQ_EPP	DE_VAKBN_EPP	VAKBN.E	30/11/2026	4.32	4.17	3.6	0	0	0	0	0	0	0	0	0	0	0					
06/10/2026	O_VAKBNE1126P40.00	VAKBN_11/2026_AVRUPA_OPSIYON	D_EQ	SSO	D_EQ_EPP	DE_VAKBN_EPP	VAKBN.E	30/11/2026	5.03	4.86	3.5	0	0	0	0	0	0	0	0	0	5200	0					
06/10/2026	O_VAKBNE1126P41.00	VAKBN_11/2026_AVRUPA_OPSIYON	D_EQ	SSO	D_EQ_EPP	DE_VAKBN_EPP	VAKBN.E	30/11/2026	5.78	5.59	3.4	0	0	0	0	0	0	0	0	0	0	0					
06/10/2026	O_VAKBNE1126P42.00	VAKBN_11/2026_AVRUPA_OPSIYON	D_EQ	SSO	D_EQ_EPP	DE_VAKBN_EPP	VAKBN.E	30/11/2026	6.56	6.36	3.14	0	0	0	0	0	0	0	0	0	0	0					
06/10/2026	O_VAKBNE1226C34.00	VAKBN_12/2026_AVRUPA_OPSIYON	D_EQ	SSO	D_EQ_ECP	DE_VAKBN_ECP	VAKBN.E	31/12/2026	4.69	4.89	-4.09	0	0	0	0	0	0	0	0	0	0	0					
06/10/2026	O_VAKBNE1226C35.00	VAKBN_12/2026_AVRUPA_OPSIYON	D_EQ	SSO	D_EQ_ECP	DE_VAKBN_ECP	VAKBN.E	31/12/2026	4.14	4.33	-4.39	0	0	0	0	0	0	0	0	0	0	0					
06/10/2026	O_VAKBNE1226C36.00	VAKBN_12/2026_AVRUPA_OPSIYON	D_EQ	SSO	D_EQ_ECP	DE_VAKBN_ECP	VAKBN.E	31/12/2026	3.64	3.81	-4.46	0	0	0	0	0	0	0	0	0	0	0					
06/10/2026	O_VAKBNE1226C37.00	VAKBN_12/2026_AVRUPA_OPSIYON	D_EQ	SSO	D_EQ_ECP	DE_VAKBN_ECP	VAKBN.E	31/12/2026	3.18	3.34	-4.79	0	0	0	0	0	0	0	0	0	0	0					
06/10/2026	O_VAKBNE1226C38.00	VAKBN_12/2026_AVRUPA_OPSIYON	D_EQ	SSO	D_EQ_ECP	DE_VAKBN_ECP	VAKBN.E	31/12/2026	2.77	2.92	-5.14	0	0	0	0	0	0	0	0	0	0	0					
06/10/2026	O_VAKBNE1226C39.00	VAKBN_12/2026_AVRUPA_OPSIYON	D_EQ	SSO	D_EQ_ECP	DE_VAKBN_ECP	VAKBN.E	31/12/2026	2.4	2.54	-5.51	0	0	0	0	0	0	0	0	0	0	0					
06/10/2026	O_VAKBNE1226C40.00	VAKBN_12/2026_AVRUPA_OPSIYON	D_EQ	SSO	D_EQ_ECP	DE_VAKBN_ECP	VAKBN.E	31/12/2026	2.07	2.2	-5.91	0	0	0	0	0	0	0	0	0	0	0					
06/10/2026	O_VAKBNE1226C41.00	VAKBN_12/2026_AVRUPA_OPSIYON	D_EQ	SSO	D_EQ_ECP	DE_VAKBN_ECP	VAKBN.E	31/12/2026	1.78	1.9	-6.32	0	0	0	0	0	0	0	0	0	0	0					
06/10/2026	O_VAKBNE1226C42.00	VAKBN_12/2026_AVRUPA_OPSIYON	D_EQ	SSO	D_EQ_ECP	DE_VAKBN_ECP	VAKBN.E	31/12/2026	1.53	1.63	-6.13	0	0	0	0	0	0	0	0	0	0	0					
06/10/2026	O_VAKBNE1226C43.00	VAKBN_12/2026_AVRUPA_OPSIYON	D_EQ	SSO	D_EQ_ECP	DE_VAKBN_ECP	VAKBN.E	31/12/2026	1.3	1.4	-7.14	0	0	0	0	0	0	0	0	0	0	0					
06/10/2026	O_VAKBNE1226P29.00	VAKBN_12/2026_AVRUPA_OPSIYON	D_EQ	SSO	D_EQ_EPP	DE_VAKBN_EPP	VAKBN.E	31/12/2026	0.38	0.36	5.56	0	0	0	0	0	0	0	0	0	0	0					
06/10/2026	O_VAKBNE1226P30.00	VAKBN_12/2026_AVRUPA_OPSIYON	D_EQ	SSO	D_EQ_EPP	DE_VAKBN_EPP	VAKBN.E	31/12/2026	0.52	0.5	4	0	0	0	0	0	0	0	0	0	0	0					
06/10/2026	O_VAKBNE1226P31.00	VAKBN_12/2026_AVRUPA_OPSIYON	D_EQ	SSO	D_EQ_EPP	DE_VAKBN_EPP	VAKBN.E	31/12/2026	0.7	0.67	4.48	0	0	0	0	0	0	0	0	0	0	0					
06/10/2026	O_VAKBNE1226P32.00	VAKBN_12/2026_AVRUPA_OPSIYON	D_EQ	SSO	D_EQ_EPP	DE_VAKBN_EPP	VAKBN.E	31/12/2026	0.92	0.88	4.55	0	0	0	0	0	0	0	0	0	0	0					
06/10/2026	O_VAKBNE1226P33.00	VAKBN_12/2026_AVRUPA_OPSIYON	D_EQ	SSO	D_EQ_EPP	DE_VAKBN_EPP	VAKBN.E	31/12/2026	1.17	1.12	4.46	0	0	0	0	0	0	0	0	0	0	0					
06/10/2026	O_VAKBNE1226P34.00	VAKBN_12/2026_AVRUPA_OPSIYON	D_EQ	SSO	D_EQ_EPP	DE_VAKBN_EPP	VAKBN.E	31/12/2026	1.48	1.42	4.23	0	0	0	0	0	0	0	0	0	0	0					
06/10/2026	O_VAKBNE1226P35.00	VAKBN_12/2026_AVRUPA_OPSIYON	D_EQ	SSO	D_EQ_EPP	DE_VAKBN_EPP	VAKBN.E	31/12/2026	1.82	1.75	4	0	0	0	0	0	0	0	0	0	0	0					
06/10/2026	O_VAKBNE1226P36.00	VAKBN_12/2026_AVRUPA_OPSIYON	D_EQ	SSO	D_EQ_EPP	DE_VAKBN_EPP	VAKBN.E	31/12/2026	2.22	2.13	4.23	0	0	0	0	0	0	0	0	0	0	0					
06/10/2026	O_VAKBNE1226P37.00	VAKBN_12/2026_AVRUPA_OPSIYON	D_EQ	SSO	D_EQ_EPP	DE_VAKBN_EPP	VAKBN.E	31/12/2026	2.66	2.56	3.91	0	0	0	0	0	0	0	0	0	0	0					
06/10/2026	O_VAKBNE1226P38.00	VAKBN_12/2026_AVRUPA_OPSIYON	D_EQ	SSO	D_EQ_EPP	DE_VAKBN_EPP	VAKBN.E	31/12/2026	3.14	3.03	3.63	0	0	0	0	0	0	0	0	0	0	0					
06/10/2026	O_XU030E0227C16250.00	BIST 30_02/2027_AVRUPA_OPSIYON	D_IX	INO	D_IX_ECO	DE_BIST30_ECO	D_XU030D	26/02/2027	1354.92	1422.44	-4.75	1310	1310	1310	1310	1310	1625000	131000	10	2	120	10					
06/10/2026	O_XU030E0227C16500.00	BIST 30_02/2027_AVRUPA_OPSIYON	D_IX	INO	D_IX_ECO	DE_BIST30_ECO	D_XU030D	26/02/2027	1217.95	1268.22	-3.96	1180	1180	1180	1180	1180	1650000	118000	10	2	17	10					
06/10/2026	O_XU030E0227C16750.00	BIST 30_02/2027_AVRUPA_OPSIYON	D_IX	INO	D_IX_ECO	DE_BIST30_ECO	D_XU030D	26/02/2027	1105.83	1152.72	-4.07	1050	950	1050	950	983.33	5025000	295000	30	6	40	30					
06/10/2026	O_XU030E0227C17000.00	BIST 30_02/2027_AVRUPA_OPSIYON	D_IX	INO	D_IX_ECO	DE_BIST30_ECO	D_XU030D	26/02/2027	1003.64	1047.18	-4.16	930	800	930	850	858.05	21760000	1098300	128	22	193	128					
06/10/2026	O_XU030E0227C17250.00	BIST 30_02/2027_AVRUPA_OPSIYON	D_IX	INO	D_IX_ECO	DE_BIST30_ECO	D_XU030D	26/02/2027	908.42	951.09	-4.49	850	840	850	840	845	2415000	118300	14	2	78	14					
06/10/2026	O_XU030E0227C17500.00	BIST 30_02/2027_AVRUPA_OPSIYON	D_IX	INO	D_IX_ECO	DE_BIST30_ECO	D_XU030D	26/02/2027	792.23	840.45	-5.74	740	740	740	740	740	1225000	51800	7	1	114	7					
06/10/2026	O_XU030E0227C17750.00	BIST 30_02/2027_AVRUPA_OPSIYON	D_IX	INO	D_IX_ECO	DE_BIST30_ECO	D_XU030D	26/02/2027	684.65	727.55	-5.9	660	660	660	660	660	1242500	46200	7	1	98	7					
06/10/2026	O_XU030E0227C18000.00	BIST 30_02/2027_AVRUPA_OPSIYON	D_IX	INO	D_IX_ECO	DE_BIST30_ECO	D_XU030D	26/02/2027	585.84	623.35	-6.02	580	510	580	530	535.56	4860000	144600	27	5	177	27					
06/10/2026	O_XU030E0227C18250.00	BIST 30_02/2027_AVRUPA_OPSIYON	D_IX	INO	D_IX_ECO	DE_BIST30_ECO	D_XU030D	26/02/2027	500.09	524.87	-4.72	520	520	520	520	520	1277500	36400	7	1	27	7					
06/10/2026	O_XU030E0227C18500.00	BIST 30_02/2027_AVRUPA_OPSIYON	D_IX	INO	D_IX_ECO	DE_BIST30_ECO	D_XU030D	26/02/2027	435.22	458.1	-4.99	450	450	450	450	450	3885000	94500	21	3	101	21					
06/10/2026	O_XU030E0227C18750.00	BIST 30_02/2027_AVRUPA_OPSIYON	D_IX	INO	D_IX_ECO	DE_BIST30_ECO	D_XU030D	26/02/2027	377.47	398.58	-5.3	400	400	400	400	400	3937500	84000	21	3	21	21					
06/10/2026	O_XU030E0227C19000.00	BIST 30_02/2027_AVRUPA_OPSIYON	D_IX	INO	D_IX_ECO	DE_BIST30_ECO	D_XU030D	26/02/2027	326.31	345.75	-5.62	360	360	360	360	360	3990000	75600	21	3	21	21					
06/10/2026	O_XU030E0227C19250.00	BIST 30_02/2027_AVRUPA_OPSIYON	D_IX	INO	D_IX_ECO	DE_BIST30_ECO	D_XU030D	26/02/2027	281.18	299.07	-5.98	0	0	0	0	0	0	0	0	0	10	0					
06/10/2026	O_XU030E0227C19500.00	BIST 30_02/2027_AVRUPA_OPSIYON	D_IX	INO	D_IX_ECO	DE_BIST30_ECO	D_XU030D	26/02/2027	241.57	257.99	-6.36	280	280	310	310	287.5	7800000	115000	40	6	72	38					
06/10/2026	O_XU030E0227C19750.00	BIST 30_02/2027_AVRUPA_OPSIYON	D_IX	INO	D_IX_ECO	DE_BIST30_ECO	D_XU030D	26/02/2027	206.93	221.99	-6.78	0	0	0	0	0	0	0	0	0	0	0					
06/10/2026	O_XU030E0227C20000.00	BIST 30_02/2027_AVRUPA_OPSIYON	D_IX	INO	D_IX_ECO	DE_BIST30_ECO	D_XU030D	26/02/2027	176.76	190.54	-7.23	0	0	0	0	0	0	0	0	0	10	0					
06/10/2026	O_XU030E0227C20250.00	BIST 30_02/2027_AVRUPA_OPSIYON	D_IX	INO	D_IX_ECO	DE_BIST30_ECO	D_XU030D	26/02/2027	150.59	163.17	-7.71	0	0	0	0	0	0	0	0	0	1	0					
06/10/2026	O_XU030E0227C20500.00	BIST 30_02/2027_AVRUPA_OPSIYON	D_IX	INO	D_IX_ECO	DE_BIST30_ECO	D_XU030D	26/02/2027	127.96	139.44	-8.23	0	0	0	0	0	0	0	0	0	2	0					
06/10/2026	O_XU030E0227C20750.00	BIST 30_02/2027_AVRUPA_OPSIYON	D_IX	INO	D_IX_ECO	DE_BIST30_ECO	D_XU030D	26/02/2027	108.48	118.92	-8.78	0	0	0	0	0	0	0	0	0	11	0					
06/10/2026	O_XU030E0227C21000.00	BIST 30_02/2027_AVRUPA_OPSIYON	D_IX	INO	D_IX_ECO	DE_BIST30_ECO	D_XU030D	26/02/2027	91.75	101.22	-9.36	0	0	0	0	0	0	0	0	0	10	0					
06/10/2026	O_XU030E0227C21250.00	BIST 30_02/2027_AVRUPA_OPSIYON	D_IX	INO	D_IX_ECO	DE_BIST30_ECO	D_XU030D	26/02/2027	77.43	86.01	-9.98	0	0	0	0	0	0	0	0	0	0	0					
06/10/2026	O_XU030E0227P14750.00	BIST 30_02/2027_AVRUPA_OPSIYON	D_IX	INO	D_IX_EPO	DE_BIST30_EPO	D_XU030D	26/02/2027	245.61	245.49	0.05	0	0	0	0	0	0	0	0	0	0	0					
06/10/2026	O_XU030E0227P15000.00	BIST 30_02/2027_AVRUPA_OPSIYON	D_IX	INO	D_IX_EPO	DE_BIST30_EPO	D_XU030D	26/02/2027	274.78	273.76	0.37	0	0	0	0	0	0	0	0	0	0	0					
06/10/2026	O_XU030E0227P15250.00	BIST 30_02/2027_AVRUPA_OPSIYON	D_IX	INO	D_IX_EPO	DE_BIST30_EPO	D_XU030D	26/02/2027	307.41	305.31	0.69	0	0	0	0	0	0	0	0	0	0	0					
06/10/2026	O_XU030E0227P15500.00	BIST 30_02/2027_AVRUPA_OPSIYON	D_IX	INO	D_IX_EPO	DE_BIST30_EPO	D_XU030D	26/02/2027	343.98	340.57	1	0	0	0	0	0	0	0	0	0	0	0					
06/10/2026	O_XU030E0227P15750.00	BIST 30_02/2027_AVRUPA_OPSIYON	D_IX	INO	D_IX_EPO	DE_BIST30_EPO	D_XU030D	26/02/2027	384.97	380	1.31	0	0	0	0	0	0	0	0	0	0	0					
06/10/2026	O_XU030E0227P16000.00	BIST 30_02/2027_AVRUPA_OPSIYON	D_IX	INO	D_IX_EPO	DE_BIST30_EPO	D_XU030D	26/02/2027	430.98	424.17	1.61	0	0	0	0	0	0	0	0	0	0	0					
06/10/2026	O_XU030E0227P16250.00	BIST 30_02/2027_AVRUPA_OPSIYON	D_IX	INO	D_IX_EPO	DE_BIST30_EPO	D_XU030D	26/02/2027	482.67	473.68	1.9	0	0	0	0	0	0	0	0	0	0	0					
06/10/2026	O_XU030E0227P16500.00	BIST 30_02/2027_AVRUPA_OPSIYON	D_IX	INO	D_IX_EPO	DE_BIST30_EPO	D_XU030D	26/02/2027	568.85	542.43	4.87	0	0	0	0	0	0	0	0	0	0	0					
06/10/2026	O_XU030E0227P16750.00	BIST 30_02/2027_AVRUPA_OPSIYON	D_IX	INO	D_IX_EPO	DE_BIST30_EPO	D_XU030D	26/02/2027	679.88	649.9	4.61	0	0	0	0	0	0	0	0	0	5	0					
06/10/2026	O_XU030E0227P17000.00	BIST 30_02/2027_AVRUPA_OPSIYON	D_IX	INO	D_IX_EPO	DE_BIST30_EPO	D_XU030D	26/02/2027	800.84	767.33	4.37	0	0	0	0	0	0	0	0	0	0	0					
06/10/2026	O_XU030E0227P17250.00	BIST 30_02/2027_AVRUPA_OPSIYON	D_IX	INO	D_IX_EPO	DE_BIST30_EPO	D_XU030D	26/02/2027	928.77	894.22	3.86	0	0	0	0	0	0	0	0	0	0	0					
06/10/2026	O_XU030E0227P17500.00	BIST 30_02/2027_AVRUPA_OPSIYON	D_IX	INO	D_IX_EPO	DE_BIST30_EPO	D_XU030D	26/02/2027	1035.73	1006.55	2.9	0	0	0	0	0	0	0	0	0	0	0					
06/10/2026	O_XU030E0227P17750.00	BIST 30_02/2027_AVRUPA_OPSIYON	D_IX	INO	D_IX_EPO	DE_BIST30_EPO	D_XU030D	26/02/2027	1151.3	1116.62	3.11	0	0	0	0	0	0	0	0	0	0	0					
06/10/2026	O_XU030E0227P18000.00	BIST 30_02/2027_AVRUPA_OPSIYON	D_IX	INO	D_IX_EPO	DE_BIST30_EPO	D_XU030D	26/02/2027	1275.65	1235.39	3.26	0	0	0	0	0	0	0	0	0	0	0					
06/10/2026	O_XU030E0227P18250.00	BIST 30_02/2027_AVRUPA_OPSIYON	D_IX	INO	D_IX_EPO	DE_BIST30_EPO	D_XU030D	26/02/2027	1413.05	1359.89	3.91	0	0	0	0	0	0	0	0	0	0	0					
06/10/2026	O_XU030E0227P18500.00	BIST 30_02/2027_AVRUPA_OPSIYON	D_IX	INO	D_IX_EPO	DE_BIST30_EPO	D_XU030D	26/02/2027	1571.32	1516.09	3.64	0	0	0	0	0	0	0	0	0	0	0					
06/10/2026	O_XU030E0227P18750.00	BIST 30_02/2027_AVRUPA_OPSIYON	D_IX	INO	D_IX_EPO	DE_BIST30_EPO	D_XU030D	26/02/2027	1736.72	1679.54	3.4	0	0	0	0	0	0	0	0	0	0	0					
06/10/2026	O_XU030E0227P19000.00	BIST 30_02/2027_AVRUPA_OPSIYON	D_IX	INO	D_IX_EPO	DE_BIST30_EPO	D_XU030D	26/02/2027	1908.71	1849.69	3.19	0	0	0	0	0	0	0	0	0	2	0					
06/10/2026	O_XU030E0227P19250.00	BIST 30_02/2027_AVRUPA_OPSIYON	D_IX	INO	D_IX_EPO	DE_BIST30_EPO	D_XU030D	26/02/2027	2086.74	2025.98	3	0	0	0	0	0	0	0	0	0	0	0					
06/10/2026	O_XU030E0227P19500.00	BIST 30_02/2027_AVRUPA_OPSIYON	D_IX	INO	D_IX_EPO	DE_BIST30_EPO	D_XU030D	26/02/2027	2270.27	2207.87	2.83	0	0	0	0	0	0	0	0	0	0	0					
06/10/2026	O_XU030E0227P19750.00	BIST 30_02/2027_AVRUPA_OPSIYON	D_IX	INO	D_IX_EPO	DE_BIST30_EPO	D_XU030D	26/02/2027	2458.78	2394.84	2.67	0	0	0	0	0	0	0	0	0	0	0					
06/10/2026	O_XU030E1026C14750.00	BIST 30_10/2026_AVRUPA_OPSIYON	D_IX	INO	D_IX_ECO	DE_BIST30_ECO	D_XU030D	30/10/2026	972.28	1044.99	-6.96	0	0	0	0	0	0	0	0	0	38	0					
06/10/2026	O_XU030E1026C15000.00	BIST 30_10/2026_AVRUPA_OPSIYON	D_IX	INO	D_IX_ECO	DE_BIST30_ECO	D_XU030D	30/10/2026	770.47	835.77	-7.81	0	0	0	0	0	0	0	0	0	6236	0					
06/10/2026	O_XU030E1026C15250.00	BIST 30_10/2026_AVRUPA_OPSIYON	D_IX	INO	D_IX_ECO	DE_BIST30_ECO	D_XU030D	30/10/2026	595.55	655.25	-9.11	0	0	0	0	0	0	0	0	0	2056	0					
06/10/2026	O_XU030E1026C15500.00	BIST 30_10/2026_AVRUPA_OPSIYON	D_IX	INO	D_IX_ECO	DE_BIST30_ECO	D_XU030D	30/10/2026	445.37	498.16	-10.6	410	288	410	348.81	332.46	603260000	12939360.7	3892	310	14270	3334					
06/10/2026	O_XU030E1026C15750.00	BIST 30_10/2026_AVRUPA_OPSIYON	D_IX	INO	D_IX_ECO	DE_BIST30_ECO	D_XU030D	30/10/2026	321.52	366.48	-12.27	224	200	244	208.21	217.13	50085000	690470.8	318	32	2112	-100					
06/10/2026	O_XU030E1026C16000.00	BIST 30_10/2026_AVRUPA_OPSIYON	D_IX	INO	D_IX_ECO	DE_BIST30_ECO	D_XU030D	30/10/2026	223.68	260.43	-14.11	168	145.92	175.99	160	159.49	39840000	397119.5	249	25	2021	-33					
06/10/2026	O_XU030E1026C16250.00	BIST 30_10/2026_AVRUPA_OPSIYON	D_IX	INO	D_IX_ECO	DE_BIST30_ECO	D_XU030D	30/10/2026	149.75	178.54	-16.13	108.71	105	109.3	105	106.09	2275000	14852.4	14	4	359	0					
06/10/2026	O_XU030E1026C16500.00	BIST 30_10/2026_AVRUPA_OPSIYON	D_IX	INO	D_IX_ECO	DE_BIST30_ECO	D_XU030D	30/10/2026	96.76	117.97	-17.98	104	81.46	104	81.46	90.92	44550000	245484.4	270	28	1679	10					
06/10/2026	O_XU030E1026C16750.00	BIST 30_10/2026_AVRUPA_OPSIYON	D_IX	INO	D_IX_ECO	DE_BIST30_ECO	D_XU030D	30/10/2026	61.75	76.7	-19.49	76	68	76	68	74.81	11222500	50120	67	7	1277	-17					
06/10/2026	O_XU030E1026C17000.00	BIST 30_10/2026_AVRUPA_OPSIYON	D_IX	INO	D_IX_ECO	DE_BIST30_ECO	D_XU030D	30/10/2026	38.38	48.85	-21.43	60	40.01	68	50	58.81	11390000	39400.4	67	7	1655	-36					
06/10/2026	O_XU030E1026C17250.00	BIST 30_10/2026_AVRUPA_OPSIYON	D_IX	INO	D_IX_ECO	DE_BIST30_ECO	D_XU030D	30/10/2026	23.28	30.39	-23.4	44	44	44	44	44	3105000	7920	18	1	1035	-18					
06/10/2026	O_XU030E1026C17500.00	BIST 30_10/2026_AVRUPA_OPSIYON	D_IX	INO	D_IX_ECO	DE_BIST30_ECO	D_XU030D	30/10/2026	13.81	18.5	-25.35	40	40	42	40	41	35000000	82000	200	4	3262	34					
06/10/2026	O_XU030E1026C17750.00	BIST 30_10/2026_AVRUPA_OPSIYON	D_IX	INO	D_IX_ECO	DE_BIST30_ECO	D_XU030D	30/10/2026	8.03	11.05	-27.33	0	0	0	0	0	0	0	0	0	1608	0					
06/10/2026	O_XU030E1026C18000.00	BIST 30_10/2026_AVRUPA_OPSIYON	D_IX	INO	D_IX_ECO	DE_BIST30_ECO	D_XU030D	30/10/2026	4.59	6.48	-29.17	26	26	26	26	26	180000	260	1	1	1531	0					
06/10/2026	O_XU030E1026C18250.00	BIST 30_10/2026_AVRUPA_OPSIYON	D_IX	INO	D_IX_ECO	DE_BIST30_ECO	D_XU030D	30/10/2026	2.58	3.75	-31.2	23	23	23	23	23	365000	460	2	2	2588	0					
06/10/2026	O_XU030E1026C18500.00	BIST 30_10/2026_AVRUPA_OPSIYON	D_IX	INO	D_IX_ECO	DE_BIST30_ECO	D_XU030D	30/10/2026	1.43	2.14	-33.18	0	0	0	0	0	0	0	0	0	1424	0					
06/10/2026	O_XU030E1026C18750.00	BIST 30_10/2026_AVRUPA_OPSIYON	D_IX	INO	D_IX_ECO	DE_BIST30_ECO	D_XU030D	30/10/2026	0.79	1.2	-34.17	0	0	0	0	0	0	0	0	0	625	0					
06/10/2026	O_XU030E1026C19000.00	BIST 30_10/2026_AVRUPA_OPSIYON	D_IX	INO	D_IX_ECO	DE_BIST30_ECO	D_XU030D	30/10/2026	0.43	0.67	-35.82	0	0	0	0	0	0	0	0	0	674	0					
06/10/2026	O_XU030E1026C19250.00	BIST 30_10/2026_AVRUPA_OPSIYON	D_IX	INO	D_IX_ECO	DE_BIST30_ECO	D_XU030D	30/10/2026	0.23	0.37	-37.84	0	0	0	0	0	0	0	0	0	378	0					
06/10/2026	O_XU030E1026C19500.00	BIST 30_10/2026_AVRUPA_OPSIYON	D_IX	INO	D_IX_ECO	DE_BIST30_ECO	D_XU030D	30/10/2026	0.12	0.2	-40	0	0	0	0	0	0	0	0	0	155	0					
06/10/2026	O_XU030E1026C19750.00	BIST 30_10/2026_AVRUPA_OPSIYON	D_IX	INO	D_IX_ECO	DE_BIST30_ECO	D_XU030D	30/10/2026	0.07	0.11	-36.36	0	0	0	0	0	0	0	0	0	53	0					
06/10/2026	O_XU030E1026C20000.00	BIST 30_10/2026_AVRUPA_OPSIYON	D_IX	INO	D_IX_ECO	DE_BIST30_ECO	D_XU030D	30/10/2026	0.03	0.06	-50	0	0	0	0	0	0	0	0	0	126	0					
06/10/2026	O_XU030E1026C20250.00	BIST 30_10/2026_AVRUPA_OPSIYON	D_IX	INO	D_IX_ECO	DE_BIST30_ECO	D_XU030D	30/10/2026	0.02	0.03	-33.33	0	0	0	0	0	0	0	0	0	39	0					
06/10/2026	O_XU030E1026C20500.00	BIST 30_10/2026_AVRUPA_OPSIYON	D_IX	INO	D_IX_ECO	DE_BIST30_ECO	D_XU030D	30/10/2026	0.01	0.02	-50	0	0	0	0	0	0	0	0	0	24	0					
06/10/2026	O_XU030E1026C20750.00	BIST 30_10/2026_AVRUPA_OPSIYON	D_IX	INO	D_IX_ECO	DE_BIST30_ECO	D_XU030D	30/10/2026	0.01	0.01	0	0	0	0	0	0	0	0	0	0	20	0					
06/10/2026	O_XU030E1026C21000.00	BIST 30_10/2026_AVRUPA_OPSIYON	D_IX	INO	D_IX_ECO	DE_BIST30_ECO	D_XU030D	30/10/2026	0.01	0.01	0	0	0	0	0	0	0	0	0	0	1	0					
06/10/2026	O_XU030E1026C21250.00	BIST 30_10/2026_AVRUPA_OPSIYON	D_IX	INO	D_IX_ECO	DE_BIST30_ECO	D_XU030D	30/10/2026	0.01	0.01	0	0	0	0	0	0	0	0	0	0	50	0					
06/10/2026	O_XU030E1026C21500.00	BIST 30_10/2026_AVRUPA_OPSIYON	D_IX	INO	D_IX_ECO	DE_BIST30_ECO	D_XU030D	30/10/2026	0.01	0.01	0	0	0	0	0	0	0	0	0	0	246	0					
06/10/2026	O_XU030E1026P13250.00	BIST 30_10/2026_AVRUPA_OPSIYON	D_IX	INO	D_IX_EPO	DE_BIST30_EPO	D_XU030D	30/10/2026	5.19	5.95	-12.77	0	0	0	0	0	0	0	0	0	0	0					
06/10/2026	O_XU030E1026P13500.00	BIST 30_10/2026_AVRUPA_OPSIYON	D_IX	INO	D_IX_EPO	DE_BIST30_EPO	D_XU030D	30/10/2026	8.29	9.14	-9.3	0	0	0	0	0	0	0	0	0	0	0					
06/10/2026	O_XU030E1026P13750.00	BIST 30_10/2026_AVRUPA_OPSIYON	D_IX	INO	D_IX_EPO	DE_BIST30_EPO	D_XU030D	30/10/2026	13.13	14	-6.21	0	0	0	0	0	0	0	0	0	0	0					
06/10/2026	O_XU030E1026P14000.00	BIST 30_10/2026_AVRUPA_OPSIYON	D_IX	INO	D_IX_EPO	DE_BIST30_EPO	D_XU030D	30/10/2026	20.67	21.33	-3.09	0	0	0	0	0	0	0	0	0	0	0					
06/10/2026	O_XU030E1026P14250.00	BIST 30_10/2026_AVRUPA_OPSIYON	D_IX	INO	D_IX_EPO	DE_BIST30_EPO	D_XU030D	30/10/2026	32.25	32.33	-0.25	0	0	0	0	0	0	0	0	0	114	0					
06/10/2026	O_XU030E1026P14500.00	BIST 30_10/2026_AVRUPA_OPSIYON	D_IX	INO	D_IX_EPO	DE_BIST30_EPO	D_XU030D	30/10/2026	49.86	48.7	2.38	0	0	0	0	0	0	0	0	0	187	0					
06/10/2026	O_XU030E1026P14750.00	BIST 30_10/2026_AVRUPA_OPSIYON	D_IX	INO	D_IX_EPO	DE_BIST30_EPO	D_XU030D	30/10/2026	76.21	72.81	4.67	56	56	56	56	56	737500	2800	5	1	1338	5					
06/10/2026	O_XU030E1026P15000.00	BIST 30_10/2026_AVRUPA_OPSIYON	D_IX	INO	D_IX_EPO	DE_BIST30_EPO	D_XU030D	30/10/2026	119.83	108.84	10.1	83.99	56	84	56	81.43	25650000	139238	171	20	1075	171					
06/10/2026	O_XU030E1026P15250.00	BIST 30_10/2026_AVRUPA_OPSIYON	D_IX	INO	D_IX_EPO	DE_BIST30_EPO	D_XU030D	30/10/2026	190.35	173.57	9.67	96.86	96.86	96.86	96.86	96.86	915000	5811.6	6	2	388	1					
06/10/2026	O_XU030E1026P15500.00	BIST 30_10/2026_AVRUPA_OPSIYON	D_IX	INO	D_IX_EPO	DE_BIST30_EPO	D_XU030D	30/10/2026	285.61	261.73	9.12	172	172	210.33	180	195.16	5425000	68305.5	35	5	819	3					
06/10/2026	O_XU030E1026P15750.00	BIST 30_10/2026_AVRUPA_OPSIYON	D_IX	INO	D_IX_EPO	DE_BIST30_EPO	D_XU030D	30/10/2026	407.2	375.3	8.5	318.61	313.48	318.61	313.48	316.05	315000	6320.9	2	2	1004	0					
06/10/2026	O_XU030E1026P16000.00	BIST 30_10/2026_AVRUPA_OPSIYON	D_IX	INO	D_IX_EPO	DE_BIST30_EPO	D_XU030D	30/10/2026	554.8	514.5	7.83	520	519.03	520	519.03	519.52	320000	10390.3	2	2	9794	0					
06/10/2026	O_XU030E1026P16250.00	BIST 30_10/2026_AVRUPA_OPSIYON	D_IX	INO	D_IX_EPO	DE_BIST30_EPO	D_XU030D	30/10/2026	726.31	677.86	7.15	648	648	716	716	679.03	6012500	251240	37	5	566	36					
06/10/2026	O_XU030E1026P16500.00	BIST 30_10/2026_AVRUPA_OPSIYON	D_IX	INO	D_IX_EPO	DE_BIST30_EPO	D_XU030D	30/10/2026	918.76	862.55	6.52	870	870	870	870	870	165000	8700	1	1	4525	0					
06/10/2026	O_XU030E1026P16750.00	BIST 30_10/2026_AVRUPA_OPSIYON	D_IX	INO	D_IX_EPO	DE_BIST30_EPO	D_XU030D	30/10/2026	1129.19	1066.53	5.88	0	0	0	0	0	0	0	0	0	439	0					
06/10/2026	O_XU030E1026P17000.00	BIST 30_10/2026_AVRUPA_OPSIYON	D_IX	INO	D_IX_EPO	DE_BIST30_EPO	D_XU030D	30/10/2026	1351.26	1283.93	5.24	0	0	0	0	0	0	0	0	0	2030	0					
06/10/2026	O_XU030E1026P17250.00	BIST 30_10/2026_AVRUPA_OPSIYON	D_IX	INO	D_IX_EPO	DE_BIST30_EPO	D_XU030D	30/10/2026	1581.6	1510.72	4.69	1680	1660	1680	1660	1670	2415000	233800	14	2	559	0					
06/10/2026	O_XU030E1026P17500.00	BIST 30_10/2026_AVRUPA_OPSIYON	D_IX	INO	D_IX_EPO	DE_BIST30_EPO	D_XU030D	30/10/2026	1817.57	1744.08	4.21	1900	1880	1900	1880	1895	4200000	454800	24	5	4032	0					
06/10/2026	O_XU030E1026P17750.00	BIST 30_10/2026_AVRUPA_OPSIYON	D_IX	INO	D_IX_EPO	DE_BIST30_EPO	D_XU030D	30/10/2026	2057.23	1981.88	3.8	0	0	0	0	0	0	0	0	0	4671	0					
06/10/2026	O_XU030E1026P18000.00	BIST 30_10/2026_AVRUPA_OPSIYON	D_IX	INO	D_IX_EPO	DE_BIST30_EPO	D_XU030D	30/10/2026	2299.22	2222.57	3.45	0	0	0	0	0	0	0	0	0	7982	0					
06/10/2026	O_XU030E1026P18250.00	BIST 30_10/2026_AVRUPA_OPSIYON	D_IX	INO	D_IX_EPO	DE_BIST30_EPO	D_XU030D	30/10/2026	2542.65	2465.08	3.15	0	0	0	0	0	0	0	0	0	4616	0					
06/10/2026	O_XU030E1026P18500.00	BIST 30_10/2026_AVRUPA_OPSIYON	D_IX	INO	D_IX_EPO	DE_BIST30_EPO	D_XU030D	30/10/2026	2786.95	2708.72	2.89	2750	2730	2800	2730	2749	9250000	1374500	50	10	1790	0					
06/10/2026	O_XU030E1026P18750.00	BIST 30_10/2026_AVRUPA_OPSIYON	D_IX	INO	D_IX_EPO	DE_BIST30_EPO	D_XU030D	30/10/2026	3031.74	2953.04	2.67	0	0	0	0	0	0	0	0	0	60	0					
06/10/2026	O_XU030E1026P19000.00	BIST 30_10/2026_AVRUPA_OPSIYON	D_IX	INO	D_IX_EPO	DE_BIST30_EPO	D_XU030D	30/10/2026	3276.82	3197.76	2.47	0	0	0	0	0	0	0	0	0	53	0					
06/10/2026	O_XU030E1026P19250.00	BIST 30_10/2026_AVRUPA_OPSIYON	D_IX	INO	D_IX_EPO	DE_BIST30_EPO	D_XU030D	30/10/2026	3522.06	3442.71	2.3	0	0	0	0	0	0	0	0	0	14	0					
06/10/2026	O_XU030E1026P19500.00	BIST 30_10/2026_AVRUPA_OPSIYON	D_IX	INO	D_IX_EPO	DE_BIST30_EPO	D_XU030D	30/10/2026	3767.39	3687.8	2.16	0	0	0	0	0	0	0	0	0	12	0					
06/10/2026	O_XU030E1026P19750.00	BIST 30_10/2026_AVRUPA_OPSIYON	D_IX	INO	D_IX_EPO	DE_BIST30_EPO	D_XU030D	30/10/2026	4012.78	3932.95	2.03	0	0	0	0	0	0	0	0	0	7	0					
06/10/2026	O_XU030E1026P20000.00	BIST 30_10/2026_AVRUPA_OPSIYON	D_IX	INO	D_IX_EPO	DE_BIST30_EPO	D_XU030D	30/10/2026	4258.18	4178.15	1.92	0	0	0	0	0	0	0	0	0	10	0					
06/10/2026	O_XU030E1226C15500.00	BIST 30_12/2026_AVRUPA_OPSIYON	D_IX	INO	D_IX_ECO	DE_BIST30_ECO	D_XU030D	31/12/2026	1224.06	1273.96	-3.92	900	900	1000	1000	991.67	186000000	11900000	1200	24	1339	1200					
06/10/2026	O_XU030E1226C15750.00	BIST 30_12/2026_AVRUPA_OPSIYON	D_IX	INO	D_IX_ECO	DE_BIST30_ECO	D_XU030D	31/12/2026	1062.03	1095.54	-3.06	844	800	856	845	841.84	103477500	5530885	657	63	1225	657					
06/10/2026	O_XU030E1226C16000.00	BIST 30_12/2026_AVRUPA_OPSIYON	D_IX	INO	D_IX_ECO	DE_BIST30_ECO	D_XU030D	31/12/2026	925.06	960.71	-3.71	760	688.01	772	720.01	719.9	148480000	6680712.5	928	84	3993	915					
06/10/2026	O_XU030E1226C16250.00	BIST 30_12/2026_AVRUPA_OPSIYON	D_IX	INO	D_IX_ECO	DE_BIST30_ECO	D_XU030D	31/12/2026	801.01	839.68	-4.61	630.72	568	635.47	584.5	601.79	64837500	2401132	399	37	589	379					
06/10/2026	O_XU030E1226C16500.00	BIST 30_12/2026_AVRUPA_OPSIYON	D_IX	INO	D_IX_ECO	DE_BIST30_ECO	D_XU030D	31/12/2026	688.56	731.9	-5.92	536	448	536	480	485.81	24090000	709286.1	146	22	2097	0					
06/10/2026	O_XU030E1226C16750.00	BIST 30_12/2026_AVRUPA_OPSIYON	D_IX	INO	D_IX_ECO	DE_BIST30_ECO	D_XU030D	31/12/2026	580.47	614.09	-5.47	404	368	404	368	387.1	8207500	189680	49	7	303	7					
06/10/2026	O_XU030E1226C17000.00	BIST 30_12/2026_AVRUPA_OPSIYON	D_IX	INO	D_IX_ECO	DE_BIST30_ECO	D_XU030D	31/12/2026	484.4	510	-5.02	360	315	360	315	333.4	4250000	83350	25	5	389	25					
06/10/2026	O_XU030E1226C17250.00	BIST 30_12/2026_AVRUPA_OPSIYON	D_IX	INO	D_IX_ECO	DE_BIST30_ECO	D_XU030D	31/12/2026	399.98	417.98	-4.31	320	286.61	320	292	308.39	6210000	111021	36	5	587	36					
06/10/2026	O_XU030E1226C17500.00	BIST 30_12/2026_AVRUPA_OPSIYON	D_IX	INO	D_IX_ECO	DE_BIST30_ECO	D_XU030D	31/12/2026	329.59	338.6	-2.66	268	248	268	248	256.95	7525000	110490	43	5	1132	33					
06/10/2026	O_XU030E1226C17750.00	BIST 30_12/2026_AVRUPA_OPSIYON	D_IX	INO	D_IX_ECO	DE_BIST30_ECO	D_XU030D	31/12/2026	275.24	283.2	-2.81	220	220	220	220	220	1775000	22000	10	1	381	10					
06/10/2026	O_XU030E1226C18000.00	BIST 30_12/2026_AVRUPA_OPSIYON	D_IX	INO	D_IX_ECO	DE_BIST30_ECO	D_XU030D	31/12/2026	229.1	236.23	-3.02	160.01	160.01	160.01	160.01	160.01	1800000	16001	10	1	338	0					
06/10/2026	O_XU030E1226C18250.00	BIST 30_12/2026_AVRUPA_OPSIYON	D_IX	INO	D_IX_ECO	DE_BIST30_ECO	D_XU030D	31/12/2026	190.14	196.62	-3.3	184	155	184	155	176.91	60590000	587340	332	37	684	-267					
06/10/2026	O_XU030E1226C18500.00	BIST 30_12/2026_AVRUPA_OPSIYON	D_IX	INO	D_IX_ECO	DE_BIST30_ECO	D_XU030D	31/12/2026	157.41	163.38	-3.65	0	0	0	0	0	0	0	0	0	152	0					
06/10/2026	O_XU030E1226C18750.00	BIST 30_12/2026_AVRUPA_OPSIYON	D_IX	INO	D_IX_ECO	DE_BIST30_ECO	D_XU030D	31/12/2026	130.05	135.58	-4.08	0	0	0	0	0	0	0	0	0	73	0					
06/10/2026	O_XU030E1226C19000.00	BIST 30_12/2026_AVRUPA_OPSIYON	D_IX	INO	D_IX_ECO	DE_BIST30_ECO	D_XU030D	31/12/2026	107.26	112.43	-4.6	0	0	0	0	0	0	0	0	0	79	0					
06/10/2026	O_XU030E1226C19250.00	BIST 30_12/2026_AVRUPA_OPSIYON	D_IX	INO	D_IX_ECO	DE_BIST30_ECO	D_XU030D	31/12/2026	88.35	93.18	-5.18	0	0	0	0	0	0	0	0	0	40	0					
06/10/2026	O_XU030E1226C19500.00	BIST 30_12/2026_AVRUPA_OPSIYON	D_IX	INO	D_IX_ECO	DE_BIST30_ECO	D_XU030D	31/12/2026	72.7	77.23	-5.87	0	0	0	0	0	0	0	0	0	69	0					
06/10/2026	O_XU030E1226C19750.00	BIST 30_12/2026_AVRUPA_OPSIYON	D_IX	INO	D_IX_ECO	DE_BIST30_ECO	D_XU030D	31/12/2026	59.79	64.02	-6.61	0	0	0	0	0	0	0	0	0	50	0					
06/10/2026	O_XU030E1226C20000.00	BIST 30_12/2026_AVRUPA_OPSIYON	D_IX	INO	D_IX_ECO	DE_BIST30_ECO	D_XU030D	31/12/2026	49.15	53.11	-7.46	0	0	0	0	0	0	0	0	0	100	0					
06/10/2026	O_XU030E1226C20250.00	BIST 30_12/2026_AVRUPA_OPSIYON	D_IX	INO	D_IX_ECO	DE_BIST30_ECO	D_XU030D	31/12/2026	40.4	44.09	-8.37	0	0	0	0	0	0	0	0	0	52	0					
06/10/2026	O_XU030E1226C20500.00	BIST 30_12/2026_AVRUPA_OPSIYON	D_IX	INO	D_IX_ECO	DE_BIST30_ECO	D_XU030D	31/12/2026	33.22	36.65	-9.36	0	0	0	0	0	0	0	0	0	131	0					
06/10/2026	O_XU030E1226C20750.00	BIST 30_12/2026_AVRUPA_OPSIYON	D_IX	INO	D_IX_ECO	DE_BIST30_ECO	D_XU030D	31/12/2026	27.33	30.5	-10.39	0	0	0	0	0	0	0	0	0	73	0					
06/10/2026	O_XU030E1226C21000.00	BIST 30_12/2026_AVRUPA_OPSIYON	D_IX	INO	D_IX_ECO	DE_BIST30_ECO	D_XU030D	31/12/2026	22.49	25.43	-11.56	0	0	0	0	0	0	0	0	0	108	0					
06/10/2026	O_XU030E1226C21250.00	BIST 30_12/2026_AVRUPA_OPSIYON	D_IX	INO	D_IX_ECO	DE_BIST30_ECO	D_XU030D	31/12/2026	18.53	21.24	-12.76	0	0	0	0	0	0	0	0	0	91	0					
06/10/2026	O_XU030E1226P14000.00	BIST 30_12/2026_AVRUPA_OPSIYON	D_IX	INO	D_IX_EPO	DE_BIST30_EPO	D_XU030D	31/12/2026	129.05	128.05	0.78	0	0	0	0	0	0	0	0	0	23	0					
06/10/2026	O_XU030E1226P14250.00	BIST 30_12/2026_AVRUPA_OPSIYON	D_IX	INO	D_IX_EPO	DE_BIST30_EPO	D_XU030D	31/12/2026	150.19	146.65	2.41	0	0	0	0	0	0	0	0	0	52	0					
06/10/2026	O_XU030E1226P14500.00	BIST 30_12/2026_AVRUPA_OPSIYON	D_IX	INO	D_IX_EPO	DE_BIST30_EPO	D_XU030D	31/12/2026	174.87	168.19	3.97	0	0	0	0	0	0	0	0	0	132	0					
06/10/2026	O_XU030E1226P14750.00	BIST 30_12/2026_AVRUPA_OPSIYON	D_IX	INO	D_IX_EPO	DE_BIST30_EPO	D_XU030D	31/12/2026	203.71	193.22	5.43	0	0	0	0	0	0	0	0	0	116	0					
06/10/2026	O_XU030E1226P15000.00	BIST 30_12/2026_AVRUPA_OPSIYON	D_IX	INO	D_IX_EPO	DE_BIST30_EPO	D_XU030D	31/12/2026	237.45	222.42	6.76	0	0	0	0	0	0	0	0	0	33	0					
06/10/2026	O_XU030E1226P15250.00	BIST 30_12/2026_AVRUPA_OPSIYON	D_IX	INO	D_IX_EPO	DE_BIST30_EPO	D_XU030D	31/12/2026	276.98	256.6	7.94	0	0	0	0	0	0	0	0	0	93	0					
06/10/2026	O_XU030E1226P15500.00	BIST 30_12/2026_AVRUPA_OPSIYON	D_IX	INO	D_IX_EPO	DE_BIST30_EPO	D_XU030D	31/12/2026	323.34	296.74	8.96	0	0	0	0	0	0	0	0	0	1541	0					
06/10/2026	O_XU030E1226P15750.00	BIST 30_12/2026_AVRUPA_OPSIYON	D_IX	INO	D_IX_EPO	DE_BIST30_EPO	D_XU030D	31/12/2026	394.8	351.62	12.28	0	0	0	0	0	0	0	0	0	42	0					
06/10/2026	O_XU030E1226P16000.00	BIST 30_12/2026_AVRUPA_OPSIYON	D_IX	INO	D_IX_EPO	DE_BIST30_EPO	D_XU030D	31/12/2026	491.32	450.1	9.16	0	0	0	0	0	0	0	0	0	104	0					
06/10/2026	O_XU030E1226P16250.00	BIST 30_12/2026_AVRUPA_OPSIYON	D_IX	INO	D_IX_EPO	DE_BIST30_EPO	D_XU030D	31/12/2026	600.75	562.37	6.82	0	0	0	0	0	0	0	0	0	2	0					
06/10/2026	O_XU030E1226P16500.00	BIST 30_12/2026_AVRUPA_OPSIYON	D_IX	INO	D_IX_EPO	DE_BIST30_EPO	D_XU030D	31/12/2026	721.79	687.89	4.93	544	501.23	588	504	538.69	24420000	797261	148	22	243	147					
06/10/2026	O_XU030E1226P16750.00	BIST 30_12/2026_AVRUPA_OPSIYON	D_IX	INO	D_IX_EPO	DE_BIST30_EPO	D_XU030D	31/12/2026	847.19	803.38	5.45	728.92	728.92	728.92	728.92	728.92	1675000	72892	10	1	57	10					
06/10/2026	O_XU030E1226P17000.00	BIST 30_12/2026_AVRUPA_OPSIYON	D_IX	INO	D_IX_EPO	DE_BIST30_EPO	D_XU030D	31/12/2026	984.61	932.6	5.58	900	820	900	820	854.26	7820000	392960	46	6	259	46					
06/10/2026	O_XU030E1226P17250.00	BIST 30_12/2026_AVRUPA_OPSIYON	D_IX	INO	D_IX_EPO	DE_BIST30_EPO	D_XU030D	31/12/2026	1133.68	1073.88	5.57	1032	1032	1036	1036	1034	3450000	206800	20	2	61	20					
06/10/2026	O_XU030E1226P17500.00	BIST 30_12/2026_AVRUPA_OPSIYON	D_IX	INO	D_IX_EPO	DE_BIST30_EPO	D_XU030D	31/12/2026	1296.77	1227.81	5.62	0	0	0	0	0	0	0	0	0	9	0					
06/10/2026	O_XU030E1226P17750.00	BIST 30_12/2026_AVRUPA_OPSIYON	D_IX	INO	D_IX_EPO	DE_BIST30_EPO	D_XU030D	31/12/2026	1475.92	1405.7	5	0	0	0	0	0	0	0	0	0	106	0					
06/10/2026	O_XU030E1226P18000.00	BIST 30_12/2026_AVRUPA_OPSIYON	D_IX	INO	D_IX_EPO	DE_BIST30_EPO	D_XU030D	31/12/2026	1663.26	1592.04	4.47	0	0	0	0	0	0	0	0	0	76	0					
06/10/2026	O_XU030E1226P18250.00	BIST 30_12/2026_AVRUPA_OPSIYON	D_IX	INO	D_IX_EPO	DE_BIST30_EPO	D_XU030D	31/12/2026	1857.79	1785.73	4.04	0	0	0	0	0	0	0	0	0	43	0					
06/10/2026	O_XU030E1226P18500.00	BIST 30_12/2026_AVRUPA_OPSIYON	D_IX	INO	D_IX_EPO	DE_BIST30_EPO	D_XU030D	31/12/2026	2058.55	1985.79	3.66	0	0	0	0	0	0	0	0	0	82	0					
06/10/2026	O_XU030E1226P18750.00	BIST 30_12/2026_AVRUPA_OPSIYON	D_IX	INO	D_IX_EPO	DE_BIST30_EPO	D_XU030D	31/12/2026	2264.68	2191.3	3.35	0	0	0	0	0	0	0	0	0	0	0					
06/10/2026	O_XU030E1226P19000.00	BIST 30_12/2026_AVRUPA_OPSIYON	D_IX	INO	D_IX_EPO	DE_BIST30_EPO	D_XU030D	31/12/2026	2475.38	2401.45	3.08	0	0	0	0	0	0	0	0	0	10	0					
06/10/2026	O_XU030E1226P19250.00	BIST 30_12/2026_AVRUPA_OPSIYON	D_IX	INO	D_IX_EPO	DE_BIST30_EPO	D_XU030D	31/12/2026	2689.95	2615.51	2.85	0	0	0	0	0	0	0	0	0	30	0					
06/10/2026	O_XU030E1226P19500.00	BIST 30_12/2026_AVRUPA_OPSIYON	D_IX	INO	D_IX_EPO	DE_BIST30_EPO	D_XU030D	31/12/2026	2907.79	2832.86	2.65	0	0	0	0	0	0	0	0	0	43	0					
06/10/2026	O_XU030E1226P19750.00	BIST 30_12/2026_AVRUPA_OPSIYON	D_IX	INO	D_IX_EPO	DE_BIST30_EPO	D_XU030D	31/12/2026	3128.36	3052.95	2.47	0	0	0	0	0	0	0	0	0	23	0					
06/10/2026	O_YKBNKE1026C32.00	YKBNK_10/2026_AVRUPA_OPSIYON	D_EQ	SSO	D_EQ_ECP	DE_YKBNK_ECP	YKBNK.E	30/10/2026	5.37	4.89	9.82	0	0	0	0	0	0	0	0	0	0	0					
06/10/2026	O_YKBNKE1026C33.00	YKBNK_10/2026_AVRUPA_OPSIYON	D_EQ	SSO	D_EQ_ECP	DE_YKBNK_ECP	YKBNK.E	30/10/2026	4.49	4.04	11.14	0	0	0	0	0	0	0	0	0	0	0					
06/10/2026	O_YKBNKE1026C34.00	YKBNK_10/2026_AVRUPA_OPSIYON	D_EQ	SSO	D_EQ_ECP	DE_YKBNK_ECP	YKBNK.E	30/10/2026	3.67	3.25	12.92	0	0	0	0	0	0	0	0	0	0	0					
06/10/2026	O_YKBNKE1026C35.00	YKBNK_10/2026_AVRUPA_OPSIYON	D_EQ	SSO	D_EQ_ECP	DE_YKBNK_ECP	YKBNK.E	30/10/2026	2.91	2.55	14.12	0	0	0	0	0	0	0	0	0	1829	0					
06/10/2026	O_YKBNKE1026C36.00	YKBNK_10/2026_AVRUPA_OPSIYON	D_EQ	SSO	D_EQ_ECP	DE_YKBNK_ECP	YKBNK.E	30/10/2026	2.25	1.94	15.98	1.94	1.94	1.94	1.94	1.94	720000	38800	200	2	962	200					
06/10/2026	O_YKBNKE1026C37.00	YKBNK_10/2026_AVRUPA_OPSIYON	D_EQ	SSO	D_EQ_ECP	DE_YKBNK_ECP	YKBNK.E	30/10/2026	1.69	1.44	17.36	0	0	0	0	0	0	0	0	0	1147	0					
06/10/2026	O_YKBNKE1026C38.00	YKBNK_10/2026_AVRUPA_OPSIYON	D_EQ	SSO	D_EQ_ECP	DE_YKBNK_ECP	YKBNK.E	30/10/2026	1.24	1.04	19.23	0	0	0	0	0	0	0	0	0	257	0					
06/10/2026	O_YKBNKE1026C39.00	YKBNK_10/2026_AVRUPA_OPSIYON	D_EQ	SSO	D_EQ_ECP	DE_YKBNK_ECP	YKBNK.E	30/10/2026	0.88	0.74	18.92	0.84	0.84	0.84	0.84	0.84	390000	8400	100	1	1057	100					
06/10/2026	O_YKBNKE1026C40.00	YKBNK_10/2026_AVRUPA_OPSIYON	D_EQ	SSO	D_EQ_ECP	DE_YKBNK_ECP	YKBNK.E	30/10/2026	0.62	0.52	19.23	0	0	0	0	0	0	0	0	0	3500	0					
06/10/2026	O_YKBNKE1026C41.00	YKBNK_10/2026_AVRUPA_OPSIYON	D_EQ	SSO	D_EQ_ECP	DE_YKBNK_ECP	YKBNK.E	30/10/2026	0.43	0.35	22.86	0	0	0	0	0	0	0	0	0	4002	0					
06/10/2026	O_YKBNKE1026C42.00	YKBNK_10/2026_AVRUPA_OPSIYON	D_EQ	SSO	D_EQ_ECP	DE_YKBNK_ECP	YKBNK.E	30/10/2026	0.29	0.24	20.83	0	0	0	0	0	0	0	0	0	1014	0					
06/10/2026	O_YKBNKE1026C43.00	YKBNK_10/2026_AVRUPA_OPSIYON	D_EQ	SSO	D_EQ_ECP	DE_YKBNK_ECP	YKBNK.E	30/10/2026	0.2	0.16	25	0	0	0	0	0	0	0	0	0	300	0					
06/10/2026	O_YKBNKE1026C44.00	YKBNK_10/2026_AVRUPA_OPSIYON	D_EQ	SSO	D_EQ_ECP	DE_YKBNK_ECP	YKBNK.E	30/10/2026	0.13	0.11	18.18	0	0	0	0	0	0	0	0	0	2	0					
06/10/2026	O_YKBNKE1026P27.00	YKBNK_10/2026_AVRUPA_OPSIYON	D_EQ	SSO	D_EQ_EPP	DE_YKBNK_EPP	YKBNK.E	30/10/2026	0.01	0.01	0	0	0	0	0	0	0	0	0	0	0	0					
06/10/2026	O_YKBNKE1026P28.00	YKBNK_10/2026_AVRUPA_OPSIYON	D_EQ	SSO	D_EQ_EPP	DE_YKBNK_EPP	YKBNK.E	30/10/2026	0.01	0.01	0	0	0	0	0	0	0	0	0	0	0	0					
06/10/2026	O_YKBNKE1026P29.00	YKBNK_10/2026_AVRUPA_OPSIYON	D_EQ	SSO	D_EQ_EPP	DE_YKBNK_EPP	YKBNK.E	30/10/2026	0.01	0.02	-50	0	0	0	0	0	0	0	0	0	0	0					
06/10/2026	O_YKBNKE1026P30.00	YKBNK_10/2026_AVRUPA_OPSIYON	D_EQ	SSO	D_EQ_EPP	DE_YKBNK_EPP	YKBNK.E	30/10/2026	0.03	0.05	-40	0	0	0	0	0	0	0	0	0	23	0					
06/10/2026	O_YKBNKE1026P31.00	YKBNK_10/2026_AVRUPA_OPSIYON	D_EQ	SSO	D_EQ_EPP	DE_YKBNK_EPP	YKBNK.E	30/10/2026	0.06	0.09	-33.33	0	0	0	0	0	0	0	0	0	6053	0					
06/10/2026	O_YKBNKE1026P32.00	YKBNK_10/2026_AVRUPA_OPSIYON	D_EQ	SSO	D_EQ_EPP	DE_YKBNK_EPP	YKBNK.E	30/10/2026	0.12	0.17	-29.41	0	0	0	0	0	0	0	0	0	5328	0					
06/10/2026	O_YKBNKE1026P33.00	YKBNK_10/2026_AVRUPA_OPSIYON	D_EQ	SSO	D_EQ_EPP	DE_YKBNK_EPP	YKBNK.E	30/10/2026	0.22	0.29	-24.14	0	0	0	0	0	0	0	0	0	1616	0					
06/10/2026	O_YKBNKE1026P34.00	YKBNK_10/2026_AVRUPA_OPSIYON	D_EQ	SSO	D_EQ_EPP	DE_YKBNK_EPP	YKBNK.E	30/10/2026	0.37	0.48	-22.92	0	0	0	0	0	0	0	0	0	2082	0					
06/10/2026	O_YKBNKE1026P35.00	YKBNK_10/2026_AVRUPA_OPSIYON	D_EQ	SSO	D_EQ_EPP	DE_YKBNK_EPP	YKBNK.E	30/10/2026	0.59	0.75	-21.33	0	0	0	0	0	0	0	0	0	1672	0					
06/10/2026	O_YKBNKE1026P36.00	YKBNK_10/2026_AVRUPA_OPSIYON	D_EQ	SSO	D_EQ_EPP	DE_YKBNK_EPP	YKBNK.E	30/10/2026	0.91	1.12	-18.75	0	0	0	0	0	0	0	0	0	5000	0					
06/10/2026	O_YKBNKE1026P37.00	YKBNK_10/2026_AVRUPA_OPSIYON	D_EQ	SSO	D_EQ_EPP	DE_YKBNK_EPP	YKBNK.E	30/10/2026	1.32	1.59	-16.98	0	0	0	0	0	0	0	0	0	863	0					
06/10/2026	O_YKBNKE1026P38.00	YKBNK_10/2026_AVRUPA_OPSIYON	D_EQ	SSO	D_EQ_EPP	DE_YKBNK_EPP	YKBNK.E	30/10/2026	1.84	2.17	-15.21	0	0	0	0	0	0	0	0	0	1060	0					
06/10/2026	O_YKBNKE1026P39.00	YKBNK_10/2026_AVRUPA_OPSIYON	D_EQ	SSO	D_EQ_EPP	DE_YKBNK_EPP	YKBNK.E	30/10/2026	2.46	2.84	-13.38	0	0	0	0	0	0	0	0	0	1047	0					
06/10/2026	O_YKBNKE1026P40.00	YKBNK_10/2026_AVRUPA_OPSIYON	D_EQ	SSO	D_EQ_EPP	DE_YKBNK_EPP	YKBNK.E	30/10/2026	3.17	3.59	-11.7	0	0	0	0	0	0	0	0	0	6250	0					
06/10/2026	O_YKBNKE1126C33.00	YKBNK_11/2026_AVRUPA_OPSIYON	D_EQ	SSO	D_EQ_ECP	DE_YKBNK_ECP	YKBNK.E	30/11/2026	5.78	5.34	8.24	0	0	0	0	0	0	0	0	0	0	0					
06/10/2026	O_YKBNKE1126C34.00	YKBNK_11/2026_AVRUPA_OPSIYON	D_EQ	SSO	D_EQ_ECP	DE_YKBNK_ECP	YKBNK.E	30/11/2026	5.02	4.61	8.89	0	0	0	0	0	0	0	0	0	0	0					
06/10/2026	O_YKBNKE1126C35.00	YKBNK_11/2026_AVRUPA_OPSIYON	D_EQ	SSO	D_EQ_ECP	DE_YKBNK_ECP	YKBNK.E	30/11/2026	4.32	3.93	9.92	0	0	0	0	0	0	0	0	0	0	0					
06/10/2026	O_YKBNKE1126C36.00	YKBNK_11/2026_AVRUPA_OPSIYON	D_EQ	SSO	D_EQ_ECP	DE_YKBNK_ECP	YKBNK.E	30/11/2026	3.66	3.31	10.57	0	0	0	0	0	0	0	0	0	0	0					
06/10/2026	O_YKBNKE1126C37.00	YKBNK_11/2026_AVRUPA_OPSIYON	D_EQ	SSO	D_EQ_ECP	DE_YKBNK_ECP	YKBNK.E	30/11/2026	3.08	2.76	11.59	0	0	0	0	0	0	0	0	0	2750	0					
06/10/2026	O_YKBNKE1126C38.00	YKBNK_11/2026_AVRUPA_OPSIYON	D_EQ	SSO	D_EQ_ECP	DE_YKBNK_ECP	YKBNK.E	30/11/2026	2.56	2.29	11.79	2.1	2.1	2.26	2.26	2.17	3800000	217500	1000	4	0	0					
06/10/2026	O_YKBNKE1126C39.00	YKBNK_11/2026_AVRUPA_OPSIYON	D_EQ	SSO	D_EQ_ECP	DE_YKBNK_ECP	YKBNK.E	30/11/2026	2.12	1.88	12.77	0	0	0	0	0	0	0	0	0	0	0					
06/10/2026	O_YKBNKE1126C40.00	YKBNK_11/2026_AVRUPA_OPSIYON	D_EQ	SSO	D_EQ_ECP	DE_YKBNK_ECP	YKBNK.E	30/11/2026	1.73	1.54	12.34	0	0	0	0	0	0	0	0	0	0	0					
06/10/2026	O_YKBNKE1126C41.00	YKBNK_11/2026_AVRUPA_OPSIYON	D_EQ	SSO	D_EQ_ECP	DE_YKBNK_ECP	YKBNK.E	30/11/2026	1.42	1.26	12.7	1.12	1.12	1.16	1.12	1.13	4100000	113000	1000	4	500	0					
06/10/2026	O_YKBNKE1126C42.00	YKBNK_11/2026_AVRUPA_OPSIYON	D_EQ	SSO	D_EQ_ECP	DE_YKBNK_ECP	YKBNK.E	30/11/2026	1.16	1.02	13.73	0	0	0	0	0	0	0	0	0	35	0					
06/10/2026	O_YKBNKE1126C43.00	YKBNK_11/2026_AVRUPA_OPSIYON	D_EQ	SSO	D_EQ_ECP	DE_YKBNK_ECP	YKBNK.E	30/11/2026	0.95	0.83	14.46	0	0	0	0	0	0	0	0	0	0	0					
06/10/2026	O_YKBNKE1126C44.00	YKBNK_11/2026_AVRUPA_OPSIYON	D_EQ	SSO	D_EQ_ECP	DE_YKBNK_ECP	YKBNK.E	30/11/2026	0.77	0.67	14.93	0	0	0	0	0	0	0	0	0	0	0					
06/10/2026	O_YKBNKE1126C45.00	YKBNK_11/2026_AVRUPA_OPSIYON	D_EQ	SSO	D_EQ_ECP	DE_YKBNK_ECP	YKBNK.E	30/11/2026	0.62	0.54	14.81	0	0	0	0	0	0	0	0	0	0	0					
06/10/2026	O_YKBNKE1126C46.00	YKBNK_11/2026_AVRUPA_OPSIYON	D_EQ	SSO	D_EQ_ECP	DE_YKBNK_ECP	YKBNK.E	30/11/2026	0.5	0.44	13.64	0	0	0	0	0	0	0	0	0	3	0					
06/10/2026	O_YKBNKE1126P28.00	YKBNK_11/2026_AVRUPA_OPSIYON	D_EQ	SSO	D_EQ_EPP	DE_YKBNK_EPP	YKBNK.E	30/11/2026	0.06	0.08	-25	0	0	0	0	0	0	0	0	0	0	0					
06/10/2026	O_YKBNKE1126P29.00	YKBNK_11/2026_AVRUPA_OPSIYON	D_EQ	SSO	D_EQ_EPP	DE_YKBNK_EPP	YKBNK.E	30/11/2026	0.1	0.12	-16.67	0	0	0	0	0	0	0	0	0	0	0					
06/10/2026	O_YKBNKE1126P30.00	YKBNK_11/2026_AVRUPA_OPSIYON	D_EQ	SSO	D_EQ_EPP	DE_YKBNK_EPP	YKBNK.E	30/11/2026	0.15	0.19	-21.05	0	0	0	0	0	0	0	0	0	30	0					
06/10/2026	O_YKBNKE1126P31.00	YKBNK_11/2026_AVRUPA_OPSIYON	D_EQ	SSO	D_EQ_EPP	DE_YKBNK_EPP	YKBNK.E	30/11/2026	0.23	0.28	-17.86	0	0	0	0	0	0	0	0	0	1565	0					
06/10/2026	O_YKBNKE1126P32.00	YKBNK_11/2026_AVRUPA_OPSIYON	D_EQ	SSO	D_EQ_EPP	DE_YKBNK_EPP	YKBNK.E	30/11/2026	0.34	0.41	-17.07	0	0	0	0	0	0	0	0	0	0	0					
06/10/2026	O_YKBNKE1126P33.00	YKBNK_11/2026_AVRUPA_OPSIYON	D_EQ	SSO	D_EQ_EPP	DE_YKBNK_EPP	YKBNK.E	30/11/2026	0.49	0.57	-14.04	0	0	0	0	0	0	0	0	0	0	0					
06/10/2026	O_YKBNKE1126P34.00	YKBNK_11/2026_AVRUPA_OPSIYON	D_EQ	SSO	D_EQ_EPP	DE_YKBNK_EPP	YKBNK.E	30/11/2026	0.67	0.78	-14.1	0	0	0	0	0	0	0	0	0	0	0					
06/10/2026	O_YKBNKE1126P35.00	YKBNK_11/2026_AVRUPA_OPSIYON	D_EQ	SSO	D_EQ_EPP	DE_YKBNK_EPP	YKBNK.E	30/11/2026	0.91	1.04	-12.5	0	0	0	0	0	0	0	0	0	0	0					
06/10/2026	O_YKBNKE1126P36.00	YKBNK_11/2026_AVRUPA_OPSIYON	D_EQ	SSO	D_EQ_EPP	DE_YKBNK_EPP	YKBNK.E	30/11/2026	1.2	1.37	-12.41	0	0	0	0	0	0	0	0	0	0	0					
06/10/2026	O_YKBNKE1126P37.00	YKBNK_11/2026_AVRUPA_OPSIYON	D_EQ	SSO	D_EQ_EPP	DE_YKBNK_EPP	YKBNK.E	30/11/2026	1.56	1.77	-11.86	0	0	0	0	0	0	0	0	0	0	0					
06/10/2026	O_YKBNKE1126P38.00	YKBNK_11/2026_AVRUPA_OPSIYON	D_EQ	SSO	D_EQ_EPP	DE_YKBNK_EPP	YKBNK.E	30/11/2026	1.99	2.23	-10.76	0	0	0	0	0	0	0	0	0	0	0					
06/10/2026	O_YKBNKE1126P39.00	YKBNK_11/2026_AVRUPA_OPSIYON	D_EQ	SSO	D_EQ_EPP	DE_YKBNK_EPP	YKBNK.E	30/11/2026	2.49	2.77	-10.11	0	0	0	0	0	0	0	0	0	0	0					
06/10/2026	O_YKBNKE1126P40.00	YKBNK_11/2026_AVRUPA_OPSIYON	D_EQ	SSO	D_EQ_EPP	DE_YKBNK_EPP	YKBNK.E	30/11/2026	3.05	3.37	-9.5	0	0	0	0	0	0	0	0	0	0	0					
06/10/2026	O_YKBNKE1126P41.00	YKBNK_11/2026_AVRUPA_OPSIYON	D_EQ	SSO	D_EQ_EPP	DE_YKBNK_EPP	YKBNK.E	30/11/2026	3.68	4.03	-8.68	0	0	0	0	0	0	0	0	0	500	0					
06/10/2026	O_YKBNKE1226C36.00	YKBNK_12/2026_AVRUPA_OPSIYON	D_EQ	SSO	D_EQ_ECP	DE_YKBNK_ECP	YKBNK.E	31/12/2026	5.29	4.9	7.96	0	0	0	0	0	0	0	0	0	0	0					
06/10/2026	O_YKBNKE1226C37.00	YKBNK_12/2026_AVRUPA_OPSIYON	D_EQ	SSO	D_EQ_ECP	DE_YKBNK_ECP	YKBNK.E	31/12/2026	4.67	4.3	8.6	0	0	0	0	0	0	0	0	0	0	0					
06/10/2026	O_YKBNKE1226C38.00	YKBNK_12/2026_AVRUPA_OPSIYON	D_EQ	SSO	D_EQ_ECP	DE_YKBNK_ECP	YKBNK.E	31/12/2026	4.1	3.77	8.75	0	0	0	0	0	0	0	0	0	0	0					
06/10/2026	O_YKBNKE1226C39.00	YKBNK_12/2026_AVRUPA_OPSIYON	D_EQ	SSO	D_EQ_ECP	DE_YKBNK_ECP	YKBNK.E	31/12/2026	3.59	3.28	9.45	0	0	0	0	0	0	0	0	0	0	0					
06/10/2026	O_YKBNKE1226C40.00	YKBNK_12/2026_AVRUPA_OPSIYON	D_EQ	SSO	D_EQ_ECP	DE_YKBNK_ECP	YKBNK.E	31/12/2026	3.13	2.85	9.82	0	0	0	0	0	0	0	0	0	0	0					
06/10/2026	O_YKBNKE1226C41.00	YKBNK_12/2026_AVRUPA_OPSIYON	D_EQ	SSO	D_EQ_ECP	DE_YKBNK_ECP	YKBNK.E	31/12/2026	2.71	2.47	9.72	0	0	0	0	0	0	0	0	0	0	0					
06/10/2026	O_YKBNKE1226C42.00	YKBNK_12/2026_AVRUPA_OPSIYON	D_EQ	SSO	D_EQ_ECP	DE_YKBNK_ECP	YKBNK.E	31/12/2026	2.37	2.15	10.23	0	0	0	0	0	0	0	0	0	0	0					
06/10/2026	O_YKBNKE1226C43.00	YKBNK_12/2026_AVRUPA_OPSIYON	D_EQ	SSO	D_EQ_ECP	DE_YKBNK_ECP	YKBNK.E	31/12/2026	2.06	1.87	10.16	0	0	0	0	0	0	0	0	0	0	0					
06/10/2026	O_YKBNKE1226C44.00	YKBNK_12/2026_AVRUPA_OPSIYON	D_EQ	SSO	D_EQ_ECP	DE_YKBNK_ECP	YKBNK.E	31/12/2026	1.79	1.62	10.49	0	0	0	0	0	0	0	0	0	0	0					
06/10/2026	O_YKBNKE1226P31.00	YKBNK_12/2026_AVRUPA_OPSIYON	D_EQ	SSO	D_EQ_EPP	DE_YKBNK_EPP	YKBNK.E	31/12/2026	0.3	0.35	-14.29	0	0	0	0	0	0	0	0	0	0	0					
06/10/2026	O_YKBNKE1226P32.00	YKBNK_12/2026_AVRUPA_OPSIYON	D_EQ	SSO	D_EQ_EPP	DE_YKBNK_EPP	YKBNK.E	31/12/2026	0.41	0.46	-10.87	0	0	0	0	0	0	0	0	0	0	0					
06/10/2026	O_YKBNKE1226P33.00	YKBNK_12/2026_AVRUPA_OPSIYON	D_EQ	SSO	D_EQ_EPP	DE_YKBNK_EPP	YKBNK.E	31/12/2026	0.54	0.61	-11.48	0	0	0	0	0	0	0	0	0	0	0					
06/10/2026	O_YKBNKE1226P34.00	YKBNK_12/2026_AVRUPA_OPSIYON	D_EQ	SSO	D_EQ_EPP	DE_YKBNK_EPP	YKBNK.E	31/12/2026	0.7	0.79	-11.39	0	0	0	0	0	0	0	0	0	0	0					
06/10/2026	O_YKBNKE1226P35.00	YKBNK_12/2026_AVRUPA_OPSIYON	D_EQ	SSO	D_EQ_EPP	DE_YKBNK_EPP	YKBNK.E	31/12/2026	0.9	1	-10	0	0	0	0	0	0	0	0	0	0	0					
06/10/2026	O_YKBNKE1226P36.00	YKBNK_12/2026_AVRUPA_OPSIYON	D_EQ	SSO	D_EQ_EPP	DE_YKBNK_EPP	YKBNK.E	31/12/2026	1.13	1.26	-10.32	0	0	0	0	0	0	0	0	0	0	0					
06/10/2026	O_YKBNKE1226P37.00	YKBNK_12/2026_AVRUPA_OPSIYON	D_EQ	SSO	D_EQ_EPP	DE_YKBNK_EPP	YKBNK.E	31/12/2026	1.41	1.56	-9.62	0	0	0	0	0	0	0	0	0	0	0					
06/10/2026	O_YKBNKE1226P38.00	YKBNK_12/2026_AVRUPA_OPSIYON	D_EQ	SSO	D_EQ_EPP	DE_YKBNK_EPP	YKBNK.E	31/12/2026	1.74	1.92	-9.38	0	0	0	0	0	0	0	0	0	0	0					
06/10/2026	O_YKBNKE1226P39.00	YKBNK_12/2026_AVRUPA_OPSIYON	D_EQ	SSO	D_EQ_EPP	DE_YKBNK_EPP	YKBNK.E	31/12/2026	2.12	2.33	-9.01	0	0	0	0	0	0	0	0	0	0	0					
06/10/2026	O_YKBNKE1226P40.00	YKBNK_12/2026_AVRUPA_OPSIYON	D_EQ	SSO	D_EQ_EPP	DE_YKBNK_EPP	YKBNK.E	31/12/2026	2.56		0	0	0	0	0	0	0	0	0	0	0	0					
06/10/2026	TM_F_USDTRY111226	USDTRY_111226_ESNEK VIS	D_CR	CRF	D_CR_FUT	DE_USDTRY_FUT	D_USDTRY	11/12/2026	51.817	51.817	0	0	0	0	0	0	0	0	0	0	0	0					
06/10/2026	TM_F_USDTRY141026	USDTRY_141026_ESNEK VIS	D_CR	CRF	D_CR_FUT	DE_USDTRY_FUT	D_USDTRY	14/10/2026	49.36	49.36	0	0	0	0	0	0	0	0	0	0	1	0					
06/10/2026	TM_F_USDTRY161126	USDTRY_161126_ESNEK VIS	D_CR	CRF	D_CR_FUT	DE_USDTRY_FUT	D_USDTRY	16/11/2026	50.701	50.701	0	0	0	0	0	0	0	0	0	0	26	0					
06/10/2026	TM_F_USDTRY261026	USDTRY_261026_ESNEK VIS	D_CR	CRF	D_CR_FUT	DE_USDTRY_FUT	D_USDTRY	26/10/2026	50.04	50.04	0	0	0	0	0	0	0	0	0	0	7	0					
06/10/2026	TM_O_AKBNKE121026C77.00	AKBNK_121026_AVRUPA_ESNEK OPS	D_EQ	SSO	D_EQ_ECP	DE_AKBNK_ECP	AKBNK.E	12/10/2026	0.04	0.05	-20	0	0	0	0	0	0	0	0	0	500	0					
06/10/2026	TM_O_AKBNKE301026C71.00	AKBNK_301026_AVRUPA_ESNEK OPS	D_EQ	SSO	D_EQ_ECP	DE_AKBNK_ECP	AKBNK.E	30/10/2026	2.9	2.7	7.41	0	0	0	0	0	0	0	0	0	500	0					
06/10/2026	TM_O_AKBNKE301026C72.50	AKBNK_301026_AVRUPA_ESNEK OPS	D_EQ	SSO	D_EQ_ECP	DE_AKBNK_ECP	AKBNK.E	30/10/2026	2.24	2.09	7.18	0	0	0	0	0	0	0	0	0	500	0					
06/10/2026	TM_O_AKBNKE301026P64.00	AKBNK_10/2026_AVRUPA_OPSIYON	D_EQ	SSO	D_EQ_EPP	DE_AKBNK_EPP	AKBNK.E	30/10/2026	0.49	0.61	-19.67	0	0	0	0	0	0	0	0	0	59897	0					
06/10/2026	TM_O_AKBNKE301026P78.60	AKBNK_301026_AVRUPA_ESNEK OPS	D_EQ	SSO	D_EQ_EPP	DE_AKBNK_EPP	AKBNK.E	30/10/2026	7.82	8.28	-5.56	0	0	0	0	0	0	0	0	0	520	0					
06/10/2026	TM_O_ASELSE191026C378.00	ASELS_191026_AVRUPA_ESNEK OPS	D_EQ	SSO	D_EQ_ECP	DE_ASELS_ECP	ASELS.E	19/10/2026	12.44	10.6	17.36	0	0	0	0	0	0	0	0	0	100	0					
06/10/2026	TM_O_ASELSE191026C381.00	ASELS_191026_AVRUPA_ESNEK OPS	D_EQ	SSO	D_EQ_ECP	DE_ASELS_ECP	ASELS.E	19/10/2026	10.98	9.3	18.06	0	0	0	0	0	0	0	0	0	100	0					
06/10/2026	TM_O_ASELSE301026P338.00	ASELS_301026_AVRUPA_ESNEK OPS	D_EQ	SSO	D_EQ_EPP	DE_ASELS_EPP	ASELS.E	30/10/2026	2.02		0	3	2	3	2	2.5	27040000	200000	800	4	400	400					
06/10/2026	TM_O_EKGYOE121026C22.20	EKGYO_121026_AVRUPA_ESNEK OPS	D_EQ	SSO	D_EQ_ECP	DE_EKGYO_ECP	EKGYO.E	12/10/2026	0.01	0.02	-50	0	0	0	0	0	0	0	0	0	1500	0					
06/10/2026	TM_O_EKGYOE301026P21.30	EKGYO_301026_AVRUPA_ESNEK OPS	D_EQ	SSO	D_EQ_EPP	DE_EKGYO_EPP	EKGYO.E	30/10/2026	1.44	1.33	8.27	0	0	0	0	0	0	0	0	0	600	0					
06/10/2026	TM_O_EKGYOE301026P22.01	EKGYO_301026_AVRUPA_ESNEK OPS	D_EQ	SSO	D_EQ_EPP	DE_EKGYO_EPP	EKGYO.E	30/10/2026	1.98	1.85	7.03	0	0	0	0	0	0	0	0	0	1118	0					
06/10/2026	TM_O_EKGYOE301026P22.02	EKGYO_301026_AVRUPA_ESNEK OPS	D_EQ	SSO	D_EQ_EPP	DE_EKGYO_EPP	EKGYO.E	30/10/2026	1.99	1.86	6.99	0	0	0	0	0	0	0	0	0	0	0					
06/10/2026	TM_O_EKGYOE301026P23.50	EKGYO_10/2026_AVRUPA_OPSIYON	D_EQ	SSO	D_EQ_EPP	DE_EKGYO_EPP	EKGYO.E	30/10/2026	3.27	3.11	5.14	0	0	0	0	0	0	0	0	0	6100	0					
06/10/2026	TM_O_EKGYOE301026P24.01	EKGYO_301026_AVRUPA_ESNEK OPS	D_EQ	SSO	D_EQ_EPP	DE_EKGYO_EPP	EKGYO.E	30/10/2026	3.74	3.57	4.76	0	0	0	0	0	0	0	0	0	4780	0					
06/10/2026	TM_O_EKGYOE301126P17.50	EKGYO_11/2026_AVRUPA_OPSIYON	D_EQ	SSO	D_EQ_EPP	DE_EKGYO_EPP	EKGYO.E	30/11/2026	0.21	0.2	5	0	0	0	0	0	0	0	0	0	151006	0					
06/10/2026	TM_O_EREGLE051126C42.00	EREGL_051126_AVRUPA_ESNEK OPS	D_EQ	SSO	D_EQ_ECP	DE_EREGL_ECP	EREGL.E	05/11/2026	0.54	0.71	-23.94	0	0	0	0	0	0	0	0	0	1000	0					
06/10/2026	TM_O_EREGLE051126P36.00	EREGL_051126_AVRUPA_ESNEK OPS	D_EQ	SSO	D_EQ_EPP	DE_EREGL_EPP	EREGL.E	05/11/2026	0.79	0.66	19.7	0	0	0	0	0	0	0	0	0	1000	0					
06/10/2026	TM_O_EREGLE301026P36.30	EREGL_301026_AVRUPA_ESNEK OPS	D_EQ	SSO	D_EQ_EPP	DE_EREGL_EPP	EREGL.E	30/10/2026	0.8		0	0.9	0.52	0.9	0.52	0.71	9801000	191700	2700	2	1350	1350					
06/10/2026	TM_O_FROTOE301026P85.30	FROTO_301026_AVRUPA_ESNEK OPS	D_EQ	SSO	D_EQ_EPP	DE_FROTO_EPP	FROTO.E	30/10/2026	9.25	9.22	0.33	0	0	0	0	0	0	0	0	0	600	0					
06/10/2026	TM_O_GARANE301026P118.00	GARAN_301026_AVRUPA_ESNEK OPS	D_EQ	SSO	D_EQ_EPP	DE_GARAN_EPP	GARAN.E	30/10/2026	0.59	0.67	-11.94	0	0	0	0	0	0	0	0	0	3338	0					
06/10/2026	TM_O_ISCTRE301026C13.30	ISCTR_301026_AVRUPA_ESNEK OPS	D_EQ	SSO	D_EQ_ECP	DE_ISCTR_ECP	ISCTR.E	30/10/2026	0.48		0	0.33	0.24	0.33	0.24	0.28	5320000	114000	4000	2	2000	2000					
06/10/2026	TM_O_ISCTRE301026P11.70	ISCTR_301026_AVRUPA_ESNEK OPS	D_EQ	SSO	D_EQ_EPP	DE_ISCTR_EPP	ISCTR.E	30/10/2026	0.08	0.09	-11.11	0	0	0	0	0	0	0	0	0	70000	0					
06/10/2026	TM_O_ISCTRE301026P12.20	ISCTR_301026_AVRUPA_ESNEK OPS	D_EQ	SSO	D_EQ_EPP	DE_ISCTR_EPP	ISCTR.E	30/10/2026	0.17	0.17	0	0	0	0	0	0	0	0	0	0	16000	0					
06/10/2026	TM_O_ISCTRE301026P12.30	ISCTR_301026_AVRUPA_ESNEK OPS	D_EQ	SSO	D_EQ_EPP	DE_ISCTR_EPP	ISCTR.E	30/10/2026	0.19	0.2	-5	0	0	0	0	0	0	0	0	0	22720	0					
06/10/2026	TM_O_KCHOLE301026C220.50	KCHOL_301026_AVRUPA_ESNEK OPS	D_EQ	SSO	D_EQ_ECP	DE_KCHOL_ECP	KCHOL.E	30/10/2026	7.09	7.99	-11.26	0	0	0	0	0	0	0	0	0	570	0					
06/10/2026	TM_O_KCHOLE301026C263.00	KCHOL_301026_AVRUPA_ESNEK OPS	D_EQ	SSO	D_EQ_ECP	DE_KCHOL_ECP	KCHOL.E	30/10/2026	0.3	0.4	-25	0	0	0	0	0	0	0	0	0	14	0					
06/10/2026	TM_O_KCHOLE301126C265.00	KCHOL_301126_AVRUPA_ESNEK OPS	D_EQ	SSO	D_EQ_ECP	DE_KCHOL_ECP	KCHOL.E	30/11/2026	2.52	2.86	-11.89	0	0	0	0	0	0	0	0	0	13000	0					
06/10/2026	TM_O_KCHOLE311226C265.00	KCHOL_311226_AVRUPA_ESNEK OPS	D_EQ	SSO	D_EQ_ECP	DE_KCHOL_ECP	KCHOL.E	31/12/2026	7.12	7.69	-7.41	0	0	0	0	0	0	0	0	0	13000	0					
06/10/2026	TM_O_KRDMDE301026C47.50	KRDMD_301026_AVRUPA_ESNEK OPS	D_EQ	SSO	D_EQ_ECP	DE_KRDMD_ECP	KRDMD.E	30/10/2026	1.27	1.58	-19.62	0	0	0	0	0	0	0	0	0	310	0					
06/10/2026	TM_O_PGSUSE301026P159.90	PGSUS_301026_AVRUPA_ESNEK OPS	D_EQ	SSO	D_EQ_EPP	DE_PGSUS_EPP	PGSUS.E	30/10/2026	16.68	14.41	15.75	0	0	0	0	0	0	0	0	0	63	0					
06/10/2026	TM_O_PGSUSE301026P163.90	PGSUS_301026_AVRUPA_ESNEK OPS	D_EQ	SSO	D_EQ_EPP	DE_PGSUS_EPP	PGSUS.E	30/10/2026	20.2	17.74	13.87	0	0	0	0	0	0	0	0	0	185	0					
06/10/2026	TM_O_PGSUSE301026P234.00	PGSUS_301026_AVRUPA_ESNEK OPS	D_EQ	SSO	D_EQ_EPP	DE_PGSUS_EPP	PGSUS.E	30/10/2026	88.03	85.09	3.46	0	0	0	0	0	0	0	0	0	0	0					
06/10/2026	TM_O_SAHOLE301026C92.50	SAHOL_301026_AVRUPA_ESNEK OPS	D_EQ	SSO	D_EQ_ECP	DE_SAHOL_ECP	SAHOL.E	30/10/2026	3.46	3.58	-3.35	0	0	0	0	0	0	0	0	0	30000	0					
06/10/2026	TM_O_TAVHLE301026C293.00	TAVHL_301026_AVRUPA_ESNEK OPS	D_EQ	SSO	D_EQ_ECP	DE_TAVHL_ECP	TAVHL.E	30/10/2026	6.92		0	5.99	4.45	5.99	4.45	5.22	5625600	100224	192	2	96	96					
06/10/2026	TM_O_TCELLE301026P101.00	TCELL_301026_AVRUPA_ESNEK OPS	D_EQ	SSO	D_EQ_EPP	DE_TCELL_EPP	TCELL.E	30/10/2026	2.72	2.82	-3.55	0	0	0	0	0	0	0	0	0	200	0					
06/10/2026	TM_O_TCELLE301026P99.90	TCELL_301026_AVRUPA_ESNEK OPS	D_EQ	SSO	D_EQ_EPP	DE_TCELL_EPP	TCELL.E	30/10/2026	2.29		0	0	0	0	0	0	0	0	0	0	0	0					
06/10/2026	TM_O_TCELLE301126P99.90	TCELL_301126_AVRUPA_ESNEK OPS	D_EQ	SSO	D_EQ_EPP	DE_TCELL_EPP	TCELL.E	30/11/2026	2.92		0	2.18	2.18	2.18	2.18	2.18	9990000	218000	1000	2	1000	1000					
06/10/2026	TM_O_THYAOE121026P293.00	THYAO_121026_AVRUPA_ESNEK OPS	D_EQ	SSO	D_EQ_EPP	DE_THYAO_EPP	THYAO.E	12/10/2026	5.38	4.8	12.08	0	0	0	0	0	0	0	0	0	35	0					
06/10/2026	TM_O_THYAOE161026C303.00	THYAO_161026_AVRUPA_ESNEK OPS	D_EQ	SSO	D_EQ_ECP	DE_THYAO_ECP	THYAO.E	16/10/2026	2.97	3.93	-24.43	0	0	0	0	0	0	0	0	0	88	0					
06/10/2026	TM_O_THYAOE301026P285.00	THYAO_301026_AVRUPA_ESNEK OPS	D_EQ	SSO	D_EQ_EPP	DE_THYAO_EPP	THYAO.E	30/10/2026	4.86	4.49	8.24	0	0	0	0	0	0	0	0	0	300	0					
06/10/2026	TM_O_TOASOE301026P280.05	TOASO_301026_AVRUPA_ESNEK OPS	D_EQ	SSO	D_EQ_EPP	DE_TOASO_EPP	TOASO.E	30/10/2026	12.08	15.82	-23.64	0	0	0	0	0	0	0	0	0	172	0					
06/10/2026	TM_O_TOASOE301026P286.00	TOASO_301026_AVRUPA_ESNEK OPS	D_EQ	SSO	D_EQ_EPP	DE_TOASO_EPP	TOASO.E	30/10/2026	15.54	19.81	-21.55	0	0	0	0	0	0	0	0	0	35	0					
06/10/2026	TM_O_TUPRSE051126P381.00	TUPRS_051126_AVRUPA_ESNEK OPS	D_EQ	SSO	D_EQ_EPP	DE_TUPRS_EPP	TUPRS.E	05/11/2026	13.63	9.66	41.1	0	0	0	0	0	0	0	0	0	390	0					
06/10/2026	TM_O_USDTRYKE031226C51500	USDTRY_031226_AVRUPA_ESNEK OPS	D_CR	CRO	D_CR_ECO	DE_USDTRYK_ECO	D_USDTRYK	03/12/2026	499.1	541.8	-7.88	0	0	0	0	0	0	0	0	0	0	0					
06/10/2026	TM_O_USDTRYKE150127C60000	USDTRY_150127_AVRUPA_ESNEK OPS	D_CR	CRO	D_CR_ECO	DE_USDTRYK_ECO	D_USDTRYK	15/01/2027	452	475.4	-4.92	0	0	0	0	0	0	0	0	0	30000	0					
06/10/2026	TM_O_USDTRYKE181226C60000	USDTRY_181226_AVRUPA_ESNEK OPS	D_CR	CRO	D_CR_ECO	DE_USDTRYK_ECO	D_USDTRYK	18/12/2026	246.9	254.7	-3.06	0	0	0	0	0	0	0	0	0	0	0					
06/10/2026	TM_O_USDTRYKE191026C51250	USDTRY_191026_AVRUPA_ESNEK OPS	D_CR	CRO	D_CR_ECO	DE_USDTRYK_ECO	D_USDTRYK	19/10/2026	37.4	54.3	-31.12	0	0	0	0	0	0	0	0	0	10000	0					
06/10/2026	TM_O_USDTRYKE201026C50300	USDTRY_201026_AVRUPA_ESNEK OPS	D_CR	CRO	D_CR_ECO	DE_USDTRYK_ECO	D_USDTRYK	20/10/2026	79.2	106.4	-25.56	0	0	0	0	0	0	0	0	0	10000	0					
06/10/2026	TM_O_USDTRYKE231226C52500	USDTRY_231226_AVRUPA_ESNEK OPS	D_CR	CRO	D_CR_ECO	DE_USDTRYK_ECO	D_USDTRYK	23/12/2026	715.1	752.1	-4.92	0	0	0	0	0	0	0	0	0	0	0					
06/10/2026	TM_O_USDTRYKE231226C53000	USDTRY_231226_AVRUPA_ESNEK OPS	D_CR	CRO	D_CR_ECO	DE_USDTRYK_ECO	D_USDTRYK	23/12/2026	634.4	665.7	-4.7	0	0	0	0	0	0	0	0	0	0	0					
06/10/2026	TM_O_USDTRYKE231226C54000	USDTRY_231226_AVRUPA_ESNEK OPS	D_CR	CRO	D_CR_ECO	DE_USDTRYK_ECO	D_USDTRYK	23/12/2026	529.1	550.5	-3.89	0	0	0	0	0	0	0	0	0	0	0					
06/10/2026	TM_O_USDTRYKE231226C55000	USDTRY_231226_AVRUPA_ESNEK OPS	D_CR	CRO	D_CR_ECO	DE_USDTRYK_ECO	D_USDTRYK	23/12/2026	474.5	488.2	-2.81	0	0	0	0	0	0	0	0	0	0	0					
06/10/2026	TM_O_USDTRYKE250227C55000	USDTRY_250227_AVRUPA_ESNEK OPS	D_CR	CRO	D_CR_ECO	DE_USDTRYK_ECO	D_USDTRYK	25/02/2027	1595.5	1613.8	-1.13	0	0	0	0	0	0	0	0	0	20000	0					
06/10/2026	TM_O_USDTRYKE280127C53500	USDTRY_280127_AVRUPA_ESNEK OPS	D_CR	CRO	D_CR_ECO	DE_USDTRYK_ECO	D_USDTRYK	28/01/2027	1293.7	1323.1	-2.22	0	0	0	0	0	0	0	0	0	0	0					
06/10/2026	TM_O_USDTRYKE280127C54000	USDTRY_280127_AVRUPA_ESNEK OPS	D_CR	CRO	D_CR_ECO	DE_USDTRYK_ECO	D_USDTRYK	28/01/2027	1161.2	1191.3	-2.53	0	0	0	0	0	0	0	0	0	20000	0					
06/10/2026	TM_O_USDTRYKE290127C53500	USDTRY_290127_AVRUPA_ESNEK OPS	D_CR	CRO	D_CR_ECO	DE_USDTRYK_ECO	D_USDTRYK	29/01/2027	1320.9	1349.7	-2.13	0	0	0	0	0	0	0	0	0	20000	0					
06/10/2026	TM_O_USDTRYKE290127C54000	USDTRY_290127_AVRUPA_ESNEK OPS	D_CR	CRO	D_CR_ECO	DE_USDTRYK_ECO	D_USDTRYK	29/01/2027	1186.6	1216.1	-2.43	0	0	0	0	0	0	0	0	0	0	0					
06/10/2026	TM_O_USDTRYKE290127C54500	USDTRY_290127_AVRUPA_ESNEK OPS	D_CR	CRO	D_CR_ECO	DE_USDTRYK_ECO	D_USDTRYK	29/01/2027	1078.1	1108.2	-2.72	0	0	0	0	0	0	0	0	0	0	0					
06/10/2026	TM_O_USDTRYKE301026C50000	USDTRY_10/2026_AVRUPA_OPSIYON	D_CR	CRO	D_CR_ECO	DE_USDTRYK_ECO	D_USDTRYK	30/10/2026	309.5	324.5	-4.62	0	0	0	0	0	0	0	0	0	38852	0					
06/10/2026	TM_O_USDTRYKE301026C52000	USDTRY_10/2026_AVRUPA_OPSIYON	D_CR	CRO	D_CR_ECO	DE_USDTRYK_ECO	D_USDTRYK	30/10/2026	110	133.1	-17.36	176.1	176.1	176.1	176.1	176.1	5200000	17610	100	1	75403	100					
06/10/2026	TM_O_USDTRYKE301026P49600	USDTRY_301026_AVRUPA_ESNEK OPS	D_CR	CRO	D_CR_EPO	DE_USDTRYK_EPO	D_USDTRYK	30/10/2026	139.2	139.4	-0.14	0	0	0	0	0	0	0	0	0	50001	0					
06/10/2026	TM_O_USDTRYKE301126C50500	USDTRY_301126_AVRUPA_ESNEK OPS	D_CR	CRO	D_CR_ECO	DE_USDTRYK_ECO	D_USDTRYK	30/11/2026	850.2	865.6	-1.78	0	0	0	0	0	0	0	0	0	10000	0					
06/10/2026	TM_O_USDTRYKE301126C52000	USDTRY_11/2026_AVRUPA_OPSIYON	D_CR	CRO	D_CR_ECO	DE_USDTRYK_ECO	D_USDTRYK	30/11/2026	382	406.9	-6.12	492.6	492.6	492.6	492.6	492.6	5200000	49260	100	1	17026	100					
06/10/2026	TM_O_USDTRYKE301126C55000	USDTRY_11/2026_AVRUPA_OPSIYON	D_CR	CRO	D_CR_ECO	DE_USDTRYK_ECO	D_USDTRYK	30/11/2026	250.9	250.3	0.24	0	0	0	0	0	0	0	0	0	1000	0					
06/10/2026	TM_O_USDTRYKE311226C52500	USDTRY_311226_AVRUPA_ESNEK OPS	D_CR	CRO	D_CR_ECO	DE_USDTRYK_ECO	D_USDTRYK	31/12/2026	856.5	894.5	-4.25	620.1	620	630	630	623.6	178132500	2115898.4	3393	33	69443	3193					
06/10/2026	TM_O_USDTRYKE311226C53000	USDTRY_12/2026_AVRUPA_OPSIYON	D_CR	CRO	D_CR_ECO	DE_USDTRYK_ECO	D_USDTRYK	31/12/2026	763.5	795.8	-4.06	476.2	450	500	500	470.3	215392000	1911199	4064	34	27885	3570					
06/10/2026	TM_O_USDTRYKE311226C54000	USDTRY_12/2026_AVRUPA_OPSIYON	D_CR	CRO	D_CR_ECO	DE_USDTRYK_ECO	D_USDTRYK	31/12/2026	604.6	636.8	-5.06	444.5	441.6	444.5	444.5	443.1	43200000	354460	800	16	1225	800					
06/10/2026	TM_O_USDTRYKE311226C55000	USDTRY_12/2026_AVRUPA_OPSIYON	D_CR	CRO	D_CR_ECO	DE_USDTRYK_ECO	D_USDTRYK	31/12/2026	541	564	-4.08	0	0	0	0	0	0	0	0	0	25	0					
06/10/2026	TM_O_USDTRYKE311226C62000	USDTRY_311226_AVRUPA_ESNEK OPS	D_CR	CRO	D_CR_ECO	DE_USDTRYK_ECO	D_USDTRYK	31/12/2026	283.1	297.1	-4.71	0	0	0	0	0	0	0	0	0	75000	0					
06/10/2026	TM_O_XU030E301026P17800.00	XU030_301026_AVRUPA_ESNEK OPS	D_IX	INO	D_IX_EPO	DE_BIST30_EPO	D_XU030D	30/10/2026	2105.47	2029.83	3.73	0	0	0	0	0	0	0	0	0	1000	0					
06/10/2026	TM_O_XU030E301026P18200.00	XU030_301026_AVRUPA_ESNEK OPS	D_IX	INO	D_IX_EPO	DE_BIST30_EPO	D_XU030D	30/10/2026	2493.89	2416.47	3.2	0	0	0	0	0	0	0	0	0	1000	0					
06/10/2026	TM_O_YKBNKE301026C45.00	YKBNK_10/2026_AVRUPA_OPSIYON	D_EQ	SSO	D_EQ_ECP	DE_YKBNK_ECP	YKBNK.E	30/10/2026	0.08	0.07	14.29	0	0	0	0	0	0	0	0	0	0	0					
06/10/2026	TM_O_YKBNKE301026P35.01	YKBNK_301026_AVRUPA_ESNEK OPS	D_EQ	SSO	D_EQ_EPP	DE_YKBNK_EPP	YKBNK.E	30/10/2026	0.59	0.75	-21.33	0	0	0	0	0	0	0	0	0	430	0					
06/10/2026	TM_O_YKBNKE301026P37.50	YKBNK_301026_AVRUPA_ESNEK OPS	D_EQ	SSO	D_EQ_EPP	DE_YKBNK_EPP	YKBNK.E	30/10/2026	1.57	1.87	-16.04	0	0	0	0	0	0	0	0	0	550	0					
06/10/2026	TM_O_YKBNKE301026P37.75	YKBNK_301026_AVRUPA_ESNEK OPS	D_EQ	SSO	D_EQ_EPP	DE_YKBNK_EPP	YKBNK.E	30/10/2026	1.7	2.01	-15.42	0	0	0	0	0	0	0	0	0	264	0					
06/10/2026	TM_O_YKBNKE301126C45.50	YKBNK_301126_AVRUPA_ESNEK OPS	D_EQ	SSO	D_EQ_ECP	DE_YKBNK_ECP	YKBNK.E	30/11/2026	0.56	0.49	14.29	0	0	0	0	0	0	0	0	0	0	0					
06/10/2026	TM_O_YKBNKE311226C44.50	YKBNK_311226_AVRUPA_ESNEK OPS	D_EQ	SSO	D_EQ_ECP	DE_YKBNK_ECP	YKBNK.E	31/12/2026	1.66	1.51	9.93	0	0	0	0	0	0	0	0	0	187000	0					
06/10/2026	TM_O_YKBNKE311226C45.00	YKBNK_12/2026_AVRUPA_OPSIYON	D_EQ	SSO	D_EQ_ECP	DE_YKBNK_ECP	YKBNK.E	31/12/2026	1.55		0	0	0	0	0	0	0	0	0	0	0	0					
