TARIH	SOZLESME KODU	SOZLESME ADI	PAZAR	PAZAR SEGMENTI	SOZLESME TIPI	SOZLESME SINIFI	DAYANAK VARLIK	VADE TARIHI	UZLASMA FIYATI	ONCEKI UZLASMA FIYATI	UZLASMA FIYATI DEGISIMI (%)	ACILIS FIYATI	EN DUSUK FIYAT	EN YUKSEK FIYAT	KAPANIS FIYATI	 AGIRLIKLI ORTALAMA FIYAT	ISLEM HACMI	PRIM HACMI	ISLEM MIKTARI	ISLEM SAYISI	ACIK POZISYON	ACIK POZISYON DEGISIMI	ACILIS SEANSI FIYATI	ACILIS SEANSI ISLEM HACMI	ACILIS SEANSI PRIM HACMI	ACILIS SEANSI ISLEM MIKTARI	ACILIS SEANSI ISLEM SAYISI
TRADE DATE	INSTRUMENT SERIES	INSTRUMENT NAME	MARKET	MARKET SEGMENT	INSTRUMENT TYPE	INSTRUMENT CLASS	UNDERLYING	EXPIRATION DATE	SETTLEMENT PRICE	PREVIOUS SETTLEMENT PRICE	CHANGE OF SETTLEMENT PRICE (%)	OPENING PRICE	LOWEST PRICE	HIGHEST PRICE	CLOSING PRICE	VWAP	TRADED VALUE	PREMIUM VALUE	TRADE VOLUME	TRADE COUNT	OPEN POSITION	OPEN POSITION CHANGE	OPENING SESSION PRICE	TRADED VALUE AT OPENING SESSION	PREMIUM VALUE AT OPENING SESSION	TRADED VOLUME AT OPENING SESSION	TRADE COUNT AT OPENING SESSION
07/10/2026	F_AEFES1026	AEFES_10/2026_VIS	D_EQ	SSF	D_EQ_FPD	DE_AEFES_FPD	AEFES.E	30/10/2026	18.57	19.1	-2.77	19.14	18.29	19.2	18.65	18.56	322842205	0	174006	8939	235413	-18693	19.14	68904	0	36	15
07/10/2026	F_AEFES1126	AEFES_11/2026_VIS	D_EQ	SSF	D_EQ_FPD	DE_AEFES_FPD	AEFES.E	30/11/2026	19.03	19.58	-2.81	19.56	18.78	19.65	19.07	19.04	18665835	0	9805	831	11943	1156	19.56	1956	0	1	1
07/10/2026	F_AEFES1226	AEFES_12/2026_VIS	D_EQ	SSF	D_EQ_FPD	DE_AEFES_FPD	AEFES.E	31/12/2026	19.53	20.36	-4.08	20.11	19.31	20.11	19.62	19.63	329817	0	168	73	1378	137					
07/10/2026	F_AKBNK1026	AKBNK_10/2026_VIS	D_EQ	SSF	D_EQ_FPD	DE_AKBNK_FPD	AKBNK.E	30/10/2026	70.81	71.01	-0.28	71.04	69.61	71.4	70.81	70.51	2928094479	0	415268	36167	1106634	1848	71.04	2131200	0	300	11
07/10/2026	F_AKBNK1126	AKBNK_11/2026_VIS	D_EQ	SSF	D_EQ_FPD	DE_AKBNK_FPD	AKBNK.E	30/11/2026	72.54	72.83	-0.4	72.76	71.41	73.2	72.64	72.22	70966693	0	9827	2056	24780	724					
07/10/2026	F_AKBNK1226	AKBNK_12/2026_VIS	D_EQ	SSF	D_EQ_FPD	DE_AKBNK_FPD	AKBNK.E	31/12/2026	74.62	74.18	0.59	74.77	73.47	75.17	74.8	74.43	2716584	0	365	134	545	120					
07/10/2026	F_AKSEN1026	AKSEN_10/2026_VIS	D_EQ	SSF	D_EQ_FPD	DE_AKSEN_FPD	AKSEN.E	30/10/2026	73.4	73.12	0.38	73.23	72.46	74.39	73.39	73.48	182824475	0	24880	5828	79971	-10	73.23	7323	0	1	1
07/10/2026	F_AKSEN1126	AKSEN_11/2026_VIS	D_EQ	SSF	D_EQ_FPD	DE_AKSEN_FPD	AKSEN.E	30/11/2026	75.25	74.99	0.35	74.31	74.31	76.2	75.2	75.24	10608350	0	1410	470	7530	295					
07/10/2026	F_AKSEN1226	AKSEN_12/2026_VIS	D_EQ	SSF	D_EQ_FPD	DE_AKSEN_FPD	AKSEN.E	31/12/2026	77.09	76.82	0.35	77.92	76.64	78.42	77.41	77.53	7698631	0	993	180	400	146					
07/10/2026	F_ALARK1026	ALARK_10/2026_VIS	D_EQ	SSF	D_EQ_FPD	DE_ALARK_FPD	ALARK.E	30/10/2026	106.35	107.6	-1.16	107.7	104.35	108.55	106.4	105.76	128020690	0	12105	3161	48178	117					
07/10/2026	F_ALARK1126	ALARK_11/2026_VIS	D_EQ	SSF	D_EQ_FPD	DE_ALARK_FPD	ALARK.E	30/11/2026	108.8	110.1	-1.18	110.2	107.15	110.2	108.85	108.14	2530540	0	234	145	481	52					
07/10/2026	F_ALARK1226	ALARK_12/2026_VIS	D_EQ	SSF	D_EQ_FPD	DE_ALARK_FPD	ALARK.E	31/12/2026	111.6	113.05	-1.28	112.9	110.65	112.9	111.95	111.85	167770	0	15	13	42	0					
07/10/2026	F_ARCLK1026	ARCLK_10/2026_VIS	D_EQ	SSF	D_EQ_FPD	DE_ARCLK_FPD	ARCLK.E	30/10/2026	81.88	82.52	-0.78	82.32	81.12	82.74	81.91	81.72	46076186	0	5638	1942	37762	-501					
07/10/2026	F_ARCLK1126	ARCLK_11/2026_VIS	D_EQ	SSF	D_EQ_FPD	DE_ARCLK_FPD	ARCLK.E	30/11/2026	83.28	84.35	-1.27	84.38	82.87	84.38	83.28	83.46	2837728	0	340	115	3572	6					
07/10/2026	F_ARCLK1226	ARCLK_12/2026_VIS	D_EQ	SSF	D_EQ_FPD	DE_ARCLK_FPD	ARCLK.E	31/12/2026	85.07	86.58	-1.74	86.1	84.84	86.1	85.35	85.5	359089	0	42	20	860	35					
07/10/2026	F_ASELS1026	ASELS_10/2026_VIS	D_EQ	SSF	D_EQ_FPD	DE_ASELS_FPD	ASELS.E	30/10/2026	357.45	384.85	-7.12	385.2	354.3	385.5	356.75	364.99	3975325305	0	108916	29681	156844	19226	385.2	924480	0	24	7
07/10/2026	F_ASELS1126	ASELS_11/2026_VIS	D_EQ	SSF	D_EQ_FPD	DE_ASELS_FPD	ASELS.E	30/11/2026	366.2	393.9	-7.03	393.85	363.25	393.95	365.6	372.58	333986515	0	8953	3031	11850	2086					
07/10/2026	F_ASELS1226	ASELS_12/2026_VIS	D_EQ	SSF	D_EQ_FPD	DE_ASELS_FPD	ASELS.E	31/12/2026	376.95	404.2	-6.74	404.65	374.5	404.65	387.8	381.68	11488480	0	301	166	297	180					
07/10/2026	F_ASTOR1026	ASTOR_10/2026_VIS	D_EQ	SSF	D_EQ_FPD	DE_ASTOR_FPD	ASTOR.E	30/10/2026	185.9	196	-5.15	196.4	176.6	197.4	185.7	184.16	3493822535	0	189714	41473	44288	-791	196.4	196400	0	10	2
07/10/2026	F_ASTOR1126	ASTOR_11/2026_VIS	D_EQ	SSF	D_EQ_FPD	DE_ASTOR_FPD	ASTOR.E	30/11/2026	190.45	200.95	-5.23	201.25	181.05	202	190.35	188.71	127322115	0	6747	4527	5028	921					
07/10/2026	F_ASTOR1226	ASTOR_12/2026_VIS	D_EQ	SSF	D_EQ_FPD	DE_ASTOR_FPD	ASTOR.E	31/12/2026	196.8	205.7	-4.33	206.5	187	206.9	196	194.01	6654485	0	343	186	485	175					
07/10/2026	F_BIMAS1026	BIMAS_10/2026_VIS	D_EQ	SSF	D_EQ_FPD	DE_BIMAS_FPD	BIMAS.E	30/10/2026	403.5	418.15	-3.5	419.5	402.55	419.5	403	409.31	578232550	0	14127	6198	47216	622	419.5	41950	0	1	1
07/10/2026	F_BIMAS1126	BIMAS_11/2026_VIS	D_EQ	SSF	D_EQ_FPD	DE_BIMAS_FPD	BIMAS.E	30/11/2026	413.55	428.35	-3.46	427.55	413	427.55	413.6	418.06	30852820	0	738	495	1206	16					
07/10/2026	F_BIMAS1226	BIMAS_12/2026_VIS	D_EQ	SSF	D_EQ_FPD	DE_BIMAS_FPD	BIMAS.E	31/12/2026	428.5	438.95	-2.38	430	428.45	430.75	429.35	428.85	900590	0	21	17	41	3					
07/10/2026	F_BRSAN1026	BRSAN_10/2026_VIS	D_EQ	SSF	D_EQ_FPD	DE_BRSAN_FPD	BRSAN.E	30/10/2026	673.7	694.6	-3.01	694.3	660	698	672.3	676.44	238512910	0	3526	2406	2022	-149					
07/10/2026	F_BRSAN1126	BRSAN_11/2026_VIS	D_EQ	SSF	D_EQ_FPD	DE_BRSAN_FPD	BRSAN.E	30/11/2026	689.9	709.9	-2.82	711.1	677	711.1	688.3	685.61	11449700	0	167	147	350	11					
07/10/2026	F_BRSAN1226	BRSAN_12/2026_VIS	D_EQ	SSF	D_EQ_FPD	DE_BRSAN_FPD	BRSAN.E	31/12/2026	703.2	752.1	-6.5	701	701	705.4	705.4	703.2	140640	0	2	2	9	0					
07/10/2026	F_CIMSA1026	CIMSA_10/2026_VIS	D_EQ	SSF	D_EQ_FPD	DE_CIMSA_FPD	CIMSA.E	30/10/2026	41.27	41.45	-0.43	41.45	40.75	41.67	41.36	41.23	44127191	0	10703	2128	68536	540					
07/10/2026	F_CIMSA1126	CIMSA_11/2026_VIS	D_EQ	SSF	D_EQ_FPD	DE_CIMSA_FPD	CIMSA.E	30/11/2026	42.11	42.42	-0.73	42.45	41.68	42.46	42.18	42.09	610283	0	145	92	2647	55					
07/10/2026	F_CIMSA1226	CIMSA_12/2026_VIS	D_EQ	SSF	D_EQ_FPD	DE_CIMSA_FPD	CIMSA.E	31/12/2026	43.21	43.72	-1.17	43.25	42.9	43.46	43.28	43.23	108078	0	25	17	516	9					
07/10/2026	F_CNHTRY1026	CNHTRY_10/2026_VIS	D_CR	CRF	D_CR_FUT	DE_CNHTRY_FUT	D_CNHTRY	30/10/2026	7.567	7.567	0	0	0	0	0	0	0	0	0	0	0	0					
07/10/2026	F_CNHTRY1126	CNHTRY_11/2026_VIS	D_CR	CRF	D_CR_FUT	DE_CNHTRY_FUT	D_CNHTRY	30/11/2026	7.6884	7.6884	0	0	0	0	0	0	0	0	0	0	0	0					
07/10/2026	F_CNHTRY1226	CNHTRY_12/2026_VIS	D_CR	CRF	D_CR_FUT	DE_CNHTRY_FUT	D_CNHTRY	31/12/2026	7.9439	7.9439	0	0	0	0	0	0	0	0	0	0	11	0					
07/10/2026	F_CNHTRY1227	CNHTRY_12/2027_VIS	D_CR	CRF	D_CR_FUT	DE_CNHTRY_FUT	D_CNHTRY	31/12/2027	10.25	10.25	0	0	0	0	0	0	0	0	0	0	0	0					
07/10/2026	F_DOAS1026	DOAS_10/2026_VIS	D_EQ	SSF	D_EQ_FPD	DE_DOAS_FPD	DOAS.E	30/10/2026	144.9	147.75	-1.93	146.35	143.65	150.2	146.2	145.2	32539600	0	2241	991	5124	275					
07/10/2026	F_DOAS1126	DOAS_11/2026_VIS	D_EQ	SSF	D_EQ_FPD	DE_DOAS_FPD	DOAS.E	30/11/2026	148.2	151.1	-1.92	147.5	147.35	150.5	147.9	148.96	1727915	0	116	92	396	39					
07/10/2026	F_DOAS1226	DOAS_12/2026_VIS	D_EQ	SSF	D_EQ_FPD	DE_DOAS_FPD	DOAS.E	31/12/2026	152.7	155.05	-1.52	154.2	151.25	154.25	151.7	153.66	507080	0	33	28	44	26					
07/10/2026	F_DOHOL1026	DOHOL_10/2026_VIS	D_EQ	SSF	D_EQ_FPD	DE_DOHOL_FPD	DOHOL.E	30/10/2026	18.64	19.21	-2.97	19.3	18.6	19.3	18.66	18.87	159596245	0	84581	6222	213154	28304	19.3	115800	0	60	4
07/10/2026	F_DOHOL1126	DOHOL_11/2026_VIS	D_EQ	SSF	D_EQ_FPD	DE_DOHOL_FPD	DOHOL.E	30/11/2026	19.11	19.68	-2.9	19.75	19.06	19.75	19.39	19.36	3187256	0	1646	312	6060	948					
07/10/2026	F_DOHOL1226	DOHOL_12/2026_VIS	D_EQ	SSF	D_EQ_FPD	DE_DOHOL_FPD	DOHOL.E	31/12/2026	19.65	20.55	-4.38	20.2	19.55	20.71	19.95	19.96	347315	0	174	112	253	163					
07/10/2026	F_EKGYO1026	EKGYO_10/2026_VIS	D_EQ	SSF	D_EQ_FPD	DE_EKGYO_FPD	EKGYO.E	30/10/2026	20.01	20.16	-0.74	20.14	19.57	20.18	20.04	19.88	654888592	0	329470	11100	922154	-29439	20.14	40280	0	20	2
07/10/2026	F_EKGYO1126	EKGYO_11/2026_VIS	D_EQ	SSF	D_EQ_FPD	DE_EKGYO_FPD	EKGYO.E	30/11/2026	20.48	20.65	-0.82	20.74	20.08	20.74	20.48	20.33	39211424	0	19286	751	26225	4735					
07/10/2026	F_EKGYO1226	EKGYO_12/2026_VIS	D_EQ	SSF	D_EQ_FPD	DE_EKGYO_FPD	EKGYO.E	31/12/2026	20.88	21.27	-1.83	21.48	20.68	21.48	21.05	21.1	154032	0	73	18	1443	31					
07/10/2026	F_ELCBAS0127	BY ELEKTRIK_01/2027_VIS	D_EL	ENF	D_EL_FUT	DE_ELCBAS01B_FUT	D_ELCBAS01	01/02/2027	2800	2800	0	0	0	0	0	0	0	0	0	0	0	0					
07/10/2026	F_ELCBAS0227	BY ELEKTRIK_02/2027_VIS	D_EL	ENF	D_EL_FUT	DE_ELCBAS02B_FUT	D_ELCBAS02	01/03/2027	2652.8	2652.8	0	0	0	0	0	0	0	0	0	0	0	0					
07/10/2026	F_ELCBAS0327	BY ELEKTRIK_03/2027_VIS	D_EL	ENF	D_EL_FUT	DE_ELCBAS03B_FUT	D_ELCBAS03	31/03/2027	2959.6	2959.6	0	0	0	0	0	0	0	0	0	0	0	0					
07/10/2026	F_ELCBAS0427	BY ELEKTRIK_04/2027_VIS	D_EL	ENF	D_EL_FUT	DE_ELCBAS04B_FUT	D_ELCBAS04	30/04/2027	2713	2713	0	0	0	0	0	0	0	0	0	0	0	0					
07/10/2026	F_ELCBAS1026	BY ELEKTRIK_10/2026_VIS	D_EL	ENF	D_EL_FUT	DE_ELCBAS10B_FUT	D_ELCBAS10	02/11/2026	3320	3320	0	0	0	0	0	0	0	0	0	0	20	0					
07/10/2026	F_ELCBAS1126	BY ELEKTRIK_11/2026_VIS	D_EL	ENF	D_EL_FUT	DE_ELCBAS11B_FUT	D_ELCBAS11	30/11/2026	3320	3320	0	0	0	0	0	0	0	0	0	0	20	0					
07/10/2026	F_ELCBAS1226	BY ELEKTRIK_12/2026_VIS	D_EL	ENF	D_EL_FUT	DE_ELCBAS12B_FUT	D_ELCBAS12	31/12/2026	3320	3320	0	0	0	0	0	0	0	0	0	0	20	0					
07/10/2026	F_ELCBASQ127	BY ELEKTRIK_Q1/2026_CASC VIS	D_EL	ENF	D_EL_FUT	DE_ELCBASQ1B_FUT	D_ELCBASQ1	30/12/2026	3400	3400	0	0	0	0	0	0	0	0	0	0	0	0					
07/10/2026	F_ELCBASQ128	BY ELEKTRIK_Q1/2027_CASC VIS	D_EL	ENF	D_EL_FUT	DE_ELCBASQ1B_FUT	D_ELCBASQ1	30/12/2027	3500	3500	0	0	0	0	0	0	0	0	0	0	0	0					
07/10/2026	F_ELCBASQ227	BY ELEKTRIK_Q2/2027_CASC VIS	D_EL	ENF	D_EL_FUT	DE_ELCBASQ2B_FUT	D_ELCBASQ2	30/03/2027	2600	2600	0	0	0	0	0	0	0	0	0	0	0	0					
07/10/2026	F_ELCBASQ228	BY ELEKTRIK_Q2/2028_CASC VIS	D_EL	ENF	D_EL_FUT	DE_ELCBASQ2B_FUT	D_ELCBASQ2	30/03/2028	3500	3500	0	0	0	0	0	0	0	0	0	0	0	0					
07/10/2026	F_ELCBASQ327	BY ELEKTRIK_Q3/2027_CASC VIS	D_EL	ENF	D_EL_FUT	DE_ELCBASQ3B_FUT	D_ELCBASQ3	29/06/2027	3700	3700	0	0	0	0	0	0	0	0	0	0	0	0					
07/10/2026	F_ELCBASQ328	BY ELEKTRIK_Q3/2028_CASC VIS	D_EL	ENF	D_EL_FUT	DE_ELCBASQ3B_FUT	D_ELCBASQ3	29/06/2028	3500	3500	0	0	0	0	0	0	0	0	0	0	0	0					
07/10/2026	F_ELCBASQ427	BY ELEKTRIK_Q4/2027_CASC VIS	D_EL	ENF	D_EL_FUT	DE_ELCBASQ4B_FUT	D_ELCBASQ4	29/09/2027	3500	3500	0	0	0	0	0	0	0	0	0	0	0	0					
07/10/2026	F_ELCBASQ428	BY ELEKTRIK_Q4/2028_CASC VIS	D_EL	ENF	D_EL_FUT	DE_ELCBASQ4B_FUT	D_ELCBASQ4	29/09/2028	3500	3500	0	0	0	0	0	0	0	0	0	0	0	0					
07/10/2026	F_ELCBASY27	BY ELEKTRIK_2026_CASC VIS	D_EL	ENF	D_EL_FUT	DE_ELCBASYB_FUT	D_ELCBASY	28/12/2026	3300	3300	0	0	0	0	0	0	0	0	0	0	0	0					
07/10/2026	F_ELCBASY28	BY ELEKTRIK_2027_CASC VIS	D_EL	ENF	D_EL_FUT	DE_ELCBASYB_FUT	D_ELCBASY	28/12/2027	3500	3500	0	0	0	0	0	0	0	0	0	0	0	0					
07/10/2026	F_ENJSA1026	ENJSA_10/2026_VIS	D_EQ	SSF	D_EQ_FPD	DE_ENJSA_FPD	ENJSA.E	30/10/2026	115.3	114.25	0.92	114	112.6	115.75	115.75	113.76	84957570	0	7468	2064	15314	-313					
07/10/2026	F_ENJSA1126	ENJSA_11/2026_VIS	D_EQ	SSF	D_EQ_FPD	DE_ENJSA_FPD	ENJSA.E	30/11/2026	118.3	116.7	1.37	117.75	115.35	118.45	118.45	116.83	4427845	0	379	169	1306	221					
07/10/2026	F_ENJSA1226	ENJSA_12/2026_VIS	D_EQ	SSF	D_EQ_FPD	DE_ENJSA_FPD	ENJSA.E	31/12/2026	119.4	120.3	-0.75	119.5	119.3	119.5	119.35	119.41	71645	0	6	4	14	4					
07/10/2026	F_ENKAI1026	ENKAI_10/2026_VIS	D_EQ	SSF	D_EQ_FPD	DE_ENKAI_FPD	ENKAI.E	30/10/2026	81.86	84.32	-2.92	84.06	81.52	84.48	81.93	82.55	255244812	0	30921	7963	60990	5362	84.06	16812	0	2	2
07/10/2026	F_ENKAI1126	ENKAI_11/2026_VIS	D_EQ	SSF	D_EQ_FPD	DE_ENKAI_FPD	ENKAI.E	30/11/2026	83.89	86.5	-3.02	86.2	83.63	86.55	83.89	84.37	21557474	0	2555	764	3054	914					
07/10/2026	F_ENKAI1226	ENKAI_12/2026_VIS	D_EQ	SSF	D_EQ_FPD	DE_ENKAI_FPD	ENKAI.E	31/12/2026	86.78	89.47	-3.01	88.5	86.16	88.5	86.16	86.98	1713583	0	197	110	230	185					
07/10/2026	F_EREGL1026	EREGL_10/2026_VIS	D_EQ	SSF	D_EQ_FPD	DE_EREGL_FPD	EREGL.E	30/10/2026	37.39	37.78	-1.03	37.87	36.88	38.05	37.45	37.42	904874715	0	241838	14647	503323	12825	37.87	124971	0	33	7
07/10/2026	F_EREGL1126	EREGL_11/2026_VIS	D_EQ	SSF	D_EQ_FPD	DE_EREGL_FPD	EREGL.E	30/11/2026	38.34	38.62	-0.73	38.75	37.83	38.99	38.38	38.42	33924586	0	8830	914	9642	-138					
07/10/2026	F_EREGL1226	EREGL_12/2026_VIS	D_EQ	SSF	D_EQ_FPD	DE_EREGL_FPD	EREGL.E	31/12/2026	39.15	39.79	-1.61	39.74	38.93	40	39.36	39.39	275698	0	70	35	78	9					
07/10/2026	F_EURTRY1026	EURTRY_10/2026_VIS	D_CR	CRF	D_CR_FUT	DE_EURTRY_FUT	D_EURTRY	30/10/2026	55.984	56.362	-0.67	56.241	55.925	56.242	56.05	56.061	21919870	0	391	212	13718	-84					
07/10/2026	F_EURTRY1126	EURTRY_11/2026_VIS	D_CR	CRF	D_CR_FUT	DE_EURTRY_FUT	D_EURTRY	30/11/2026	57.515	57.748	-0.4	57.553	57.401	57.686	57.401	57.5147	575147	0	10	6	181	1					
07/10/2026	F_EURTRY1226	EURTRY_12/2026_VIS	D_CR	CRF	D_CR_FUT	DE_EURTRY_FUT	D_EURTRY	31/12/2026	58.883	59.339	-0.77	59.15	58	59.15	58.881	58.7999	16463980	0	280	50	1946	-126					
07/10/2026	F_EURTRY1227	EURTRY_12/2027_VIS	D_CR	CRF	D_CR_FUT	DE_EURTRY_FUT	D_EURTRY	31/12/2027	79.087	79.325	-0.3	79.002	79.001	79.15	79.01	79.1009	4429653	0	56	16	273	31					
07/10/2026	F_EURUSD1026	EURUSD_10/2026_VIS	D_CR	CRFU	D_CR_FUT	DE_EURUSD_FUT	D_EURUSD	30/10/2026	1.1202	1.1266	-0.57	1.1239	1.1179	1.1245	1.1206	1.12	222899693	0	4054	451	21434	105					
07/10/2026	F_EURUSD1126	EURUSD_11/2026_VIS	D_CR	CRFU	D_CR_FUT	DE_EURUSD_FUT	D_EURUSD	30/11/2026	1.1216	1.1287	-0.63	1.1244	1.12	1.1244	1.12	1.1219	2588659.706	0	47	17	303	0					
07/10/2026	F_EURUSD1226	EURUSD_12/2026_VIS	D_CR	CRFU	D_CR_FUT	DE_EURUSD_FUT	D_EURUSD	31/12/2026	1.1221	1.1302	-0.72	1.1279	1.122	1.1294	1.1222	1.126	28632851.26	0	518	82	1385	66					
07/10/2026	F_EURUSD1227	EURUSD_12/2027_VIS	D_CR	CRFU	D_CR_FUT	DE_EURUSD_FUT	D_EURUSD	31/12/2027	1.1401	1.1433	-0.28	1.1401	1.14	1.1401	1.14	1.1401	1623112.365	0	29	5	281	0					
07/10/2026	F_FROTO1026	FROTO_10/2026_VIS	D_EQ	SSF	D_EQ_FPD	DE_FROTO_FPD	FROTO.E	30/10/2026	75.66	76.18	-0.68	76.16	74.67	76.33	75.69	75.6	224515270	0	29699	6233	117739	-44					
07/10/2026	F_FROTO1126	FROTO_11/2026_VIS	D_EQ	SSF	D_EQ_FPD	DE_FROTO_FPD	FROTO.E	30/11/2026	77.41	78.14	-0.93	78.16	76.65	78.21	77.35	77.46	15932970	0	2057	551	11032	553					
07/10/2026	F_FROTO1226	FROTO_12/2026_VIS	D_EQ	SSF	D_EQ_FPD	DE_FROTO_FPD	FROTO.E	31/12/2026	79.58	80.59	-1.25	79.9	78.87	79.9	79.6	79.73	3069600	0	385	114	660	266					
07/10/2026	F_GARAN1026	GARAN_10/2026_VIS	D_EQ	SSF	D_EQ_FPD	DE_GARAN_FPD	GARAN.E	30/10/2026	132.75	134.1	-1.01	134.85	130.8	134.85	132.85	132.43	707446345	0	53421	10305	195561	2271	134.85	3560040	0	264	28
07/10/2026	F_GARAN1126	GARAN_11/2026_VIS	D_EQ	SSF	D_EQ_FPD	DE_GARAN_FPD	GARAN.E	30/11/2026	135.7	137.05	-0.99	137.5	134.25	137.6	135.8	135.51	29202580	0	2155	477	5872	224					
07/10/2026	F_GARAN1226	GARAN_12/2026_VIS	D_EQ	SSF	D_EQ_FPD	DE_GARAN_FPD	GARAN.E	31/12/2026	138.35	139.95	-1.14	140.65	138	140.65	139.85	139.04	611765	0	44	17	61	33					
07/10/2026	F_GBPUSD1026	GBPUSD_10/2026_VIS	D_CR	CRFU	D_CR_FUT	DE_GBPUSD_FUT	D_GBPUSD	30/10/2026	1.3204	1.3255	-0.38	1.3204	1.3204	1.3204	1.3204	1.3204	64820.81272	0	1	1	35	1					
07/10/2026	F_GBPUSD1126	GBPUSD_11/2026_VIS	D_CR	CRFU	D_CR_FUT	DE_GBPUSD_FUT	D_GBPUSD	30/11/2026	1.3234	1.3234	0	0	0	0	0	0	0	0	0	0	0	0					
07/10/2026	F_GBPUSD1226	GBPUSD_12/2026_VIS	D_CR	CRFU	D_CR_FUT	DE_GBPUSD_FUT	D_GBPUSD	31/12/2026	1.3202	1.3202	0	0	0	0	0	0	0	0	0	0	20	0					
07/10/2026	F_GBPUSD1227	GBPUSD_12/2027_VIS	D_CR	CRFU	D_CR_FUT	DE_GBPUSD_FUT	D_GBPUSD	31/12/2027	1.3538	1.3538	0	0	0	0	0	0	0	0	0	0	0	0					
07/10/2026	F_GUBRF1026	GUBRF_10/2026_VIS	D_EQ	SSF	D_EQ_FPD	DE_GUBRF_FPD	GUBRF.E	30/10/2026	400.7	415.95	-3.67	414.1	396.5	414.9	399.65	404.21	390747695	0	9667	7295	18465	297					
07/10/2026	F_GUBRF1126	GUBRF_11/2026_VIS	D_EQ	SSF	D_EQ_FPD	DE_GUBRF_FPD	GUBRF.E	30/11/2026	409.9	424.7	-3.48	423.5	406	423.85	409.1	413.06	121150065	0	2933	2585	3918	2169					
07/10/2026	F_GUBRF1226	GUBRF_12/2026_VIS	D_EQ	SSF	D_EQ_FPD	DE_GUBRF_FPD	GUBRF.E	31/12/2026	424.2	442.8	-4.2	433.4	420.7	441.25	422.85	427.58	19091010	0	433	32	2498	-388					
07/10/2026	F_HALKB1026	HALKB_10/2026_VIS	D_EQ	SSF	D_EQ_FPD	DE_HALKB_FPD	HALKB.E	30/10/2026	44.47	44.58	-0.25	44.58	44.1	44.84	44.48	44.5	454760146	0	102202	10309	371333	-14672	44.58	98076	0	22	3
07/10/2026	F_HALKB1126	HALKB_11/2026_VIS	D_EQ	SSF	D_EQ_FPD	DE_HALKB_FPD	HALKB.E	30/11/2026	44.59	45.16	-1.26	45.12	44.46	45.15	44.58	44.8	101109939	0	22567	3148	76124	13659					
07/10/2026	F_HALKB1226	HALKB_12/2026_VIS	D_EQ	SSF	D_EQ_FPD	DE_HALKB_FPD	HALKB.E	31/12/2026	45.59	46.03	-0.96	46.33	45.25	46.33	45.6	45.58	2392919	0	525	21	678	502					
07/10/2026	F_HEKTS1026	HEKTS_10/2026_VIS	D_EQ	SSF	D_EQ_FPD	DE_HEKTS_FPD	HEKTS.E	30/10/2026	2.18	2.24	-2.68	2.25	2.15	2.27	2.2	2.2	108227423	0	491979	2402	800080	-11695	2.25	1350	0	6	2
07/10/2026	F_HEKTS1126	HEKTS_11/2026_VIS	D_EQ	SSF	D_EQ_FPD	DE_HEKTS_FPD	HEKTS.E	30/11/2026	2.23	2.29	-2.62	2.3	2.21	2.32	2.24	2.26	4180826	0	18501	292	65085	3110					
07/10/2026	F_HEKTS1226	HEKTS_12/2026_VIS	D_EQ	SSF	D_EQ_FPD	DE_HEKTS_FPD	HEKTS.E	31/12/2026	2.3	2.36	-2.54	2.35	2.29	2.37	2.3	2.33	138272	0	594	42	1419	-49					
07/10/2026	F_ISCTR1026	ISCTR_10/2026_VIS	D_EQ	SSF	D_EQ_FPD	DE_ISCTR_FPD	ISCTR.E	30/10/2026	13.26	13.16	0.76	13.2	12.9	13.29	13.26	13.11	1840346561	0	1403757	17716	3062942	127340	13.2	929280	0	704	18
07/10/2026	F_ISCTR1126	ISCTR_11/2026_VIS	D_EQ	SSF	D_EQ_FPD	DE_ISCTR_FPD	ISCTR.E	30/11/2026	13.6	13.49	0.82	13.52	13.24	13.62	13.61	13.43	44615965	0	33233	919	144382	5762					
07/10/2026	F_ISCTR1226	ISCTR_12/2026_VIS	D_EQ	SSF	D_EQ_FPD	DE_ISCTR_FPD	ISCTR.E	31/12/2026	13.98	13.9	0.58	13.97	13.62	14	14	13.83	699970	0	506	128	2795	206					
07/10/2026	F_KCHOL1026	KCHOL_10/2026_VIS	D_EQ	SSF	D_EQ_FPD	DE_KCHOL_FPD	KCHOL.E	30/10/2026	214.35	218.4	-1.85	219.35	212.85	219.35	214.7	215.37	904847285	0	42014	8949	148062	-257	219.35	1645125	0	75	3
07/10/2026	F_KCHOL1126	KCHOL_11/2026_VIS	D_EQ	SSF	D_EQ_FPD	DE_KCHOL_FPD	KCHOL.E	30/11/2026	219.7	223.75	-1.81	224.3	218.45	224.4	219.75	221.07	46114590	0	2086	683	5622	453					
07/10/2026	F_KCHOL1226	KCHOL_12/2026_VIS	D_EQ	SSF	D_EQ_FPD	DE_KCHOL_FPD	KCHOL.E	31/12/2026	226.05	231.1	-2.19	227.5	225	228.15	225.5	226.45	430260	0	19	15	39	13					
07/10/2026	F_KRDMD1026	KRDMD_10/2026_VIS	D_EQ	SSF	D_EQ_FPD	DE_KRDMD_FPD	KRDMD.E	30/10/2026	43.86	45.28	-3.14	45.42	43.23	46.14	43.76	44.65	921250923	0	206346	16580	172166	-641	45.42	118092	0	26	8
07/10/2026	F_KRDMD1126	KRDMD_11/2026_VIS	D_EQ	SSF	D_EQ_FPD	DE_KRDMD_FPD	KRDMD.E	30/11/2026	44.82	46.35	-3.3	46.5	44.33	47.24	44.92	45.08	62314277	0	13822	1203	30108	426					
07/10/2026	F_KRDMD1226	KRDMD_12/2026_VIS	D_EQ	SSF	D_EQ_FPD	DE_KRDMD_FPD	KRDMD.E	31/12/2026	45.88	47.41	-3.23	48.03	45.82	48.28	46.14	46.96	662077	0	141	38	72	-9					
07/10/2026	F_MGROS1026	MGROS_10/2026_VIS	D_EQ	SSF	D_EQ_FPD	DE_MGROS_FPD	MGROS.E	30/10/2026	511.4	522.9	-2.2	520.7	504.3	525.5	510.5	511.51	323942310	0	6333	3348	20047	283					
07/10/2026	F_MGROS1126	MGROS_11/2026_VIS	D_EQ	SSF	D_EQ_FPD	DE_MGROS_FPD	MGROS.E	30/11/2026	520.5	532.5	-2.25	532.9	514.5	532.9	522.7	520.07	25587450	0	492	280	1125	224					
07/10/2026	F_MGROS1226	MGROS_12/2026_VIS	D_EQ	SSF	D_EQ_FPD	DE_MGROS_FPD	MGROS.E	31/12/2026	532.8	549.6	-3.06	545	530	545	534.5	534.73	2994470	0	56	33	107	36					
07/10/2026	F_ODAS1026	ODAS_10/2026_VIS	D_EQ	SSF	D_EQ_FPD	DE_ODAS_FPD	ODAS.E	30/10/2026	6.04	6.09	-0.82	6.09	5.87	6.13	6.02	6	125818893	0	209775	4769	472348	-10180	6.09	24360	0	40	4
07/10/2026	F_ODAS1126	ODAS_11/2026_VIS	D_EQ	SSF	D_EQ_FPD	DE_ODAS_FPD	ODAS.E	30/11/2026	6.17	6.23	-0.96	6.22	6	6.25	6.15	6.13	2117979	0	3457	309	25135	2368					
07/10/2026	F_ODAS1226	ODAS_12/2026_VIS	D_EQ	SSF	D_EQ_FPD	DE_ODAS_FPD	ODAS.E	31/12/2026	6.35	6.4	-0.78	6.4	6.24	6.4	6.36	6.33	334901	0	529	94	1204	500					
07/10/2026	F_OYAKC1026	OYAKC_10/2026_VIS	D_EQ	SSF	D_EQ_FPD	DE_OYAKC_FPD	OYAKC.E	30/10/2026	20.94	21.14	-0.95	21.14	20.78	21.2	20.93	20.94	94034467	0	44898	4192	71082	-12997					
07/10/2026	F_OYAKC1126	OYAKC_11/2026_VIS	D_EQ	SSF	D_EQ_FPD	DE_OYAKC_FPD	OYAKC.E	30/11/2026	21.45	21.68	-1.06	21.64	21.29	21.68	21.45	21.45	5710993	0	2662	332	12335	290					
07/10/2026	F_OYAKC1226	OYAKC_12/2026_VIS	D_EQ	SSF	D_EQ_FPD	DE_OYAKC_FPD	OYAKC.E	31/12/2026	21.99	22.51	-2.31	22.23	21.9	22.24	21.99	22	74789	0	34	11	50	30					
07/10/2026	F_PETKM1026	PETKM_10/2026_VIS	D_EQ	SSF	D_EQ_FPD	DE_PETKM_FPD	PETKM.E	30/10/2026	20.53	20.15	1.89	20.19	20.01	20.77	20.64	20.51	635464226	0	309869	14219	374553	-13439					
07/10/2026	F_PETKM1126	PETKM_11/2026_VIS	D_EQ	SSF	D_EQ_FPD	DE_PETKM_FPD	PETKM.E	30/11/2026	20.99	20.61	1.84	20.67	20.66	21.24	20.98	20.94	101516874	0	47739	756	41185	19811					
07/10/2026	F_PETKM1226	PETKM_12/2026_VIS	D_EQ	SSF	D_EQ_FPD	DE_PETKM_FPD	PETKM.E	31/12/2026	21.51	21.29	1.03	21.3	21.3	21.8	21.5	21.65	525985	0	243	50	236	48					
07/10/2026	F_PGSUS1026	PGSUS_10/2026_VIS	D_EQ	SSF	D_EQ_FPD	DE_PGSUS_FPD	PGSUS.E	30/10/2026	139.3	142.95	-2.55	142.9	138.65	142.9	139.5	140.46	347329125	0	24731	6696	80142	1218					
07/10/2026	F_PGSUS1126	PGSUS_11/2026_VIS	D_EQ	SSF	D_EQ_FPD	DE_PGSUS_FPD	PGSUS.E	30/11/2026	143	146.8	-2.59	145.85	142.4	146.1	143.05	143.78	19194645	0	1335	465	4675	572					
07/10/2026	F_PGSUS1226	PGSUS_12/2026_VIS	D_EQ	SSF	D_EQ_FPD	DE_PGSUS_FPD	PGSUS.E	31/12/2026	147.05	151.55	-2.97	150.85	146.8	150.85	147.4	148.3	1156735	0	78	35	112	54					
07/10/2026	F_P_USDTRY1026	FIZ. USDTRY_10/2026_VIS	D_CR	PCF	D_CR_FPD	DE_USDTRYP_FPD	USDTRYP.CX	30/10/2026	50.632	50.632	0	0	0	0	0	0	0	0	0	0	0	0					
07/10/2026	F_P_USDTRY1126	FIZ. USDTRY_11/2026_VIS	D_CR	PCF	D_CR_FPD	DE_USDTRYP_FPD	USDTRYP.CX	30/11/2026	51.46	51.46	0	0	0	0	0	0	0	0	0	0	0	0					
07/10/2026	F_P_USDTRY1226	FIZ. USDTRY_12/2026_VIS	D_CR	PCF	D_CR_FPD	DE_USDTRYP_FPD	USDTRYP.CX	31/12/2026	53.185	53.185	0	0	0	0	0	0	0	0	0	0	0	0					
07/10/2026	F_P_USDTRY1227	FIZ. USDTRY_12/2027_VIS	D_CR	PCF	D_CR_FPD	DE_USDTRYP_FPD	USDTRYP.CX	31/12/2027	70.106	70.106	0	0	0	0	0	0	0	0	0	0	0	0					
07/10/2026	F_RUBTRY1026	RUBTRY_10/2026_VIS	D_CR	CRF	D_CR_FUT	DE_RUBTRY_FUT	D_RUBTRY	30/10/2026	0.58208	0.58386	-0.3	0	0	0	0	0	0	0	0	0	0	0					
07/10/2026	F_RUBTRY1126	RUBTRY_11/2026_VIS	D_CR	CRF	D_CR_FUT	DE_RUBTRY_FUT	D_RUBTRY	30/11/2026	0.59119	0.60402	-2.12	0	0	0	0	0	0	0	0	0	0	0					
07/10/2026	F_RUBTRY1226	RUBTRY_12/2026_VIS	D_CR	CRF	D_CR_FUT	DE_RUBTRY_FUT	D_RUBTRY	31/12/2026	0.60046	0.60556	-0.84	0.66599	0.66279	0.66599	0.6628	0.66333	397995	0	6	3	6	6					
07/10/2026	F_RUBTRY1227	RUBTRY_12/2027_VIS	D_CR	CRF	D_CR_FUT	DE_RUBTRY_FUT	D_RUBTRY	31/12/2027	0.70259	0.73701	-4.67	0	0	0	0	0	0	0	0	0	0	0					
07/10/2026	F_SAHOL1026	SAHOL_10/2026_VIS	D_EQ	SSF	D_EQ_FPD	DE_SAHOL_FPD	SAHOL.E	30/10/2026	89.61	90.72	-1.22	90.82	88.81	90.86	89.64	89.62	866904260	0	96734	11525	582441	906	90.82	9082	0	1	1
07/10/2026	F_SAHOL1126	SAHOL_11/2026_VIS	D_EQ	SSF	D_EQ_FPD	DE_SAHOL_FPD	SAHOL.E	30/11/2026	91.96	92.81	-0.92	92.7	90.95	93.03	91.95	91.64	18391451	0	2007	476	7551	-186					
07/10/2026	F_SAHOL1226	SAHOL_12/2026_VIS	D_EQ	SSF	D_EQ_FPD	DE_SAHOL_FPD	SAHOL.E	31/12/2026	94.82	95.69	-0.91	94.26	93.76	95.08	95.02	94.44	1350516	0	143	41	468	15					
07/10/2026	F_SASA1026	SASA_10/2026_VIS	D_EQ	SSF	D_EQ_FPD	DE_SASA_FPD	SASA.E	30/10/2026	1.88	1.94	-3.09	1.94	1.84	1.95	1.88	1.88	642494607	0	3410316	10340	6276484	138557	1.94	213400	0	1100	11
07/10/2026	F_SASA1126	SASA_11/2026_VIS	D_EQ	SSF	D_EQ_FPD	DE_SASA_FPD	SASA.E	30/11/2026	1.93	1.99	-3.02	1.98	1.89	2	1.92	1.94	33800243	0	174474	940	603530	59561	1.98	198	0	1	1
07/10/2026	F_SASA1226	SASA_12/2026_VIS	D_EQ	SSF	D_EQ_FPD	DE_SASA_FPD	SASA.E	31/12/2026	1.98	2.04	-2.94	2.05	1.96	2.06	1.99	2	17790850	0	87768	130	110809	-74616					
07/10/2026	F_SASX101026	SASX 10_10/2026_VIS	D_FR	FIF	D_FR_FUT	DE_SASX10_FUT	D_SASX10	30/10/2026	1543.75	1543.75	0	0	0	0	0	0	0	0	0	0	0	0					
07/10/2026	F_SASX101226	SASX 10_12/2026_VIS	D_FR	FIF	D_FR_FUT	DE_SASX10_FUT	D_SASX10	31/12/2026	1521.25	1521.25	0	0	0	0	0	0	0	0	0	0	0	0					
07/10/2026	F_SISE1026	SISE_10/2026_VIS	D_EQ	SSF	D_EQ_FPD	DE_SISE_FPD	SISE.E	30/10/2026	38.44	38.87	-1.11	38.87	37.93	38.98	38.52	38.45	373127266	0	97047	11426	329522	-2318	38.87	7774	0	2	1
07/10/2026	F_SISE1126	SISE_11/2026_VIS	D_EQ	SSF	D_EQ_FPD	DE_SISE_FPD	SISE.E	30/11/2026	39.39	39.75	-0.91	39.85	38.91	39.88	39.4	39.33	24810185	0	6309	790	10875	2376					
07/10/2026	F_SISE1226	SISE_12/2026_VIS	D_EQ	SSF	D_EQ_FPD	DE_SISE_FPD	SISE.E	31/12/2026	40.49	41.18	-1.68	40.87	40.08	40.94	40.51	40.61	909761	0	224	61	407	143					
07/10/2026	F_SOKM1026	SOKM_10/2026_VIS	D_EQ	SSF	D_EQ_FPD	DE_SOKM_FPD	SOKM.E	30/10/2026	56.02	57.38	-2.37	57.44	55.92	57.45	56.17	56.58	44612554	0	7885	1528	24557	-102					
07/10/2026	F_SOKM1126	SOKM_11/2026_VIS	D_EQ	SSF	D_EQ_FPD	DE_SOKM_FPD	SOKM.E	30/11/2026	57.57	58.92	-2.29	58.75	57.5	58.75	57.5	57.98	2400414	0	414	111	2105	133					
07/10/2026	F_SOKM1226	SOKM_12/2026_VIS	D_EQ	SSF	D_EQ_FPD	DE_SOKM_FPD	SOKM.E	31/12/2026	59.67	60.68	-1.66	59.95	59.34	59.95	59.34	59.67	262528	0	44	7	57	-2					
07/10/2026	F_TAVHL1026	TAVHL_10/2026_VIS	D_EQ	SSF	D_EQ_FPD	DE_TAVHL_FPD	TAVHL.E	30/10/2026	281.8	281.75	0.02	281	276.1	282.8	282.3	279.08	247042610	0	8852	4091	70432	-911	281	252900	0	9	3
07/10/2026	F_TAVHL1126	TAVHL_11/2026_VIS	D_EQ	SSF	D_EQ_FPD	DE_TAVHL_FPD	TAVHL.E	30/11/2026	287.9	288.6	-0.24	287	283.2	288.4	288.4	286.5	16301900	0	569	409	772	226					
07/10/2026	F_TAVHL1226	TAVHL_12/2026_VIS	D_EQ	SSF	D_EQ_FPD	DE_TAVHL_FPD	TAVHL.E	31/12/2026	294.9	294.8	0.03	294.9	294.9	294.9	294.9	294.9	29490	0	1	1	14	0					
07/10/2026	F_TCELL1026	TCELL_10/2026_VIS	D_EQ	SSF	D_EQ_FPD	DE_TCELL_FPD	TCELL.E	30/10/2026	101.85	102.45	-0.59	103.05	100	103.05	102.3	101.43	439959935	0	43374	6870	205558	2189	103.05	20610	0	2	1
07/10/2026	F_TCELL1126	TCELL_11/2026_VIS	D_EQ	SSF	D_EQ_FPD	DE_TCELL_FPD	TCELL.E	30/11/2026	104.5	105.5	-0.95	105.35	102.7	105.5	104.75	103.92	20128770	0	1937	400	3397	1104					
07/10/2026	F_TCELL1226	TCELL_12/2026_VIS	D_EQ	SSF	D_EQ_FPD	DE_TCELL_FPD	TCELL.E	31/12/2026	103.4	105.45	-1.94	103.9	102.7	104	102.7	103.45	113800	0	11	11	96	5					
07/10/2026	F_THYAO1026	THYAO_10/2026_VIS	D_EQ	SSF	D_EQ_FPD	DE_THYAO_FPD	THYAO.E	30/10/2026	293.15	297.5	-1.46	295.35	290.2	296.85	293.7	293.16	1997825290	0	68147	13932	335337	2180	295.35	3957690	0	134	21
07/10/2026	F_THYAO1126	THYAO_11/2026_VIS	D_EQ	SSF	D_EQ_FPD	DE_THYAO_FPD	THYAO.E	30/11/2026	300.5	305.3	-1.57	304.15	297.8	304.5	300.95	300.58	103188590	0	3433	1304	6960	380					
07/10/2026	F_THYAO1226	THYAO_12/2026_VIS	D_EQ	SSF	D_EQ_FPD	DE_THYAO_FPD	THYAO.E	31/12/2026	309.4	314.3	-1.56	313	306.5	313	309.65	308.18	13282610	0	431	236	601	300					
07/10/2026	F_TKFEN1026	TKFEN_10/2026_VIS	D_EQ	SSF	D_EQ_FPD	DE_TKFEN_FPD	TKFEN.E	30/10/2026	271.5	264.95	2.47	265	261.7	271.95	271.95	266.07	523395320	0	19671	7228	19716	-1154	265	106000	0	4	2
07/10/2026	F_TKFEN1126	TKFEN_11/2026_VIS	D_EQ	SSF	D_EQ_FPD	DE_TKFEN_FPD	TKFEN.E	30/11/2026	276.35	269.05	2.71	270.95	267.45	277	277	271.84	12368750	0	455	335	1996	81					
07/10/2026	F_TKFEN1226	TKFEN_12/2026_VIS	D_EQ	SSF	D_EQ_FPD	DE_TKFEN_FPD	TKFEN.E	31/12/2026	280.6	272.7	2.9	276.55	273.85	281.95	281.95	278.97	1004295	0	36	30	155	19					
07/10/2026	F_TLREF1M0127	1-AY TLREF_01/2027_VIS	D_FI	TRF	D_FI_FUT	DE_TLREF1M_FUT	D_TLREF1M	29/01/2027	36.49	36.49	0	0	0	0	0	0	0	0	0	0	0	0					
07/10/2026	F_TLREF1M0227	1-AY TLREF_02/2027_VIS	D_FI	TRF	D_FI_FUT	DE_TLREF1M_FUT	D_TLREF1M	26/02/2027	36.49	36.49	0	0	0	0	0	0	0	0	0	0	0	0					
07/10/2026	F_TLREF1M0327	1-AY TLREF_03/2027_VIS	D_FI	TRF	D_FI_FUT	DE_TLREF1M_FUT	D_TLREF1M	31/03/2027	36.49	36.49	0	0	0	0	0	0	0	0	0	0	0	0					
07/10/2026	F_TLREF1M0427	1-AY TLREF_04/2027_VIS	D_FI	TRF	D_FI_FUT	DE_TLREF1M_FUT	D_TLREF1M	30/04/2027	36.82	36.82	0	0	0	0	0	0	0	0	0	0	0	0					
07/10/2026	F_TLREF1M1026	1-AY TLREF_10/2026_VIS	D_FI	TRF	D_FI_FUT	DE_TLREF1M_FUT	D_TLREF1M	30/10/2026	36.49	36.49	0	0	0	0	0	0	0	0	0	0	0	0					
07/10/2026	F_TLREF1M1126	1-AY TLREF_11/2026_VIS	D_FI	TRF	D_FI_FUT	DE_TLREF1M_FUT	D_TLREF1M	30/11/2026	36.49	36.49	0	0	0	0	0	0	0	0	0	0	0	0					
07/10/2026	F_TLREF1M1226	1-AY TLREF_12/2026_VIS	D_FI	TRF	D_FI_FUT	DE_TLREF1M_FUT	D_TLREF1M	31/12/2026	36.49	36.49	0	0	0	0	0	0	0	0	0	0	0	0					
07/10/2026	F_TOASO1026	TOASO_10/2026_VIS	D_EQ	SSF	D_EQ_FPD	DE_TOASO_FPD	TOASO.E	30/10/2026	268.35	277.2	-3.19	276.2	267	279.95	267.5	272.29	270897400	0	9949	5219	42590	-70	276.2	27620	0	1	1
07/10/2026	F_TOASO1126	TOASO_11/2026_VIS	D_EQ	SSF	D_EQ_FPD	DE_TOASO_FPD	TOASO.E	30/11/2026	275.2	283.75	-3.01	282.8	274.35	285.15	275.1	279.32	36283600	0	1299	587	2079	361					
07/10/2026	F_TOASO1226	TOASO_12/2026_VIS	D_EQ	SSF	D_EQ_FPD	DE_TOASO_FPD	TOASO.E	31/12/2026	283.1	290.5	-2.55	289.9	282.2	292.2	282.8	286.47	744810	0	26	26	30	4					
07/10/2026	F_TRALT1026	TRALT_10/2026_VIS	D_EQ	SSF	D_EQ_FPD	DE_TRALT_FPD	TRALT.E	30/10/2026	42.25	44.31	-4.65	43.99	41.74	44.21	42.27	42.71	1155638215	0	270573	20605	305455	25948	43.99	1583640	0	360	25
07/10/2026	F_TRALT1126	TRALT_11/2026_VIS	D_EQ	SSF	D_EQ_FPD	DE_TRALT_FPD	TRALT.E	30/11/2026	43.32	45.38	-4.54	45.4	42.85	45.41	43.37	43.55	52133312	0	11957	902	20795	-1119					
07/10/2026	F_TRALT1226	TRALT_12/2026_VIS	D_EQ	SSF	D_EQ_FPD	DE_TRALT_FPD	TRALT.E	31/12/2026	44.26	47.02	-5.87	46.44	44.08	46.52	44.6	44.8	595906	0	133	51	325	103					
07/10/2026	F_TRMET1026	TRMET_10/2026_VIS	D_EQ	SSF	D_EQ_FPD	DE_TRMET_FPD	TRMET.E	30/10/2026	128.75	132.5	-2.83	132.6	126	132.6	128.55	128.4	267030700	0	20797	5668	35567	-45	132.6	53040	0	4	4
07/10/2026	F_TRMET1126	TRMET_11/2026_VIS	D_EQ	SSF	D_EQ_FPD	DE_TRMET_FPD	TRMET.E	30/11/2026	131.75	135.25	-2.59	134.25	129.3	134.25	132.1	130.81	35501945	0	2714	509	4018	1590					
07/10/2026	F_TRMET1226	TRMET_12/2026_VIS	D_EQ	SSF	D_EQ_FPD	DE_TRMET_FPD	TRMET.E	31/12/2026	133.7	140.7	-4.98	133.75	133.05	134.75	134.05	133.89	482020	0	36	14	26	21					
07/10/2026	F_TRT131130T14_0327	TRT131130T14_03/2027_VIS	D_BO	BOP	D_BO_FPD	DE_TRT131130T14_FPD	TRT131130T14_KESN_T1	31/03/2027	54.02	54.02	0	0	0	0	0	0	0	0	0	0	0	0					
07/10/2026	F_TRT131130T14_1226	TRT131130T14_12/2026_VIS	D_BO	BOP	D_BO_FPD	DE_TRT131130T14_FPD	TRT131130T14_KESN_T1	31/12/2026	54.975	54.975	0	0	0	0	0	0	0	0	0	0	0	0					
07/10/2026	F_TSKB1026	TSKB_10/2026_VIS	D_EQ	SSF	D_EQ_FPD	DE_TSKB_FPD	TSKB.E	30/10/2026	10.03	10.2	-1.67	10.22	9.95	10.22	10.01	10.05	64689856	0	64372	2380	313729	6939	10.22	15330	0	15	2
07/10/2026	F_TSKB1126	TSKB_11/2026_VIS	D_EQ	SSF	D_EQ_FPD	DE_TSKB_FPD	TSKB.E	30/11/2026	10.29	10.45	-1.53	10.42	10.21	10.42	10.26	10.3	1190362	0	1156	131	13048	804					
07/10/2026	F_TSKB1226	TSKB_12/2026_VIS	D_EQ	SSF	D_EQ_FPD	DE_TSKB_FPD	TSKB.E	31/12/2026	10.56	10.76	-1.86	10.76	10.51	10.76	10.58	10.58	446274	0	422	42	1982	415					
07/10/2026	F_TTKOM1026	TTKOM_10/2026_VIS	D_EQ	SSF	D_EQ_FPD	DE_TTKOM_FPD	TTKOM.E	30/10/2026	53.23	54.15	-1.7	54.44	52.53	54.44	53.35	53.28	288652156	0	54178	7059	125586	-2287	54.44	10888	0	2	1
07/10/2026	F_TTKOM1126	TTKOM_11/2026_VIS	D_EQ	SSF	D_EQ_FPD	DE_TTKOM_FPD	TTKOM.E	30/11/2026	54.54	55.47	-1.68	55.5	53.74	55.5	54.61	54.45	20711664	0	3804	576	6939	1222					
07/10/2026	F_TTKOM1226	TTKOM_12/2026_VIS	D_EQ	SSF	D_EQ_FPD	DE_TTKOM_FPD	TTKOM.E	31/12/2026	56.01	57.59	-2.74	60.8	55.55	60.8	56.26	56.49	350207	0	62	24	55	22					
07/10/2026	F_TUPRS1026	TUPRS_10/2026_VIS	D_EQ	SSF	D_EQ_FPD	DE_TUPRS_FPD	TUPRS.E	30/10/2026	388.35	387.4	0.25	389	383.8	393.5	388.45	387.8	1689768775	0	43547	11922	112786	2705	389	3384300	0	87	6
07/10/2026	F_TUPRS1126	TUPRS_11/2026_VIS	D_EQ	SSF	D_EQ_FPD	DE_TUPRS_FPD	TUPRS.E	30/11/2026	398.25	397.3	0.24	397.95	394	403.05	397.65	397.79	79240660	0	1992	886	2754	-5					
07/10/2026	F_TUPRS1226	TUPRS_12/2026_VIS	D_EQ	SSF	D_EQ_FPD	DE_TUPRS_FPD	TUPRS.E	31/12/2026	409.25	408.45	0.2	410.8	405	414	409.15	409.31	4666085	0	114	81	150	-7					
07/10/2026	F_ULKER1026	ULKER_10/2026_VIS	D_EQ	SSF	D_EQ_FPD	DE_ULKER_FPD	ULKER.E	30/10/2026	86.58	87.49	-1.04	87.05	85.83	88.49	86.7	86.71	58504767	0	6747	1876	22703	154					
07/10/2026	F_ULKER1126	ULKER_11/2026_VIS	D_EQ	SSF	D_EQ_FPD	DE_ULKER_FPD	ULKER.E	30/11/2026	88.77	89.75	-1.09	89.57	88.08	89.62	88.87	88.77	4598426	0	518	213	3498	243					
07/10/2026	F_ULKER1226	ULKER_12/2026_VIS	D_EQ	SSF	D_EQ_FPD	DE_ULKER_FPD	ULKER.E	31/12/2026	91	93.65	-2.83	91.66	90.7	91.66	91.35	91	72800	0	8	7	285	1					
07/10/2026	F_USDTRY0127	USDTRY_01/2027_VIS	D_CR	CRF	D_CR_FUT	DE_USDTRY_FUT	D_USDTRY	29/01/2027	53.777	53.781	-0.01	53.868	53.74	53.868	53.78	53.7608	143164963	0	2663	53	89425	66	53.868	53868	0	1	1
07/10/2026	F_USDTRY0128	USDTRY_01/2028_VIS	D_CR	CRF	D_CR_FUT	DE_USDTRY_FUT	D_USDTRY	31/01/2028	70.931	70.96	-0.04	70.77	70.77	70.934	70.934	70.8989	2197865	0	31	25	81	19					
07/10/2026	F_USDTRY0227	USDTRY_02/2027_VIS	D_CR	CRF	D_CR_FUT	DE_USDTRY_FUT	D_USDTRY	26/02/2027	54.93	54.97	-0.07	54.922	54.92	54.97	54.92	54.9396	12965747	0	236	41	13776	-147					
07/10/2026	F_USDTRY0327	USDTRY_03/2027_VIS	D_CR	CRF	D_CR_FUT	DE_USDTRY_FUT	D_USDTRY	31/03/2027	56.34	56.363	-0.04	56.33	56.247	56.346	56.34	56.3388	100902734	0	1791	43	36377	-1461					
07/10/2026	F_USDTRY0427	USDTRY_04/2027_VIS	D_CR	CRF	D_CR_FUT	DE_USDTRY_FUT	D_USDTRY	30/04/2027	57.671	57.667	0.01	57.684	57.67	57.709	57.67	57.6987	236160965	0	4093	60	14719	3498					
07/10/2026	F_USDTRY0527	USDTRY_05/2027_VIS	D_CR	CRF	D_CR_FUT	DE_USDTRY_FUT	D_USDTRY	31/05/2027	59.051	59.1	-0.08	59.011	59.011	59.119	59.05	59.0764	396698096	0	6715	85	11760	6153					
07/10/2026	F_USDTRY0627	USDTRY_06/2027_VIS	D_CR	CRF	D_CR_FUT	DE_USDTRY_FUT	D_USDTRY	30/06/2027	60.305	60.297	0.01	60.24	60.23	60.348	60.3	60.2735	10427314	0	173	25	3866	41					
07/10/2026	F_USDTRY0727	USDTRY_07/2027_VIS	D_CR	CRF	D_CR_FUT	DE_USDTRY_FUT	D_USDTRY	30/07/2027	61.78	61.786	-0.01	61.794	61.656	61.799	61.656	61.7798	1173817	0	19	9	1166	11					
07/10/2026	F_USDTRY0827	USDTRY_08/2027_VIS	D_CR	CRF	D_CR_FUT	DE_USDTRY_FUT	D_USDTRY	31/08/2027	63.187	63.192	-0.01	63.122	63.121	63.242	63.219	63.1624	2021196	0	32	16	3417	1					
07/10/2026	F_USDTRY0927	USDTRY_09/2027_VIS	D_CR	CRF	D_CR_FUT	DE_USDTRY_FUT	D_USDTRY	30/09/2027	64.647	64.65	0	64.574	64.574	64.698	64.602	64.6374	840286	0	13	12	8173	4					
07/10/2026	F_USDTRY1026	USDTRY_10/2026_VIS	D_CR	CRF	D_CR_FUT	DE_USDTRY_FUT	D_USDTRY	30/10/2026	50.072	50.086	-0.03	50.077	50.069	50.085	50.071	50.0809	3530505384	0	70496	3244	5156942	35143	50.077	600924	0	12	3
07/10/2026	F_USDTRY1027	USDTRY_10/2027_VIS	D_CR	CRF	D_CR_FUT	DE_USDTRY_FUT	D_USDTRY	27/10/2027	66.206	66.251	-0.07	66.23	66.155	66.297	66.297	66.2064	2251017	0	34	10	3030	19					
07/10/2026	F_USDTRY1126	USDTRY_11/2026_VIS	D_CR	CRF	D_CR_FUT	DE_USDTRY_FUT	D_USDTRY	30/11/2026	51.331	51.34	-0.02	51.285	51.279	51.359	51.325	51.3466	592950709	0	11548	476	714736	3097					
07/10/2026	F_USDTRY1127	USDTRY_11/2027_VIS	D_CR	CRF	D_CR_FUT	DE_USDTRY_FUT	D_USDTRY	30/11/2027	67.825	67.808	0.03	67.825	67.825	67.825	67.825	67.825	678250	0	10	2	1611	9					
07/10/2026	F_USDTRY1226	USDTRY_12/2026_VIS	D_CR	CRF	D_CR_FUT	DE_USDTRY_FUT	D_USDTRY	31/12/2026	52.59	52.603	-0.02	52.606	52.57	52.629	52.575	52.5989	733018318	0	13936	350	800628	7108					
07/10/2026	F_USDTRY1227	USDTRY_12/2027_VIS	D_CR	CRF	D_CR_FUT	DE_USDTRY_FUT	D_USDTRY	31/12/2027	69.474	69.46	0.02	69.438	69.401	69.56	69.473	69.4725	11393487	0	164	41	8366	31					
07/10/2026	F_VAKBN1026	VAKBN_10/2026_VIS	D_EQ	SSF	D_EQ_FPD	DE_VAKBN_FPD	VAKBN.E	30/10/2026	34.38	34.4	-0.06	34.3	33.6	34.55	34.49	34.07	476664866	0	139908	12671	197009	-8139	34.3	41160	0	12	4
07/10/2026	F_VAKBN1126	VAKBN_11/2026_VIS	D_EQ	SSF	D_EQ_FPD	DE_VAKBN_FPD	VAKBN.E	30/11/2026	35.08	35.22	-0.4	35.27	34.46	35.4	35.23	34.89	19983579	0	5727	426	11663	2494					
07/10/2026	F_VAKBN1226	VAKBN_12/2026_VIS	D_EQ	SSF	D_EQ_FPD	DE_VAKBN_FPD	VAKBN.E	31/12/2026	35.95	36.25	-0.83	36.2	35.77	36.2	36.15	36	100804	0	28	14	62	22					
07/10/2026	F_VESTL1026	VESTL_10/2026_VIS	D_EQ	SSF	D_EQ_FPD	DE_VESTL_FPD	VESTL.E	30/10/2026	17.67	18.45	-4.23	18.49	17.5	18.49	17.68	17.87	96736303	0	54130	4991	85142	-1476					
07/10/2026	F_VESTL1126	VESTL_11/2026_VIS	D_EQ	SSF	D_EQ_FPD	DE_VESTL_FPD	VESTL.E	30/11/2026	18.13	18.89	-4.02	18.88	17.92	18.89	18.12	18.27	2248653	0	1231	266	4865	483					
07/10/2026	F_VESTL1226	VESTL_12/2026_VIS	D_EQ	SSF	D_EQ_FPD	DE_VESTL_FPD	VESTL.E	31/12/2026	18.66	19.52	-4.41	19.34	18.46	19.34	18.69	18.73	191094	0	102	36	141	30					
07/10/2026	F_X10XB0227	BIST BDLKT10_02/2027_VIS	D_IX	INF	D_IX_FUT	DE_BISTBDLIKIT10_FUT	D_X10XBD	26/02/2027	20904	20904	0	0	0	0	0	0	0	0	0	0	3	0					
07/10/2026	F_X10XB1026	BIST BDLKT10_10/2026_VIS	D_IX	INF	D_IX_FUT	DE_BISTBDLIKIT10_FUT	D_X10XBD	30/10/2026	18692	19461	-3.95	18760	18676	18760	18685	18692.13	1495370	0	8	4	41	6					
07/10/2026	F_X10XB1226	BIST BDLKT10_12/2026_VIS	D_IX	INF	D_IX_FUT	DE_BISTBDLIKIT10_FUT	D_X10XBD	31/12/2026	19927	20429	-2.46	20185	19824	20185	19845	19927.38	1594190	0	8	4	24	2					
07/10/2026	F_XAGUSD0227	ONS GUMUS_02/2027_VIS	D_PM	PMFU	D_PM_FUT	DE_XAGUSD_FUT	D_XAGUSD	26/02/2027	61.24	62.53	-2.06	62.14	60.66	62.24	61.37	61.701	5300804.925	0	175	85	3385	64					
07/10/2026	F_XAGUSD1026	ONS GUMUS_10/2026_VIS	D_PM	PMFU	D_PM_FUT	DE_XAGUSD_FUT	D_XAGUSD	30/10/2026	59.99	61.38	-2.26	60.85	59.24	60.93	60	60.479	3284954027	0	110641	7172	205165	-22289	60.85	806553.7281	0	27	16
07/10/2026	F_XAGUSD1226	ONS GUMUS_12/2026_VIS	D_PM	PMFU	D_PM_FUT	DE_XAGUSD_FUT	D_XAGUSD	31/12/2026	60.63	62.04	-2.27	61.58	59.91	61.58	60.61	61.075	169883121.4	0	5666	609	52653	1975	61.58	332538.0348	0	11	5
07/10/2026	F_XAUTRYM0227	GR ALTIN_02/2027_VIS	D_PM	PMF	D_PM_FUT	DE_XAUTRY_FUT	D_XAUTRY	26/02/2027	7473.2	7583.6	-1.46	7520.1	7435	7539.5	7490	7474.81	8468955.1	0	1133	251	7659	462					
07/10/2026	F_XAUTRYM1026	GR ALTIN_10/2026_VIS	D_PM	PMF	D_PM_FUT	DE_XAUTRY_FUT	D_XAUTRY	30/10/2026	6628.9	6729.3	-1.49	6689	6571.8	6693.9	6629.3	6634.41	467832280.1	0	70516	3997	386298	-4338	6689	187292	0	28	10
07/10/2026	F_XAUTRYM1226	GR ALTIN_12/2026_VIS	D_PM	PMF	D_PM_FUT	DE_XAUTRY_FUT	D_XAUTRY	31/12/2026	7043.6	7144.7	-1.42	7105	6992.1	7105	7041.8	7060.55	82509584.6	0	11686	859	23742	3450	7105	7105	0	1	1
07/10/2026	F_XAUUSD0227	ONS ALTIN_02/2027_VIS	D_PM	PMFU	D_PM_FUT	DE_XAUUSD_FUT	D_XAUUSD	26/02/2027	4201.8	4253.4	-1.21	4235.1	4170.5	4238	4200	4196.27	20600249.67	0	100	70	675	29					
07/10/2026	F_XAUUSD1026	ONS ALTIN_10/2026_VIS	D_PM	PMFU	D_PM_FUT	DE_XAUUSD_FUT	D_XAUUSD	30/10/2026	4117.8	4176	-1.39	4148.8	4081.1	4153.3	4118.3	4125.18	3946587323	0	19488	5244	81113	-678	4148.8	2851408.838	0	14	9
07/10/2026	F_XAUUSD1226	ONS ALTIN_12/2026_VIS	D_PM	PMFU	D_PM_FUT	DE_XAUUSD_FUT	D_XAUUSD	31/12/2026	4158	4217.5	-1.41	4190	4125	4195	4158.4	4169.72	1407328337	0	6875	1576	16960	299	4190	205694.642	0	1	1
07/10/2026	F_XCUUSD0227	TON BAKIR_02/2027_VIS	D_MT	MTF	D_MT_FUT	DE_XCUUSD_FUT	D_XCUUSD	26/02/2027	14920.5	14920.5	0	0	0	0	0	0	0	0	0	0	4	0					
07/10/2026	F_XCUUSD1026	TON BAKIR_10/2026_VIS	D_MT	MTF	D_MT_FUT	DE_XCUUSD_FUT	D_XCUUSD	30/10/2026	14915.5	14915.5	0	0	0	0	0	0	0	0	0	0	177	0					
07/10/2026	F_XCUUSD1226	TON BAKIR_12/2026_VIS	D_MT	MTF	D_MT_FUT	DE_XCUUSD_FUT	D_XCUUSD	31/12/2026	15150	15126.5	0.16	15200	15100	15200	15100	15150	148748.154	0	2	2	50	0					
07/10/2026	F_XLBNK0227	BIST L.BANKA_02/2027_VIS	D_IX	INF	D_IX_FUT	DE_BISTLBANKA_FUT	D_XLBNKD	26/02/2027	16210	16492	-1.71	16698	15600	16698	16458	16383.77	3604430	0	22	22	60	4					
07/10/2026	F_XLBNK1026	BIST L.BANKA_10/2026_VIS	D_IX	INF	D_IX_FUT	DE_BISTLBANKA_FUT	D_XLBNKD	30/10/2026	14867	14862	0.03	14870	14593	14910	14879	14759.59	1101950640	0	7466	2479	10628	698	14870	446100	0	3	1
07/10/2026	F_XLBNK1226	BIST L.BANKA_12/2026_VIS	D_IX	INF	D_IX_FUT	DE_BISTLBANKA_FUT	D_XLBNKD	31/12/2026	15688	15717	-0.18	15755	15489	15766	15760	15620	39362400	0	252	140	1025	29					
07/10/2026	F_XPDUSD0227	ONS PALADYUM_02/2027_VIS	D_PM	PMFU	D_PM_FUT	DE_XPDUSD_FUT	D_XPDUSD	26/02/2027	1155	1209.9	-4.54	1155	1155	1155	1155	1155	56701.029	0	1	1	30	0					
07/10/2026	F_XPDUSD1026	ONS PALADYUM_10/2026_VIS	D_PM	PMFU	D_PM_FUT	DE_XPDUSD_FUT	D_XPDUSD	30/10/2026	1136.6	1181.4	-3.79	1178.3	1134	1178.3	1140	1145.1	11074373.7	0	197	57	453	65					
07/10/2026	F_XPDUSD1226	ONS PALADYUM_12/2026_VIS	D_PM	PMFU	D_PM_FUT	DE_XPDUSD_FUT	D_XPDUSD	31/12/2026	1162.2	1210	-3.95	1175	1150	1175	1164	1162.24	684678.4254	0	12	9	161	14					
07/10/2026	F_XPTUSD0227	ONS PLATIN_02/2027_VIS	D_PM	PMFU	D_PM_FUT	DE_XPTUSD_FUT	D_XPTUSD	26/02/2027	1695.5	1794.3	-5.51	1727.7	1675	1727.7	1675	1695.52	499415.7906	0	6	4	18	-1					
07/10/2026	F_XPTUSD1026	ONS PLATIN_10/2026_VIS	D_PM	PMFU	D_PM_FUT	DE_XPTUSD_FUT	D_XPTUSD	30/10/2026	1642.4	1715.9	-4.28	1691.4	1635	1692.5	1640.5	1663.36	3021330.285	0	37	29	291	8					
07/10/2026	F_XPTUSD1226	ONS PLATIN_12/2026_VIS	D_PM	PMFU	D_PM_FUT	DE_XPTUSD_FUT	D_XPTUSD	31/12/2026	1677.2	1780.9	-5.82	1700	1670	1703	1671	1685.2	2150971.945	0	26	15	147	25					
07/10/2026	F_XSD250227	BIST XSD25_02/2027_VIS	D_IX	INF	D_IX_FUT	DE_BISTSUR25_FUT	D_XSD25D	26/02/2027	19073	19073	0	0	0	0	0	0	0	0	0	0	0	0					
07/10/2026	F_XSD251026	BIST XSD25_10/2026_VIS	D_IX	INF	D_IX_FUT	DE_BISTSUR25_FUT	D_XSD25D	30/10/2026	17475	17475	0	0	0	0	0	0	0	0	0	0	0	0					
07/10/2026	F_XSD251226	BIST XSD25_12/2026_VIS	D_IX	INF	D_IX_FUT	DE_BISTSUR25_FUT	D_XSD25D	31/12/2026	18262	18262	0	0	0	0	0	0	0	0	0	0	0	0					
07/10/2026	F_XU0300227	BIST 30_02/2027_VIS	D_IX	INF	D_IX_FUT	DE_BIST30_FUT	D_XU030D	26/02/2027	16844	17190	-2.01	17300	16750	17300	16861	16993.41	32627340	0	192	135	741	60					
07/10/2026	F_XU0301026	BIST 30_10/2026_VIS	D_IX	INF	D_IX_FUT	DE_BIST30_FUT	D_XU030D	30/10/2026	15339	15697	-2.28	15697	15220	15709	15352	15402.63	40078705110	0	260205	88851	499075	53869	15697	22760650	0	145	48
07/10/2026	F_XU0301226	BIST 30_12/2026_VIS	D_IX	INF	D_IX_FUT	DE_BIST30_FUT	D_XU030D	31/12/2026	16103	16452	-2.12	16483	15989	16483	16104	16116.84	1675407380	0	10393	4831	24988	3049	16483	329660	0	2	2
07/10/2026	F_YKBNK1026	YKBNK_10/2026_VIS	D_EQ	SSF	D_EQ_FPD	DE_YKBNK_FPD	YKBNK.E	30/10/2026	37.41	37.25	0.43	37.3	36.72	37.56	37.42	37.16	2703822631	0	727535	26650	1614968	-25285	37.3	2208160	0	592	41
07/10/2026	F_YKBNK1126	YKBNK_11/2026_VIS	D_EQ	SSF	D_EQ_FPD	DE_YKBNK_FPD	YKBNK.E	30/11/2026	38.38	38.19	0.5	38.04	37.68	38.47	38.39	38.13	51480262	0	13503	1536	24182	1277					
07/10/2026	F_YKBNK1226	YKBNK_12/2026_VIS	D_EQ	SSF	D_EQ_FPD	DE_YKBNK_FPD	YKBNK.E	31/12/2026	39.29	39	0.74	39.3	38.79	39.41	39.35	39.1	285405	0	73	43	103	24					
07/10/2026	O_AKBNKE1026C66.00	AKBNK_10/2026_AVRUPA_OPSIYON	D_EQ	SSO	D_EQ_ECP	DE_AKBNK_ECP	AKBNK.E	30/10/2026	5.7	5.99	-4.84	0	0	0	0	0	0	0	0	0	3	0					
07/10/2026	O_AKBNKE1026C68.00	AKBNK_10/2026_AVRUPA_OPSIYON	D_EQ	SSO	D_EQ_ECP	DE_AKBNK_ECP	AKBNK.E	30/10/2026	4.32	4.59	-5.88	4	4	4	4	4	34000	2000	5	1	495	5					
07/10/2026	O_AKBNKE1026C70.00	AKBNK_10/2026_AVRUPA_OPSIYON	D_EQ	SSO	D_EQ_ECP	DE_AKBNK_ECP	AKBNK.E	30/10/2026	3.16	3.41	-7.33	3.28	2.53	3.28	2.66	2.82	315000	12705	45	3	2501	-15					
07/10/2026	O_AKBNKE1026C72.00	AKBNK_10/2026_AVRUPA_OPSIYON	D_EQ	SSO	D_EQ_ECP	DE_AKBNK_ECP	AKBNK.E	30/10/2026	2.23	2.44	-8.61	2	2	2	2	2	144000	4000	20	2	3487	0					
07/10/2026	O_AKBNKE1026C74.00	AKBNK_10/2026_AVRUPA_OPSIYON	D_EQ	SSO	D_EQ_ECP	DE_AKBNK_ECP	AKBNK.E	30/10/2026	1.52	1.69	-10.06	0	0	0	0	0	0	0	0	0	2821	0					
07/10/2026	O_AKBNKE1026C76.00	AKBNK_10/2026_AVRUPA_OPSIYON	D_EQ	SSO	D_EQ_ECP	DE_AKBNK_ECP	AKBNK.E	30/10/2026	1.02	1.14	-10.53	0	0	0	0	0	0	0	0	0	3505	0					
07/10/2026	O_AKBNKE1026C78.00	AKBNK_10/2026_AVRUPA_OPSIYON	D_EQ	SSO	D_EQ_ECP	DE_AKBNK_ECP	AKBNK.E	30/10/2026	0.66	0.75	-12	0.56	0.56	0.58	0.58	0.57	2909400	21434	373	4	1733	373					
07/10/2026	O_AKBNKE1026C80.00	AKBNK_10/2026_AVRUPA_OPSIYON	D_EQ	SSO	D_EQ_ECP	DE_AKBNK_ECP	AKBNK.E	30/10/2026	0.42	0.48	-12.5	0	0	0	0	0	0	0	0	0	601	0					
07/10/2026	O_AKBNKE1026C82.00	AKBNK_10/2026_AVRUPA_OPSIYON	D_EQ	SSO	D_EQ_ECP	DE_AKBNK_ECP	AKBNK.E	30/10/2026	0.26	0.3	-13.33	0	0	0	0	0	0	0	0	0	350	0					
07/10/2026	O_AKBNKE1026C84.00	AKBNK_10/2026_AVRUPA_OPSIYON	D_EQ	SSO	D_EQ_ECP	DE_AKBNK_ECP	AKBNK.E	30/10/2026	0.16	0.18	-11.11	0.28	0.28	0.28	0.28	0.28	4368000	14560	520	1	470	-150					
07/10/2026	O_AKBNKE1026C86.00	AKBNK_10/2026_AVRUPA_OPSIYON	D_EQ	SSO	D_EQ_ECP	DE_AKBNK_ECP	AKBNK.E	30/10/2026	0.1	0.11	-9.09	0	0	0	0	0	0	0	0	0	0	0					
07/10/2026	O_AKBNKE1026C88.00	AKBNK_10/2026_AVRUPA_OPSIYON	D_EQ	SSO	D_EQ_ECP	DE_AKBNK_ECP	AKBNK.E	30/10/2026	0.06	0.06	0	0	0	0	0	0	0	0	0	0	25	0					
07/10/2026	O_AKBNKE1026C90.00	AKBNK_10/2026_AVRUPA_OPSIYON	D_EQ	SSO	D_EQ_ECP	DE_AKBNK_ECP	AKBNK.E	30/10/2026	0.03	0.04	-25	0	0	0	0	0	0	0	0	0	225	0					
07/10/2026	O_AKBNKE1026P56.00	AKBNK_10/2026_AVRUPA_OPSIYON	D_EQ	SSO	D_EQ_EPP	DE_AKBNK_EPP	AKBNK.E	30/10/2026	0.02	0.02	0	0	0	0	0	0	0	0	0	0	0	0					
07/10/2026	O_AKBNKE1026P58.00	AKBNK_10/2026_AVRUPA_OPSIYON	D_EQ	SSO	D_EQ_EPP	DE_AKBNK_EPP	AKBNK.E	30/10/2026	0.06	0.05	20	0	0	0	0	0	0	0	0	0	0	0					
07/10/2026	O_AKBNKE1026P60.00	AKBNK_10/2026_AVRUPA_OPSIYON	D_EQ	SSO	D_EQ_EPP	DE_AKBNK_EPP	AKBNK.E	30/10/2026	0.13	0.12	8.33	0	0	0	0	0	0	0	0	0	300	0					
07/10/2026	O_AKBNKE1026P62.00	AKBNK_10/2026_AVRUPA_OPSIYON	D_EQ	SSO	D_EQ_EPP	DE_AKBNK_EPP	AKBNK.E	30/10/2026	0.27	0.26	3.85	0	0	0	0	0	0	0	0	0	8190	0					
07/10/2026	O_AKBNKE1026P66.00	AKBNK_10/2026_AVRUPA_OPSIYON	D_EQ	SSO	D_EQ_EPP	DE_AKBNK_EPP	AKBNK.E	30/10/2026	0.89	0.86	3.49	1.07	1.07	1.07	1.07	1.07	990000	16050	150	3	1650	150					
07/10/2026	O_AKBNKE1026P68.00	AKBNK_10/2026_AVRUPA_OPSIYON	D_EQ	SSO	D_EQ_EPP	DE_AKBNK_EPP	AKBNK.E	30/10/2026	1.46	1.42	2.82	1.44	1.44	1.44	1.44	1.44	204000	4320	30	1	1003	30					
07/10/2026	O_AKBNKE1026P70.00	AKBNK_10/2026_AVRUPA_OPSIYON	D_EQ	SSO	D_EQ_EPP	DE_AKBNK_EPP	AKBNK.E	30/10/2026	2.25	2.18	3.21	0	0	0	0	0	0	0	0	0	1480	0					
07/10/2026	O_AKBNKE1026P72.00	AKBNK_10/2026_AVRUPA_OPSIYON	D_EQ	SSO	D_EQ_EPP	DE_AKBNK_EPP	AKBNK.E	30/10/2026	3.28	3.17	3.47	0	0	0	0	0	0	0	0	0	1004	0					
07/10/2026	O_AKBNKE1026P74.00	AKBNK_10/2026_AVRUPA_OPSIYON	D_EQ	SSO	D_EQ_EPP	DE_AKBNK_EPP	AKBNK.E	30/10/2026	4.52	4.37	3.43	0	0	0	0	0	0	0	0	0	920	0					
07/10/2026	O_AKBNKE1026P76.00	AKBNK_10/2026_AVRUPA_OPSIYON	D_EQ	SSO	D_EQ_EPP	DE_AKBNK_EPP	AKBNK.E	30/10/2026	5.97	5.77	3.47	0	0	0	0	0	0	0	0	0	50	0					
07/10/2026	O_AKBNKE1026P78.00	AKBNK_10/2026_AVRUPA_OPSIYON	D_EQ	SSO	D_EQ_EPP	DE_AKBNK_EPP	AKBNK.E	30/10/2026	7.57	7.32	3.42	0	0	0	0	0	0	0	0	0	25	0					
07/10/2026	O_AKBNKE1026P80.00	AKBNK_10/2026_AVRUPA_OPSIYON	D_EQ	SSO	D_EQ_EPP	DE_AKBNK_EPP	AKBNK.E	30/10/2026	9.28	9	3.11	0	0	0	0	0	0	0	0	0	227	0					
07/10/2026	O_AKBNKE1126C68.00	AKBNK_11/2026_AVRUPA_OPSIYON	D_EQ	SSO	D_EQ_ECP	DE_AKBNK_ECP	AKBNK.E	30/11/2026	6.97	7.23	-3.6	0	0	0	0	0	0	0	0	0	0	0					
07/10/2026	O_AKBNKE1126C70.00	AKBNK_11/2026_AVRUPA_OPSIYON	D_EQ	SSO	D_EQ_ECP	DE_AKBNK_ECP	AKBNK.E	30/11/2026	5.77	6.02	-4.15	0	0	0	0	0	0	0	0	0	0	0					
07/10/2026	O_AKBNKE1126C72.00	AKBNK_11/2026_AVRUPA_OPSIYON	D_EQ	SSO	D_EQ_ECP	DE_AKBNK_ECP	AKBNK.E	30/11/2026	4.72	4.95	-4.65	0	0	0	0	0	0	0	0	0	3500	0					
07/10/2026	O_AKBNKE1126C74.00	AKBNK_11/2026_AVRUPA_OPSIYON	D_EQ	SSO	D_EQ_ECP	DE_AKBNK_ECP	AKBNK.E	30/11/2026	3.82	4.02	-4.98	0	0	0	0	0	0	0	0	0	0	0					
07/10/2026	O_AKBNKE1126C76.00	AKBNK_11/2026_AVRUPA_OPSIYON	D_EQ	SSO	D_EQ_ECP	DE_AKBNK_ECP	AKBNK.E	30/11/2026	3.06	3.23	-5.26	0	0	0	0	0	0	0	0	0	0	0					
07/10/2026	O_AKBNKE1126C78.00	AKBNK_11/2026_AVRUPA_OPSIYON	D_EQ	SSO	D_EQ_ECP	DE_AKBNK_ECP	AKBNK.E	30/11/2026	2.44	2.58	-5.43	0	0	0	0	0	0	0	0	0	0	0					
07/10/2026	O_AKBNKE1126C80.00	AKBNK_11/2026_AVRUPA_OPSIYON	D_EQ	SSO	D_EQ_ECP	DE_AKBNK_ECP	AKBNK.E	30/11/2026	1.94	2.05	-5.37	0	0	0	0	0	0	0	0	0	0	0					
07/10/2026	O_AKBNKE1126C82.00	AKBNK_11/2026_AVRUPA_OPSIYON	D_EQ	SSO	D_EQ_ECP	DE_AKBNK_ECP	AKBNK.E	30/11/2026	1.53	1.61	-4.97	0	0	0	0	0	0	0	0	0	0	0					
07/10/2026	O_AKBNKE1126C84.00	AKBNK_11/2026_AVRUPA_OPSIYON	D_EQ	SSO	D_EQ_ECP	DE_AKBNK_ECP	AKBNK.E	30/11/2026	1.21	1.25	-3.2	0	0	0	0	0	0	0	0	0	0	0					
07/10/2026	O_AKBNKE1126C86.00	AKBNK_11/2026_AVRUPA_OPSIYON	D_EQ	SSO	D_EQ_ECP	DE_AKBNK_ECP	AKBNK.E	30/11/2026	0.94	0.97	-3.09	0	0	0	0	0	0	0	0	0	0	0					
07/10/2026	O_AKBNKE1126C88.00	AKBNK_11/2026_AVRUPA_OPSIYON	D_EQ	SSO	D_EQ_ECP	DE_AKBNK_ECP	AKBNK.E	30/11/2026	0.74	0.75	-1.33	0	0	0	0	0	0	0	0	0	0	0					
07/10/2026	O_AKBNKE1126C90.00	AKBNK_11/2026_AVRUPA_OPSIYON	D_EQ	SSO	D_EQ_ECP	DE_AKBNK_ECP	AKBNK.E	30/11/2026	0.57	0.57	0	0	0	0	0	0	0	0	0	0	0	0					
07/10/2026	O_AKBNKE1126C92.00	AKBNK_11/2026_AVRUPA_OPSIYON	D_EQ	SSO	D_EQ_ECP	DE_AKBNK_ECP	AKBNK.E	30/11/2026	0.45	0.44	2.27	0	0	0	0	0	0	0	0	0	0	0					
07/10/2026	O_AKBNKE1126P58.00	AKBNK_11/2026_AVRUPA_OPSIYON	D_EQ	SSO	D_EQ_EPP	DE_AKBNK_EPP	AKBNK.E	30/11/2026	0.3	0.27	11.11	0	0	0	0	0	0	0	0	0	35	0					
07/10/2026	O_AKBNKE1126P60.00	AKBNK_11/2026_AVRUPA_OPSIYON	D_EQ	SSO	D_EQ_EPP	DE_AKBNK_EPP	AKBNK.E	30/11/2026	0.47	0.43	9.3	0	0	0	0	0	0	0	0	0	15	0					
07/10/2026	O_AKBNKE1126P62.00	AKBNK_11/2026_AVRUPA_OPSIYON	D_EQ	SSO	D_EQ_EPP	DE_AKBNK_EPP	AKBNK.E	30/11/2026	0.71	0.66	7.58	0	0	0	0	0	0	0	0	0	2228	0					
07/10/2026	O_AKBNKE1126P64.00	AKBNK_11/2026_AVRUPA_OPSIYON	D_EQ	SSO	D_EQ_EPP	DE_AKBNK_EPP	AKBNK.E	30/11/2026	1.03	0.98	5.1	1.32	1.32	1.36	1.36	1.34	12358400	258880	1931	18	1931	1931					
07/10/2026	O_AKBNKE1126P66.00	AKBNK_11/2026_AVRUPA_OPSIYON	D_EQ	SSO	D_EQ_EPP	DE_AKBNK_EPP	AKBNK.E	30/11/2026	1.46	1.41	3.55	0	0	0	0	0	0	0	0	0	0	0					
07/10/2026	O_AKBNKE1126P68.00	AKBNK_11/2026_AVRUPA_OPSIYON	D_EQ	SSO	D_EQ_EPP	DE_AKBNK_EPP	AKBNK.E	30/11/2026	2.01	1.95	3.08	0	0	0	0	0	0	0	0	0	0	0					
07/10/2026	O_AKBNKE1126P70.00	AKBNK_11/2026_AVRUPA_OPSIYON	D_EQ	SSO	D_EQ_EPP	DE_AKBNK_EPP	AKBNK.E	30/11/2026	2.7	2.62	3.05	0	0	0	0	0	0	0	0	0	0	0					
07/10/2026	O_AKBNKE1126P72.00	AKBNK_11/2026_AVRUPA_OPSIYON	D_EQ	SSO	D_EQ_EPP	DE_AKBNK_EPP	AKBNK.E	30/11/2026	3.53	3.44	2.62	0	0	0	0	0	0	0	0	0	0	0					
07/10/2026	O_AKBNKE1126P74.00	AKBNK_11/2026_AVRUPA_OPSIYON	D_EQ	SSO	D_EQ_EPP	DE_AKBNK_EPP	AKBNK.E	30/11/2026	4.52	4.41	2.49	0	0	0	0	0	0	0	0	0	0	0					
07/10/2026	O_AKBNKE1126P76.00	AKBNK_11/2026_AVRUPA_OPSIYON	D_EQ	SSO	D_EQ_EPP	DE_AKBNK_EPP	AKBNK.E	30/11/2026	5.65	5.5	2.73	0	0	0	0	0	0	0	0	0	0	0					
07/10/2026	O_AKBNKE1126P78.00	AKBNK_11/2026_AVRUPA_OPSIYON	D_EQ	SSO	D_EQ_EPP	DE_AKBNK_EPP	AKBNK.E	30/11/2026	6.93	6.74	2.82	0	0	0	0	0	0	0	0	0	0	0					
07/10/2026	O_AKBNKE1126P80.00	AKBNK_11/2026_AVRUPA_OPSIYON	D_EQ	SSO	D_EQ_EPP	DE_AKBNK_EPP	AKBNK.E	30/11/2026	8.32	8.09	2.84	0	0	0	0	0	0	0	0	0	0	0					
07/10/2026	O_AKBNKE1126P82.00	AKBNK_11/2026_AVRUPA_OPSIYON	D_EQ	SSO	D_EQ_EPP	DE_AKBNK_EPP	AKBNK.E	30/11/2026	9.8	9.54	2.73	0	0	0	0	0	0	0	0	0	0	0					
07/10/2026	O_AKBNKE1226C70.00	AKBNK_12/2026_AVRUPA_OPSIYON	D_EQ	SSO	D_EQ_ECP	DE_AKBNK_ECP	AKBNK.E	31/12/2026	8.78	9.05	-2.98	0	0	0	0	0	0	0	0	0	0	0					
07/10/2026	O_AKBNKE1226C72.00	AKBNK_12/2026_AVRUPA_OPSIYON	D_EQ	SSO	D_EQ_ECP	DE_AKBNK_ECP	AKBNK.E	31/12/2026	7.63	7.88	-3.17	0	0	0	0	0	0	0	0	0	0	0					
07/10/2026	O_AKBNKE1226C74.00	AKBNK_12/2026_AVRUPA_OPSIYON	D_EQ	SSO	D_EQ_ECP	DE_AKBNK_ECP	AKBNK.E	31/12/2026	6.58	6.83	-3.66	0	0	0	0	0	0	0	0	0	0	0					
07/10/2026	O_AKBNKE1226C76.00	AKBNK_12/2026_AVRUPA_OPSIYON	D_EQ	SSO	D_EQ_ECP	DE_AKBNK_ECP	AKBNK.E	31/12/2026	5.66	5.88	-3.74	0	0	0	0	0	0	0	0	0	0	0					
07/10/2026	O_AKBNKE1226C78.00	AKBNK_12/2026_AVRUPA_OPSIYON	D_EQ	SSO	D_EQ_ECP	DE_AKBNK_ECP	AKBNK.E	31/12/2026	4.84	5.03	-3.78	0	0	0	0	0	0	0	0	0	0	0					
07/10/2026	O_AKBNKE1226C80.00	AKBNK_12/2026_AVRUPA_OPSIYON	D_EQ	SSO	D_EQ_ECP	DE_AKBNK_ECP	AKBNK.E	31/12/2026	4.14	4.3	-3.72	0	0	0	0	0	0	0	0	0	0	0					
07/10/2026	O_AKBNKE1226C82.00	AKBNK_12/2026_AVRUPA_OPSIYON	D_EQ	SSO	D_EQ_ECP	DE_AKBNK_ECP	AKBNK.E	31/12/2026	3.54	3.66	-3.28	0	0	0	0	0	0	0	0	0	0	0					
07/10/2026	O_AKBNKE1226C84.00	AKBNK_12/2026_AVRUPA_OPSIYON	D_EQ	SSO	D_EQ_ECP	DE_AKBNK_ECP	AKBNK.E	31/12/2026	3.02	3.11	-2.89	0	0	0	0	0	0	0	0	0	0	0					
07/10/2026	O_AKBNKE1226C86.00	AKBNK_12/2026_AVRUPA_OPSIYON	D_EQ	SSO	D_EQ_ECP	DE_AKBNK_ECP	AKBNK.E	31/12/2026	2.57	2.62	-1.91	0	0	0	0	0	0	0	0	0	0	0					
07/10/2026	O_AKBNKE1226P60.00	AKBNK_12/2026_AVRUPA_OPSIYON	D_EQ	SSO	D_EQ_EPP	DE_AKBNK_EPP	AKBNK.E	31/12/2026	0.58	0.53	9.43	0	0	0	0	0	0	0	0	0	0	0					
07/10/2026	O_AKBNKE1226P62.00	AKBNK_12/2026_AVRUPA_OPSIYON	D_EQ	SSO	D_EQ_EPP	DE_AKBNK_EPP	AKBNK.E	31/12/2026	0.81	0.75	8	0	0	0	0	0	0	0	0	0	6000	0					
07/10/2026	O_AKBNKE1226P64.00	AKBNK_12/2026_AVRUPA_OPSIYON	D_EQ	SSO	D_EQ_EPP	DE_AKBNK_EPP	AKBNK.E	31/12/2026	1.1	1.04	5.77	0	0	0	0	0	0	0	0	0	0	0					
07/10/2026	O_AKBNKE1226P66.00	AKBNK_12/2026_AVRUPA_OPSIYON	D_EQ	SSO	D_EQ_EPP	DE_AKBNK_EPP	AKBNK.E	31/12/2026	1.46	1.39	5.04	0	0	0	0	0	0	0	0	0	0	0					
07/10/2026	O_AKBNKE1226P68.00	AKBNK_12/2026_AVRUPA_OPSIYON	D_EQ	SSO	D_EQ_EPP	DE_AKBNK_EPP	AKBNK.E	31/12/2026	1.9	1.83	3.83	0	0	0	0	0	0	0	0	0	0	0					
07/10/2026	O_AKBNKE1226P70.00	AKBNK_12/2026_AVRUPA_OPSIYON	D_EQ	SSO	D_EQ_EPP	DE_AKBNK_EPP	AKBNK.E	31/12/2026	2.42	2.36	2.54	0	0	0	0	0	0	0	0	0	0	0					
07/10/2026	O_AKBNKE1226P72.00	AKBNK_12/2026_AVRUPA_OPSIYON	D_EQ	SSO	D_EQ_EPP	DE_AKBNK_EPP	AKBNK.E	31/12/2026	3.07	2.99	2.68	0	0	0	0	0	0	0	0	0	0	0					
07/10/2026	O_AKBNKE1226P74.00	AKBNK_12/2026_AVRUPA_OPSIYON	D_EQ	SSO	D_EQ_EPP	DE_AKBNK_EPP	AKBNK.E	31/12/2026	3.82	3.73	2.41	0	0	0	0	0	0	0	0	0	0	0					
07/10/2026	O_AKBNKE1226P76.00	AKBNK_12/2026_AVRUPA_OPSIYON	D_EQ	SSO	D_EQ_EPP	DE_AKBNK_EPP	AKBNK.E	31/12/2026	4.69	4.57	2.63	0	0	0	0	0	0	0	0	0	0	0					
07/10/2026	O_ALARKE1026C100.00	ALARK_10/2026_AVRUPA_OPSIYON	D_EQ	SSO	D_EQ_ECP	DE_ALARK_ECP	ALARK.E	30/10/2026	8.06	9.23	-12.68	0	0	0	0	0	0	0	0	0	45	0					
07/10/2026	O_ALARKE1026C105.00	ALARK_10/2026_AVRUPA_OPSIYON	D_EQ	SSO	D_EQ_ECP	DE_ALARK_ECP	ALARK.E	30/10/2026	4.98	5.92	-15.88	4.64	4.64	4.64	4.64	4.64	210000	9280	20	2	174	20					
07/10/2026	O_ALARKE1026C110.00	ALARK_10/2026_AVRUPA_OPSIYON	D_EQ	SSO	D_EQ_ECP	DE_ALARK_ECP	ALARK.E	30/10/2026	2.82	3.5	-19.43	0	0	0	0	0	0	0	0	0	55	0					
07/10/2026	O_ALARKE1026C115.00	ALARK_10/2026_AVRUPA_OPSIYON	D_EQ	SSO	D_EQ_ECP	DE_ALARK_ECP	ALARK.E	30/10/2026	1.51	1.94	-22.16	0	0	0	0	0	0	0	0	0	558	0					
07/10/2026	O_ALARKE1026C120.00	ALARK_10/2026_AVRUPA_OPSIYON	D_EQ	SSO	D_EQ_ECP	DE_ALARK_ECP	ALARK.E	30/10/2026	0.77	1.04	-25.96	0	0	0	0	0	0	0	0	0	20	0					
07/10/2026	O_ALARKE1026C125.00	ALARK_10/2026_AVRUPA_OPSIYON	D_EQ	SSO	D_EQ_ECP	DE_ALARK_ECP	ALARK.E	30/10/2026	0.38	0.54	-29.63	0	0	0	0	0	0	0	0	0	0	0					
07/10/2026	O_ALARKE1026C130.00	ALARK_10/2026_AVRUPA_OPSIYON	D_EQ	SSO	D_EQ_ECP	DE_ALARK_ECP	ALARK.E	30/10/2026	0.18	0.27	-33.33	0	0	0	0	0	0	0	0	0	0	0					
07/10/2026	O_ALARKE1026C135.00	ALARK_10/2026_AVRUPA_OPSIYON	D_EQ	SSO	D_EQ_ECP	DE_ALARK_ECP	ALARK.E	30/10/2026	0.09	0.13	-30.77	0	0	0	0	0	0	0	0	0	0	0					
07/10/2026	O_ALARKE1026C140.00	ALARK_10/2026_AVRUPA_OPSIYON	D_EQ	SSO	D_EQ_ECP	DE_ALARK_ECP	ALARK.E	30/10/2026	0.04	0.07	-42.86	0	0	0	0	0	0	0	0	0	22	0					
07/10/2026	O_ALARKE1026C145.00	ALARK_10/2026_AVRUPA_OPSIYON	D_EQ	SSO	D_EQ_ECP	DE_ALARK_ECP	ALARK.E	30/10/2026	0.02	0.03	-33.33	0	0	0	0	0	0	0	0	0	0	0					
07/10/2026	O_ALARKE1026C150.00	ALARK_10/2026_AVRUPA_OPSIYON	D_EQ	SSO	D_EQ_ECP	DE_ALARK_ECP	ALARK.E	30/10/2026	0.01	0.02	-50	0	0	0	0	0	0	0	0	0	200	0					
07/10/2026	O_ALARKE1026C98.00	ALARK_10/2026_AVRUPA_OPSIYON	D_EQ	SSO	D_EQ_ECP	DE_ALARK_ECP	ALARK.E	30/10/2026	9.55	10.77	-11.33	0	0	0	0	0	0	0	0	0	0	0					
07/10/2026	O_ALARKE1026P100.00	ALARK_10/2026_AVRUPA_OPSIYON	D_EQ	SSO	D_EQ_EPP	DE_ALARK_EPP	ALARK.E	30/10/2026	1.7	1.46	16.44	2.04	1.84	2.08	1.84	2.03	480000	9760	48	6	42	32					
07/10/2026	O_ALARKE1026P105.00	ALARK_10/2026_AVRUPA_OPSIYON	D_EQ	SSO	D_EQ_EPP	DE_ALARK_EPP	ALARK.E	30/10/2026	3.49	3.03	15.18	3.42	3.42	3.42	3.42	3.42	31500	1026	3	1	3	0					
07/10/2026	O_ALARKE1026P110.00	ALARK_10/2026_AVRUPA_OPSIYON	D_EQ	SSO	D_EQ_EPP	DE_ALARK_EPP	ALARK.E	30/10/2026	6.22	5.49	13.3	0	0	0	0	0	0	0	0	0	20	0					
07/10/2026	O_ALARKE1026P115.00	ALARK_10/2026_AVRUPA_OPSIYON	D_EQ	SSO	D_EQ_EPP	DE_ALARK_EPP	ALARK.E	30/10/2026	9.79	8.81	11.12	0	0	0	0	0	0	0	0	0	30	0					
07/10/2026	O_ALARKE1026P120.00	ALARK_10/2026_AVRUPA_OPSIYON	D_EQ	SSO	D_EQ_EPP	DE_ALARK_EPP	ALARK.E	30/10/2026	13.93	12.78	9	0	0	0	0	0	0	0	0	0	80	0					
07/10/2026	O_ALARKE1026P125.00	ALARK_10/2026_AVRUPA_OPSIYON	D_EQ	SSO	D_EQ_EPP	DE_ALARK_EPP	ALARK.E	30/10/2026	18.42	17.15	7.41	0	0	0	0	0	0	0	0	0	0	0					
07/10/2026	O_ALARKE1026P88.00	ALARK_10/2026_AVRUPA_OPSIYON	D_EQ	SSO	D_EQ_EPP	DE_ALARK_EPP	ALARK.E	30/10/2026	0.16	0.14	14.29	0	0	0	0	0	0	0	0	0	0	0					
07/10/2026	O_ALARKE1026P90.00	ALARK_10/2026_AVRUPA_OPSIYON	D_EQ	SSO	D_EQ_EPP	DE_ALARK_EPP	ALARK.E	30/10/2026	0.25	0.22	13.64	0	0	0	0	0	0	0	0	0	0	0					
07/10/2026	O_ALARKE1026P92.00	ALARK_10/2026_AVRUPA_OPSIYON	D_EQ	SSO	D_EQ_EPP	DE_ALARK_EPP	ALARK.E	30/10/2026	0.39	0.34	14.71	0	0	0	0	0	0	0	0	0	22	0					
07/10/2026	O_ALARKE1026P94.00	ALARK_10/2026_AVRUPA_OPSIYON	D_EQ	SSO	D_EQ_EPP	DE_ALARK_EPP	ALARK.E	30/10/2026	0.59	0.51	15.69	0	0	0	0	0	0	0	0	0	0	0					
07/10/2026	O_ALARKE1026P96.00	ALARK_10/2026_AVRUPA_OPSIYON	D_EQ	SSO	D_EQ_EPP	DE_ALARK_EPP	ALARK.E	30/10/2026	0.87	0.74	17.57	0	0	0	0	0	0	0	0	0	22	0					
07/10/2026	O_ALARKE1026P98.00	ALARK_10/2026_AVRUPA_OPSIYON	D_EQ	SSO	D_EQ_EPP	DE_ALARK_EPP	ALARK.E	30/10/2026	1.23	1.05	17.14	0	0	0	0	0	0	0	0	0	25	0					
07/10/2026	O_ALARKE1126C100.00	ALARK_11/2026_AVRUPA_OPSIYON	D_EQ	SSO	D_EQ_ECP	DE_ALARK_ECP	ALARK.E	30/11/2026	12.12	13.26	-8.6	0	0	0	0	0	0	0	0	0	0	0					
07/10/2026	O_ALARKE1126C105.00	ALARK_11/2026_AVRUPA_OPSIYON	D_EQ	SSO	D_EQ_ECP	DE_ALARK_ECP	ALARK.E	30/11/2026	8.99	9.98	-9.92	0	0	0	0	0	0	0	0	0	0	0					
07/10/2026	O_ALARKE1126C110.00	ALARK_11/2026_AVRUPA_OPSIYON	D_EQ	SSO	D_EQ_ECP	DE_ALARK_ECP	ALARK.E	30/11/2026	6.48	7.3	-11.23	0	0	0	0	0	0	0	0	0	0	0					
07/10/2026	O_ALARKE1126C115.00	ALARK_11/2026_AVRUPA_OPSIYON	D_EQ	SSO	D_EQ_ECP	DE_ALARK_ECP	ALARK.E	30/11/2026	4.58	5.22	-12.26	0	0	0	0	0	0	0	0	0	0	0					
07/10/2026	O_ALARKE1126C120.00	ALARK_11/2026_AVRUPA_OPSIYON	D_EQ	SSO	D_EQ_ECP	DE_ALARK_ECP	ALARK.E	30/11/2026	3.24	3.74	-13.37	0	0	0	0	0	0	0	0	0	0	0					
07/10/2026	O_ALARKE1126C125.00	ALARK_11/2026_AVRUPA_OPSIYON	D_EQ	SSO	D_EQ_ECP	DE_ALARK_ECP	ALARK.E	30/11/2026	2.28	2.66	-14.29	0	0	0	0	0	0	0	0	0	0	0					
07/10/2026	O_ALARKE1126C130.00	ALARK_11/2026_AVRUPA_OPSIYON	D_EQ	SSO	D_EQ_ECP	DE_ALARK_ECP	ALARK.E	30/11/2026	1.59	1.88	-15.43	0	0	0	0	0	0	0	0	0	0	0					
07/10/2026	O_ALARKE1126C135.00	ALARK_11/2026_AVRUPA_OPSIYON	D_EQ	SSO	D_EQ_ECP	DE_ALARK_ECP	ALARK.E	30/11/2026	1.11	1.33	-16.54	0	0	0	0	0	0	0	0	0	0	0					
07/10/2026	O_ALARKE1126C140.00	ALARK_11/2026_AVRUPA_OPSIYON	D_EQ	SSO	D_EQ_ECP	DE_ALARK_ECP	ALARK.E	30/11/2026	0.78	0.95	-17.89	0	0	0	0	0	0	0	0	0	0	0					
07/10/2026	O_ALARKE1126C145.00	ALARK_11/2026_AVRUPA_OPSIYON	D_EQ	SSO	D_EQ_ECP	DE_ALARK_ECP	ALARK.E	30/11/2026	0.55	0.68	-19.12	0	0	0	0	0	0	0	0	0	0	0					
07/10/2026	O_ALARKE1126C150.00	ALARK_11/2026_AVRUPA_OPSIYON	D_EQ	SSO	D_EQ_ECP	DE_ALARK_ECP	ALARK.E	30/11/2026	0.39	0.49	-20.41	0	0	0	0	0	0	0	0	0	0	0					
07/10/2026	O_ALARKE1126C155.00	ALARK_11/2026_AVRUPA_OPSIYON	D_EQ	SSO	D_EQ_ECP	DE_ALARK_ECP	ALARK.E	30/11/2026	0.28	0.35	-20	0	0	0	0	0	0	0	0	0	0	0					
07/10/2026	O_ALARKE1126P100.00	ALARK_11/2026_AVRUPA_OPSIYON	D_EQ	SSO	D_EQ_EPP	DE_ALARK_EPP	ALARK.E	30/11/2026	2.65	2.4	10.42	0	0	0	0	0	0	0	0	0	0	0					
07/10/2026	O_ALARKE1126P105.00	ALARK_11/2026_AVRUPA_OPSIYON	D_EQ	SSO	D_EQ_EPP	DE_ALARK_EPP	ALARK.E	30/11/2026	4.25	3.83	10.97	0	0	0	0	0	0	0	0	0	3	0					
07/10/2026	O_ALARKE1126P110.00	ALARK_11/2026_AVRUPA_OPSIYON	D_EQ	SSO	D_EQ_EPP	DE_ALARK_EPP	ALARK.E	30/11/2026	6.47	5.88	10.03	0	0	0	0	0	0	0	0	0	0	0					
07/10/2026	O_ALARKE1126P115.00	ALARK_11/2026_AVRUPA_OPSIYON	D_EQ	SSO	D_EQ_EPP	DE_ALARK_EPP	ALARK.E	30/11/2026	9.29	8.52	9.04	0	0	0	0	0	0	0	0	0	0	0					
07/10/2026	O_ALARKE1126P120.00	ALARK_11/2026_AVRUPA_OPSIYON	D_EQ	SSO	D_EQ_EPP	DE_ALARK_EPP	ALARK.E	30/11/2026	12.68	11.76	7.82	0	0	0	0	0	0	0	0	0	0	0					
07/10/2026	O_ALARKE1126P125.00	ALARK_11/2026_AVRUPA_OPSIYON	D_EQ	SSO	D_EQ_EPP	DE_ALARK_EPP	ALARK.E	30/11/2026	16.44	15.4	6.75	0	0	0	0	0	0	0	0	0	0	0					
07/10/2026	O_ALARKE1126P130.00	ALARK_11/2026_AVRUPA_OPSIYON	D_EQ	SSO	D_EQ_EPP	DE_ALARK_EPP	ALARK.E	30/11/2026	20.49	19.35	5.89	0	0	0	0	0	0	0	0	0	0	0					
07/10/2026	O_ALARKE1126P90.00	ALARK_11/2026_AVRUPA_OPSIYON	D_EQ	SSO	D_EQ_EPP	DE_ALARK_EPP	ALARK.E	30/11/2026	0.85	0.77	10.39	0	0	0	0	0	0	0	0	0	0	0					
07/10/2026	O_ALARKE1126P92.00	ALARK_11/2026_AVRUPA_OPSIYON	D_EQ	SSO	D_EQ_EPP	DE_ALARK_EPP	ALARK.E	30/11/2026	1.1	0.99	11.11	0	0	0	0	0	0	0	0	0	0	0					
07/10/2026	O_ALARKE1126P94.00	ALARK_11/2026_AVRUPA_OPSIYON	D_EQ	SSO	D_EQ_EPP	DE_ALARK_EPP	ALARK.E	30/11/2026	1.39	1.26	10.32	0	0	0	0	0	0	0	0	0	0	0					
07/10/2026	O_ALARKE1126P96.00	ALARK_11/2026_AVRUPA_OPSIYON	D_EQ	SSO	D_EQ_EPP	DE_ALARK_EPP	ALARK.E	30/11/2026	1.75	1.58	10.76	1.92	1.92	1.92	1.92	1.92	1920000	38400	200	4	200	200					
07/10/2026	O_ALARKE1126P98.00	ALARK_11/2026_AVRUPA_OPSIYON	D_EQ	SSO	D_EQ_EPP	DE_ALARK_EPP	ALARK.E	30/11/2026	2.16	1.95	10.77	0	0	0	0	0	0	0	0	0	0	0					
07/10/2026	O_ALARKE1226C100.00	ALARK_12/2026_AVRUPA_OPSIYON	D_EQ	SSO	D_EQ_ECP	DE_ALARK_ECP	ALARK.E	31/12/2026	16.81	18.02	-6.71	0	0	0	0	0	0	0	0	0	0	0					
07/10/2026	O_ALARKE1226C105.00	ALARK_12/2026_AVRUPA_OPSIYON	D_EQ	SSO	D_EQ_ECP	DE_ALARK_ECP	ALARK.E	31/12/2026	13.55	14.67	-7.63	0	0	0	0	0	0	0	0	0	0	0					
07/10/2026	O_ALARKE1226C110.00	ALARK_12/2026_AVRUPA_OPSIYON	D_EQ	SSO	D_EQ_ECP	DE_ALARK_ECP	ALARK.E	31/12/2026	10.77	11.75	-8.34	0	0	0	0	0	0	0	0	0	0	0					
07/10/2026	O_ALARKE1226C115.00	ALARK_12/2026_AVRUPA_OPSIYON	D_EQ	SSO	D_EQ_ECP	DE_ALARK_ECP	ALARK.E	31/12/2026	8.45	9.3	-9.14	0	0	0	0	0	0	0	0	0	0	0					
07/10/2026	O_ALARKE1226C120.00	ALARK_12/2026_AVRUPA_OPSIYON	D_EQ	SSO	D_EQ_ECP	DE_ALARK_ECP	ALARK.E	31/12/2026	6.64	7.32	-9.29	0	0	0	0	0	0	0	0	0	0	0					
07/10/2026	O_ALARKE1226C125.00	ALARK_12/2026_AVRUPA_OPSIYON	D_EQ	SSO	D_EQ_ECP	DE_ALARK_ECP	ALARK.E	31/12/2026	5.23	5.81	-9.98	0	0	0	0	0	0	0	0	0	0	0					
07/10/2026	O_ALARKE1226C130.00	ALARK_12/2026_AVRUPA_OPSIYON	D_EQ	SSO	D_EQ_ECP	DE_ALARK_ECP	ALARK.E	31/12/2026	4.12	4.6	-10.43	0	0	0	0	0	0	0	0	0	0	0					
07/10/2026	O_ALARKE1226C135.00	ALARK_12/2026_AVRUPA_OPSIYON	D_EQ	SSO	D_EQ_ECP	DE_ALARK_ECP	ALARK.E	31/12/2026	3.25	3.65	-10.96	0	0	0	0	0	0	0	0	0	0	0					
07/10/2026	O_ALARKE1226C140.00	ALARK_12/2026_AVRUPA_OPSIYON	D_EQ	SSO	D_EQ_ECP	DE_ALARK_ECP	ALARK.E	31/12/2026	2.57	2.9	-11.38	0	0	0	0	0	0	0	0	0	0	0					
07/10/2026	O_ALARKE1226C145.00	ALARK_12/2026_AVRUPA_OPSIYON	D_EQ	SSO	D_EQ_ECP	DE_ALARK_ECP	ALARK.E	31/12/2026	2.04	2.32	-12.07	0	0	0	0	0	0	0	0	0	0	0					
07/10/2026	O_ALARKE1226P100.00	ALARK_12/2026_AVRUPA_OPSIYON	D_EQ	SSO	D_EQ_EPP	DE_ALARK_EPP	ALARK.E	31/12/2026	2.65	2.44	8.61	0	0	0	0	0	0	0	0	0	0	0					
07/10/2026	O_ALARKE1226P105.00	ALARK_12/2026_AVRUPA_OPSIYON	D_EQ	SSO	D_EQ_EPP	DE_ALARK_EPP	ALARK.E	31/12/2026	3.89	3.59	8.36	0	0	0	0	0	0	0	0	0	0	0					
07/10/2026	O_ALARKE1226P110.00	ALARK_12/2026_AVRUPA_OPSIYON	D_EQ	SSO	D_EQ_EPP	DE_ALARK_EPP	ALARK.E	31/12/2026	5.59	5.15	8.54	0	0	0	0	0	0	0	0	0	0	0					
07/10/2026	O_ALARKE1226P115.00	ALARK_12/2026_AVRUPA_OPSIYON	D_EQ	SSO	D_EQ_EPP	DE_ALARK_EPP	ALARK.E	31/12/2026	7.77	7.18	8.22	0	0	0	0	0	0	0	0	0	0	0					
07/10/2026	O_ALARKE1226P120.00	ALARK_12/2026_AVRUPA_OPSIYON	D_EQ	SSO	D_EQ_EPP	DE_ALARK_EPP	ALARK.E	31/12/2026	10.45	9.7	7.73	0	0	0	0	0	0	0	0	0	0	0					
07/10/2026	O_ALARKE1226P90.00	ALARK_12/2026_AVRUPA_OPSIYON	D_EQ	SSO	D_EQ_EPP	DE_ALARK_EPP	ALARK.E	31/12/2026	1.08	0.99	9.09	0	0	0	0	0	0	0	0	0	0	0					
07/10/2026	O_ALARKE1226P92.00	ALARK_12/2026_AVRUPA_OPSIYON	D_EQ	SSO	D_EQ_EPP	DE_ALARK_EPP	ALARK.E	31/12/2026	1.31	1.21	8.26	0	0	0	0	0	0	0	0	0	0	0					
07/10/2026	O_ALARKE1226P94.00	ALARK_12/2026_AVRUPA_OPSIYON	D_EQ	SSO	D_EQ_EPP	DE_ALARK_EPP	ALARK.E	31/12/2026	1.58	1.46	8.22	0	0	0	0	0	0	0	0	0	0	0					
07/10/2026	O_ALARKE1226P96.00	ALARK_12/2026_AVRUPA_OPSIYON	D_EQ	SSO	D_EQ_EPP	DE_ALARK_EPP	ALARK.E	31/12/2026	1.89	1.74	8.62	0	0	0	0	0	0	0	0	0	0	0					
07/10/2026	O_ALARKE1226P98.00	ALARK_12/2026_AVRUPA_OPSIYON	D_EQ	SSO	D_EQ_EPP	DE_ALARK_EPP	ALARK.E	31/12/2026	2.25	2.07	8.7	0	0	0	0	0	0	0	0	0	0	0					
07/10/2026	O_ARCLKE1026C100.00	ARCLK_10/2026_AVRUPA_OPSIYON	D_EQ	SSO	D_EQ_ECP	DE_ARCLK_ECP	ARCLK.E	30/10/2026	0.09	0.13	-30.77	0	0	0	0	0	0	0	0	0	0	0					
07/10/2026	O_ARCLKE1026C105.00	ARCLK_10/2026_AVRUPA_OPSIYON	D_EQ	SSO	D_EQ_ECP	DE_ARCLK_ECP	ARCLK.E	30/10/2026	0.03	0.04	-25	0	0	0	0	0	0	0	0	0	103	0					
07/10/2026	O_ARCLKE1026C110.00	ARCLK_10/2026_AVRUPA_OPSIYON	D_EQ	SSO	D_EQ_ECP	DE_ARCLK_ECP	ARCLK.E	30/10/2026	0.01	0.01	0	0	0	0	0	0	0	0	0	0	0	0					
07/10/2026	O_ARCLKE1026C115.00	ARCLK_10/2026_AVRUPA_OPSIYON	D_EQ	SSO	D_EQ_ECP	DE_ARCLK_ECP	ARCLK.E	30/10/2026	0.01	0.01	0	0	0	0	0	0	0	0	0	0	303	0					
07/10/2026	O_ARCLKE1026C120.00	ARCLK_10/2026_AVRUPA_OPSIYON	D_EQ	SSO	D_EQ_ECP	DE_ARCLK_ECP	ARCLK.E	30/10/2026	0.01	0.01	0	0	0	0	0	0	0	0	0	0	406	0					
07/10/2026	O_ARCLKE1026C125.00	ARCLK_10/2026_AVRUPA_OPSIYON	D_EQ	SSO	D_EQ_ECP	DE_ARCLK_ECP	ARCLK.E	30/10/2026	0.01	0.01	0	0	0	0	0	0	0	0	0	0	0	0					
07/10/2026	O_ARCLKE1026C130.00	ARCLK_10/2026_AVRUPA_OPSIYON	D_EQ	SSO	D_EQ_ECP	DE_ARCLK_ECP	ARCLK.E	30/10/2026	0.01	0.01	0	0	0	0	0	0	0	0	0	0	0	0					
07/10/2026	O_ARCLKE1026C135.00	ARCLK_10/2026_AVRUPA_OPSIYON	D_EQ	SSO	D_EQ_ECP	DE_ARCLK_ECP	ARCLK.E	30/10/2026	0.01	0.01	0	0	0	0	0	0	0	0	0	0	0	0					
07/10/2026	O_ARCLKE1026C80.00	ARCLK_10/2026_AVRUPA_OPSIYON	D_EQ	SSO	D_EQ_ECP	DE_ARCLK_ECP	ARCLK.E	30/10/2026	4.2	4.76	-11.76	0	0	0	0	0	0	0	0	0	0	0					
07/10/2026	O_ARCLKE1026C82.00	ARCLK_10/2026_AVRUPA_OPSIYON	D_EQ	SSO	D_EQ_ECP	DE_ARCLK_ECP	ARCLK.E	30/10/2026	3.15	3.64	-13.46	0	0	0	0	0	0	0	0	0	1	0					
07/10/2026	O_ARCLKE1026C84.00	ARCLK_10/2026_AVRUPA_OPSIYON	D_EQ	SSO	D_EQ_ECP	DE_ARCLK_ECP	ARCLK.E	30/10/2026	2.31	2.72	-15.07	0	0	0	0	0	0	0	0	0	0	0					
07/10/2026	O_ARCLKE1026C86.00	ARCLK_10/2026_AVRUPA_OPSIYON	D_EQ	SSO	D_EQ_ECP	DE_ARCLK_ECP	ARCLK.E	30/10/2026	1.65	1.99	-17.09	0	0	0	0	0	0	0	0	0	10	0					
07/10/2026	O_ARCLKE1026C88.00	ARCLK_10/2026_AVRUPA_OPSIYON	D_EQ	SSO	D_EQ_ECP	DE_ARCLK_ECP	ARCLK.E	30/10/2026	1.15	1.42	-19.01	0	0	0	0	0	0	0	0	0	20	0					
07/10/2026	O_ARCLKE1026C90.00	ARCLK_10/2026_AVRUPA_OPSIYON	D_EQ	SSO	D_EQ_ECP	DE_ARCLK_ECP	ARCLK.E	30/10/2026	0.79	0.99	-20.2	0	0	0	0	0	0	0	0	0	5	0					
07/10/2026	O_ARCLKE1026C92.00	ARCLK_10/2026_AVRUPA_OPSIYON	D_EQ	SSO	D_EQ_ECP	DE_ARCLK_ECP	ARCLK.E	30/10/2026	0.53	0.68	-22.06	0	0	0	0	0	0	0	0	0	0	0					
07/10/2026	O_ARCLKE1026C94.00	ARCLK_10/2026_AVRUPA_OPSIYON	D_EQ	SSO	D_EQ_ECP	DE_ARCLK_ECP	ARCLK.E	30/10/2026	0.35	0.46	-23.91	0	0	0	0	0	0	0	0	0	0	0					
07/10/2026	O_ARCLKE1026C96.00	ARCLK_10/2026_AVRUPA_OPSIYON	D_EQ	SSO	D_EQ_ECP	DE_ARCLK_ECP	ARCLK.E	30/10/2026	0.23	0.31	-25.81	0	0	0	0	0	0	0	0	0	10	0					
07/10/2026	O_ARCLKE1026C98.00	ARCLK_10/2026_AVRUPA_OPSIYON	D_EQ	SSO	D_EQ_ECP	DE_ARCLK_ECP	ARCLK.E	30/10/2026	0.14	0.2	-30	0	0	0	0	0	0	0	0	0	20	0					
07/10/2026	O_ARCLKE1026P100.00	ARCLK_10/2026_AVRUPA_OPSIYON	D_EQ	SSO	D_EQ_EPP	DE_ARCLK_EPP	ARCLK.E	30/10/2026	17.62	16.86	4.51	0	0	0	0	0	0	0	0	0	10	0					
07/10/2026	O_ARCLKE1026P105.00	ARCLK_10/2026_AVRUPA_OPSIYON	D_EQ	SSO	D_EQ_EPP	DE_ARCLK_EPP	ARCLK.E	30/10/2026	22.44	21.65	3.65	0	0	0	0	0	0	0	0	0	1	0					
07/10/2026	O_ARCLKE1026P110.00	ARCLK_10/2026_AVRUPA_OPSIYON	D_EQ	SSO	D_EQ_EPP	DE_ARCLK_EPP	ARCLK.E	30/10/2026	27.3	26.5	3.02	0	0	0	0	0	0	0	0	0	0	0					
07/10/2026	O_ARCLKE1026P70.00	ARCLK_10/2026_AVRUPA_OPSIYON	D_EQ	SSO	D_EQ_EPP	DE_ARCLK_EPP	ARCLK.E	30/10/2026	0.18	0.16	12.5	0	0	0	0	0	0	0	0	0	0	0					
07/10/2026	O_ARCLKE1026P72.00	ARCLK_10/2026_AVRUPA_OPSIYON	D_EQ	SSO	D_EQ_EPP	DE_ARCLK_EPP	ARCLK.E	30/10/2026	0.33	0.3	10	0	0	0	0	0	0	0	0	0	0	0					
07/10/2026	O_ARCLKE1026P74.00	ARCLK_10/2026_AVRUPA_OPSIYON	D_EQ	SSO	D_EQ_EPP	DE_ARCLK_EPP	ARCLK.E	30/10/2026	0.58	0.52	11.54	0	0	0	0	0	0	0	0	0	200	0					
07/10/2026	O_ARCLKE1026P76.00	ARCLK_10/2026_AVRUPA_OPSIYON	D_EQ	SSO	D_EQ_EPP	DE_ARCLK_EPP	ARCLK.E	30/10/2026	0.96	0.85	12.94	0	0	0	0	0	0	0	0	0	100	0					
07/10/2026	O_ARCLKE1026P78.00	ARCLK_10/2026_AVRUPA_OPSIYON	D_EQ	SSO	D_EQ_EPP	DE_ARCLK_EPP	ARCLK.E	30/10/2026	1.49	1.33	12.03	0	0	0	0	0	0	0	0	0	22	0					
07/10/2026	O_ARCLKE1026P80.00	ARCLK_10/2026_AVRUPA_OPSIYON	D_EQ	SSO	D_EQ_EPP	DE_ARCLK_EPP	ARCLK.E	30/10/2026	2.2	1.98	11.11	2.37	2.37	2.37	2.37	2.37	24000	711	3	1	17	3					
07/10/2026	O_ARCLKE1026P82.00	ARCLK_10/2026_AVRUPA_OPSIYON	D_EQ	SSO	D_EQ_EPP	DE_ARCLK_EPP	ARCLK.E	30/10/2026	3.11	2.82	10.28	3.36	3.36	3.36	3.36	3.36	49200	2016	6	1	46	0					
07/10/2026	O_ARCLKE1026P84.00	ARCLK_10/2026_AVRUPA_OPSIYON	D_EQ	SSO	D_EQ_EPP	DE_ARCLK_EPP	ARCLK.E	30/10/2026	4.22	3.85	9.61	0	0	0	0	0	0	0	0	0	240	0					
07/10/2026	O_ARCLKE1026P86.00	ARCLK_10/2026_AVRUPA_OPSIYON	D_EQ	SSO	D_EQ_EPP	DE_ARCLK_EPP	ARCLK.E	30/10/2026	5.51	5.06	8.89	0	0	0	0	0	0	0	0	0	232	0					
07/10/2026	O_ARCLKE1026P88.00	ARCLK_10/2026_AVRUPA_OPSIYON	D_EQ	SSO	D_EQ_EPP	DE_ARCLK_EPP	ARCLK.E	30/10/2026	6.97	6.45	8.06	0	0	0	0	0	0	0	0	0	254	0					
07/10/2026	O_ARCLKE1026P90.00	ARCLK_10/2026_AVRUPA_OPSIYON	D_EQ	SSO	D_EQ_EPP	DE_ARCLK_EPP	ARCLK.E	30/10/2026	8.56	7.97	7.4	0	0	0	0	0	0	0	0	0	205	0					
07/10/2026	O_ARCLKE1026P92.00	ARCLK_10/2026_AVRUPA_OPSIYON	D_EQ	SSO	D_EQ_EPP	DE_ARCLK_EPP	ARCLK.E	30/10/2026	10.25	9.61	6.66	0	0	0	0	0	0	0	0	0	25	0					
07/10/2026	O_ARCLKE1026P94.00	ARCLK_10/2026_AVRUPA_OPSIYON	D_EQ	SSO	D_EQ_EPP	DE_ARCLK_EPP	ARCLK.E	30/10/2026	12.02	11.34	6	0	0	0	0	0	0	0	0	0	12	0					
07/10/2026	O_ARCLKE1026P96.00	ARCLK_10/2026_AVRUPA_OPSIYON	D_EQ	SSO	D_EQ_EPP	DE_ARCLK_EPP	ARCLK.E	30/10/2026	13.85	13.14	5.4	0	0	0	0	0	0	0	0	0	10	0					
07/10/2026	O_ARCLKE1026P98.00	ARCLK_10/2026_AVRUPA_OPSIYON	D_EQ	SSO	D_EQ_EPP	DE_ARCLK_EPP	ARCLK.E	30/10/2026	15.72	14.98	4.94	0	0	0	0	0	0	0	0	0	15	0					
07/10/2026	O_ARCLKE1126C100.00	ARCLK_11/2026_AVRUPA_OPSIYON	D_EQ	SSO	D_EQ_ECP	DE_ARCLK_ECP	ARCLK.E	30/11/2026	0.99	1.14	-13.16	0	0	0	0	0	0	0	0	0	0	0					
07/10/2026	O_ARCLKE1126C105.00	ARCLK_11/2026_AVRUPA_OPSIYON	D_EQ	SSO	D_EQ_ECP	DE_ARCLK_ECP	ARCLK.E	30/11/2026	0.56	0.65	-13.85	0	0	0	0	0	0	0	0	0	0	0					
07/10/2026	O_ARCLKE1126C110.00	ARCLK_11/2026_AVRUPA_OPSIYON	D_EQ	SSO	D_EQ_ECP	DE_ARCLK_ECP	ARCLK.E	30/11/2026	0.31	0.37	-16.22	0	0	0	0	0	0	0	0	0	0	0					
07/10/2026	O_ARCLKE1126C115.00	ARCLK_11/2026_AVRUPA_OPSIYON	D_EQ	SSO	D_EQ_ECP	DE_ARCLK_ECP	ARCLK.E	30/11/2026	0.17	0.2	-15	0	0	0	0	0	0	0	0	0	0	0					
07/10/2026	O_ARCLKE1126C120.00	ARCLK_11/2026_AVRUPA_OPSIYON	D_EQ	SSO	D_EQ_ECP	DE_ARCLK_ECP	ARCLK.E	30/11/2026	0.09	0.11	-18.18	0	0	0	0	0	0	0	0	0	0	0					
07/10/2026	O_ARCLKE1126C125.00	ARCLK_11/2026_AVRUPA_OPSIYON	D_EQ	SSO	D_EQ_ECP	DE_ARCLK_ECP	ARCLK.E	30/11/2026	0.05	0.06	-16.67	0	0	0	0	0	0	0	0	0	0	0					
07/10/2026	O_ARCLKE1126C130.00	ARCLK_11/2026_AVRUPA_OPSIYON	D_EQ	SSO	D_EQ_ECP	DE_ARCLK_ECP	ARCLK.E	30/11/2026	0.03	0.03	0	0	0	0	0	0	0	0	0	0	0	0					
07/10/2026	O_ARCLKE1126C82.00	ARCLK_11/2026_AVRUPA_OPSIYON	D_EQ	SSO	D_EQ_ECP	DE_ARCLK_ECP	ARCLK.E	30/11/2026	6.13		0	0	0	0	0	0	0	0	0	0	0	0					
07/10/2026	O_ARCLKE1126C84.00	ARCLK_11/2026_AVRUPA_OPSIYON	D_EQ	SSO	D_EQ_ECP	DE_ARCLK_ECP	ARCLK.E	30/11/2026	5.13	5.62	-8.72	0	0	0	0	0	0	0	0	0	0	0					
07/10/2026	O_ARCLKE1126C86.00	ARCLK_11/2026_AVRUPA_OPSIYON	D_EQ	SSO	D_EQ_ECP	DE_ARCLK_ECP	ARCLK.E	30/11/2026	4.27	4.7	-9.15	0	0	0	0	0	0	0	0	0	0	0					
07/10/2026	O_ARCLKE1126C88.00	ARCLK_11/2026_AVRUPA_OPSIYON	D_EQ	SSO	D_EQ_ECP	DE_ARCLK_ECP	ARCLK.E	30/11/2026	3.51	3.9	-10	0	0	0	0	0	0	0	0	0	0	0					
07/10/2026	O_ARCLKE1126C90.00	ARCLK_11/2026_AVRUPA_OPSIYON	D_EQ	SSO	D_EQ_ECP	DE_ARCLK_ECP	ARCLK.E	30/11/2026	2.89	3.22	-10.25	0	0	0	0	0	0	0	0	0	0	0					
07/10/2026	O_ARCLKE1126C92.00	ARCLK_11/2026_AVRUPA_OPSIYON	D_EQ	SSO	D_EQ_ECP	DE_ARCLK_ECP	ARCLK.E	30/11/2026	2.36	2.65	-10.94	0	0	0	0	0	0	0	0	0	0	0					
07/10/2026	O_ARCLKE1126C94.00	ARCLK_11/2026_AVRUPA_OPSIYON	D_EQ	SSO	D_EQ_ECP	DE_ARCLK_ECP	ARCLK.E	30/11/2026	1.91	2.16	-11.57	0	0	0	0	0	0	0	0	0	0	0					
07/10/2026	O_ARCLKE1126C96.00	ARCLK_11/2026_AVRUPA_OPSIYON	D_EQ	SSO	D_EQ_ECP	DE_ARCLK_ECP	ARCLK.E	30/11/2026	1.54	1.76	-12.5	0	0	0	0	0	0	0	0	0	0	0					
07/10/2026	O_ARCLKE1126C98.00	ARCLK_11/2026_AVRUPA_OPSIYON	D_EQ	SSO	D_EQ_ECP	DE_ARCLK_ECP	ARCLK.E	30/11/2026	1.24	1.42	-12.68	0	0	0	0	0	0	0	0	0	0	0					
07/10/2026	O_ARCLKE1126P100.00	ARCLK_11/2026_AVRUPA_OPSIYON	D_EQ	SSO	D_EQ_EPP	DE_ARCLK_EPP	ARCLK.E	30/11/2026	15.42	14.78	4.33	0	0	0	0	0	0	0	0	0	0	0					
07/10/2026	O_ARCLKE1126P105.00	ARCLK_11/2026_AVRUPA_OPSIYON	D_EQ	SSO	D_EQ_EPP	DE_ARCLK_EPP	ARCLK.E	30/11/2026	19.72	19.01	3.73	0	0	0	0	0	0	0	0	0	0	0					
07/10/2026	O_ARCLKE1126P72.00	ARCLK_11/2026_AVRUPA_OPSIYON	D_EQ	SSO	D_EQ_EPP	DE_ARCLK_EPP	ARCLK.E	30/11/2026	0.84		0	0	0	0	0	0	0	0	0	0	0	0					
07/10/2026	O_ARCLKE1126P74.00	ARCLK_11/2026_AVRUPA_OPSIYON	D_EQ	SSO	D_EQ_EPP	DE_ARCLK_EPP	ARCLK.E	30/11/2026	1.18	1.08	9.26	0	0	0	0	0	0	0	0	0	0	0					
07/10/2026	O_ARCLKE1126P76.00	ARCLK_11/2026_AVRUPA_OPSIYON	D_EQ	SSO	D_EQ_EPP	DE_ARCLK_EPP	ARCLK.E	30/11/2026	1.6	1.48	8.11	0	0	0	0	0	0	0	0	0	0	0					
07/10/2026	O_ARCLKE1126P78.00	ARCLK_11/2026_AVRUPA_OPSIYON	D_EQ	SSO	D_EQ_EPP	DE_ARCLK_EPP	ARCLK.E	30/11/2026	2.13	1.97	8.12	0	0	0	0	0	0	0	0	0	0	0					
07/10/2026	O_ARCLKE1126P80.00	ARCLK_11/2026_AVRUPA_OPSIYON	D_EQ	SSO	D_EQ_EPP	DE_ARCLK_EPP	ARCLK.E	30/11/2026	2.77	2.57	7.78	0	0	0	0	0	0	0	0	0	0	0					
07/10/2026	O_ARCLKE1126P82.00	ARCLK_11/2026_AVRUPA_OPSIYON	D_EQ	SSO	D_EQ_EPP	DE_ARCLK_EPP	ARCLK.E	30/11/2026	3.55	3.3	7.58	0	0	0	0	0	0	0	0	0	10	0					
07/10/2026	O_ARCLKE1126P84.00	ARCLK_11/2026_AVRUPA_OPSIYON	D_EQ	SSO	D_EQ_EPP	DE_ARCLK_EPP	ARCLK.E	30/11/2026	4.44	4.14	7.25	0	0	0	0	0	0	0	0	0	5	0					
07/10/2026	O_ARCLKE1126P86.00	ARCLK_11/2026_AVRUPA_OPSIYON	D_EQ	SSO	D_EQ_EPP	DE_ARCLK_EPP	ARCLK.E	30/11/2026	5.46	5.12	6.64	6.12	6.12	6.12	6.12	6.12	25800	1836	3	1	0	-3					
07/10/2026	O_ARCLKE1126P88.00	ARCLK_11/2026_AVRUPA_OPSIYON	D_EQ	SSO	D_EQ_EPP	DE_ARCLK_EPP	ARCLK.E	30/11/2026	6.6	6.2	6.45	0	0	0	0	0	0	0	0	0	0	0					
07/10/2026	O_ARCLKE1126P90.00	ARCLK_11/2026_AVRUPA_OPSIYON	D_EQ	SSO	D_EQ_EPP	DE_ARCLK_EPP	ARCLK.E	30/11/2026	7.87	7.41	6.21	0	0	0	0	0	0	0	0	0	0	0					
07/10/2026	O_ARCLKE1126P92.00	ARCLK_11/2026_AVRUPA_OPSIYON	D_EQ	SSO	D_EQ_EPP	DE_ARCLK_EPP	ARCLK.E	30/11/2026	9.23	8.73	5.73	0	0	0	0	0	0	0	0	0	0	0					
07/10/2026	O_ARCLKE1126P94.00	ARCLK_11/2026_AVRUPA_OPSIYON	D_EQ	SSO	D_EQ_EPP	DE_ARCLK_EPP	ARCLK.E	30/11/2026	10.67	10.13	5.33	0	0	0	0	0	0	0	0	0	0	0					
07/10/2026	O_ARCLKE1126P96.00	ARCLK_11/2026_AVRUPA_OPSIYON	D_EQ	SSO	D_EQ_EPP	DE_ARCLK_EPP	ARCLK.E	30/11/2026	12.19	11.61	5	0	0	0	0	0	0	0	0	0	0	0					
07/10/2026	O_ARCLKE1126P98.00	ARCLK_11/2026_AVRUPA_OPSIYON	D_EQ	SSO	D_EQ_EPP	DE_ARCLK_EPP	ARCLK.E	30/11/2026	13.78	13.17	4.63	0	0	0	0	0	0	0	0	0	0	0					
07/10/2026	O_ARCLKE1226C100.00	ARCLK_12/2026_AVRUPA_OPSIYON	D_EQ	SSO	D_EQ_ECP	DE_ARCLK_ECP	ARCLK.E	31/12/2026	2.8	3.07	-8.79	0	0	0	0	0	0	0	0	0	0	0					
07/10/2026	O_ARCLKE1226C86.00	ARCLK_12/2026_AVRUPA_OPSIYON	D_EQ	SSO	D_EQ_ECP	DE_ARCLK_ECP	ARCLK.E	31/12/2026	7.44	7.97	-6.65	0	0	0	0	0	0	0	0	0	0	0					
07/10/2026	O_ARCLKE1226C88.00	ARCLK_12/2026_AVRUPA_OPSIYON	D_EQ	SSO	D_EQ_ECP	DE_ARCLK_ECP	ARCLK.E	31/12/2026	6.52	7.01	-6.99	0	0	0	0	0	0	0	0	0	0	0					
07/10/2026	O_ARCLKE1226C90.00	ARCLK_12/2026_AVRUPA_OPSIYON	D_EQ	SSO	D_EQ_ECP	DE_ARCLK_ECP	ARCLK.E	31/12/2026	5.69	6.14	-7.33	0	0	0	0	0	0	0	0	0	0	0					
07/10/2026	O_ARCLKE1226C92.00	ARCLK_12/2026_AVRUPA_OPSIYON	D_EQ	SSO	D_EQ_ECP	DE_ARCLK_ECP	ARCLK.E	31/12/2026	4.97	5.37	-7.45	0	0	0	0	0	0	0	0	0	0	0					
07/10/2026	O_ARCLKE1226C94.00	ARCLK_12/2026_AVRUPA_OPSIYON	D_EQ	SSO	D_EQ_ECP	DE_ARCLK_ECP	ARCLK.E	31/12/2026	4.32	4.69	-7.89	0	0	0	0	0	0	0	0	0	0	0					
07/10/2026	O_ARCLKE1226C96.00	ARCLK_12/2026_AVRUPA_OPSIYON	D_EQ	SSO	D_EQ_ECP	DE_ARCLK_ECP	ARCLK.E	31/12/2026	3.75	4.08	-8.09	0	0	0	0	0	0	0	0	0	0	0					
07/10/2026	O_ARCLKE1226C98.00	ARCLK_12/2026_AVRUPA_OPSIYON	D_EQ	SSO	D_EQ_ECP	DE_ARCLK_ECP	ARCLK.E	31/12/2026	3.24	3.55	-8.73	0	0	0	0	0	0	0	0	0	0	0					
07/10/2026	O_ARCLKE1226P76.00	ARCLK_12/2026_AVRUPA_OPSIYON	D_EQ	SSO	D_EQ_EPP	DE_ARCLK_EPP	ARCLK.E	31/12/2026	1.6	1.49	7.38	0	0	0	0	0	0	0	0	0	0	0					
07/10/2026	O_ARCLKE1226P78.00	ARCLK_12/2026_AVRUPA_OPSIYON	D_EQ	SSO	D_EQ_EPP	DE_ARCLK_EPP	ARCLK.E	31/12/2026	2.03	1.9	6.84	0	0	0	0	0	0	0	0	0	0	0					
07/10/2026	O_ARCLKE1226P80.00	ARCLK_12/2026_AVRUPA_OPSIYON	D_EQ	SSO	D_EQ_EPP	DE_ARCLK_EPP	ARCLK.E	31/12/2026	2.54	2.38	6.72	0	0	0	0	0	0	0	0	0	0	0					
07/10/2026	O_ARCLKE1226P82.00	ARCLK_12/2026_AVRUPA_OPSIYON	D_EQ	SSO	D_EQ_EPP	DE_ARCLK_EPP	ARCLK.E	31/12/2026	3.13	2.93	6.83	0	0	0	0	0	0	0	0	0	0	0					
07/10/2026	O_ARCLKE1226P84.00	ARCLK_12/2026_AVRUPA_OPSIYON	D_EQ	SSO	D_EQ_EPP	DE_ARCLK_EPP	ARCLK.E	31/12/2026	3.82	3.59	6.41	0	0	0	0	0	0	0	0	0	0	0					
07/10/2026	O_ARCLKE1226P86.00	ARCLK_12/2026_AVRUPA_OPSIYON	D_EQ	SSO	D_EQ_EPP	DE_ARCLK_EPP	ARCLK.E	31/12/2026	4.6	4.33	6.24	0	0	0	0	0	0	0	0	0	0	0					
07/10/2026	O_ARCLKE1226P88.00	ARCLK_12/2026_AVRUPA_OPSIYON	D_EQ	SSO	D_EQ_EPP	DE_ARCLK_EPP	ARCLK.E	31/12/2026	5.48	5.17	6	0	0	0	0	0	0	0	0	0	0	0					
07/10/2026	O_ARCLKE1226P90.00	ARCLK_12/2026_AVRUPA_OPSIYON	D_EQ	SSO	D_EQ_EPP	DE_ARCLK_EPP	ARCLK.E	31/12/2026	6.45	6.1	5.74	0	0	0	0	0	0	0	0	0	0	0					
07/10/2026	O_ASELSE1026C340.00	ASELS_10/2026_AVRUPA_OPSIYON	D_EQ	SSO	D_EQ_ECP	DE_ASELS_ECP	ASELS.E	30/10/2026	24.01	46.16	-47.99	0	0	0	0	0	0	0	0	0	32	0					
07/10/2026	O_ASELSE1026C350.00	ASELS_10/2026_AVRUPA_OPSIYON	D_EQ	SSO	D_EQ_ECP	DE_ASELS_ECP	ASELS.E	30/10/2026	17.78	37.8	-52.96	0	0	0	0	0	0	0	0	0	50	0					
07/10/2026	O_ASELSE1026C360.00	ASELS_10/2026_AVRUPA_OPSIYON	D_EQ	SSO	D_EQ_ECP	DE_ASELS_ECP	ASELS.E	30/10/2026	12.56	30.06	-58.22	0	0	0	0	0	0	0	0	0	460	0					
07/10/2026	O_ASELSE1026C370.00	ASELS_10/2026_AVRUPA_OPSIYON	D_EQ	SSO	D_EQ_ECP	DE_ASELS_ECP	ASELS.E	30/10/2026	8.57	23.35	-63.3	9.1	9.1	9.1	9.1	9.1	1221000	30030	33	4	502	-33					
07/10/2026	O_ASELSE1026C380.00	ASELS_10/2026_AVRUPA_OPSIYON	D_EQ	SSO	D_EQ_ECP	DE_ASELS_ECP	ASELS.E	30/10/2026	5.65	17.61	-67.92	14.7	6.4	14.7	6.4	10.41	5358000	146800	141	8	202	27					
07/10/2026	O_ASELSE1026C390.00	ASELS_10/2026_AVRUPA_OPSIYON	D_EQ	SSO	D_EQ_ECP	DE_ASELS_ECP	ASELS.E	30/10/2026	3.64	12.99	-71.98	5.69	5.65	5.71	5.71	5.69	3120000	45480	80	8	294	80					
07/10/2026	O_ASELSE1026C400.00	ASELS_10/2026_AVRUPA_OPSIYON	D_EQ	SSO	D_EQ_ECP	DE_ASELS_ECP	ASELS.E	30/10/2026	2.29	9.4	-75.64	8.2	3.5	8.2	3.5	5.37	3800000	51040	95	6	960	0					
07/10/2026	O_ASELSE1026C410.00	ASELS_10/2026_AVRUPA_OPSIYON	D_EQ	SSO	D_EQ_ECP	DE_ASELS_ECP	ASELS.E	30/10/2026	1.48	6.83	-78.33	2.87	2.5	2.89	2.5	2.76	34604000	232683	844	49	2250	-108					
07/10/2026	O_ASELSE1026C420.00	ASELS_10/2026_AVRUPA_OPSIYON	D_EQ	SSO	D_EQ_ECP	DE_ASELS_ECP	ASELS.E	30/10/2026	0.97	4.93	-80.32	0	0	0	0	0	0	0	0	0	210	0					
07/10/2026	O_ASELSE1026C430.00	ASELS_10/2026_AVRUPA_OPSIYON	D_EQ	SSO	D_EQ_ECP	DE_ASELS_ECP	ASELS.E	30/10/2026	0.64	3.53	-81.87	0	0	0	0	0	0	0	0	0	133	0					
07/10/2026	O_ASELSE1026C440.00	ASELS_10/2026_AVRUPA_OPSIYON	D_EQ	SSO	D_EQ_ECP	DE_ASELS_ECP	ASELS.E	30/10/2026	0.42	2.53	-83.4	0.5	0.5	0.5	0.5	0.5	1584000	1800	36	2	806	36					
07/10/2026	O_ASELSE1026C450.00	ASELS_10/2026_AVRUPA_OPSIYON	D_EQ	SSO	D_EQ_ECP	DE_ASELS_ECP	ASELS.E	30/10/2026	0.28	1.81	-84.53	0	0	0	0	0	0	0	0	0	20	0					
07/10/2026	O_ASELSE1026C460.00	ASELS_10/2026_AVRUPA_OPSIYON	D_EQ	SSO	D_EQ_ECP	DE_ASELS_ECP	ASELS.E	30/10/2026	0.19	1.3	-85.38	0	0	0	0	0	0	0	0	0	0	0					
07/10/2026	O_ASELSE1026C470.00	ASELS_10/2026_AVRUPA_OPSIYON	D_EQ	SSO	D_EQ_ECP	DE_ASELS_ECP	ASELS.E	30/10/2026	0.13	0.93	-86.02	0	0	0	0	0	0	0	0	0	0	0					
07/10/2026	O_ASELSE1026C480.00	ASELS_10/2026_AVRUPA_OPSIYON	D_EQ	SSO	D_EQ_ECP	DE_ASELS_ECP	ASELS.E	30/10/2026	0.09	0.67	-86.57	0	0	0	0	0	0	0	0	0	10	0					
07/10/2026	O_ASELSE1026C490.00	ASELS_10/2026_AVRUPA_OPSIYON	D_EQ	SSO	D_EQ_ECP	DE_ASELS_ECP	ASELS.E	30/10/2026	0.06	0.49	-87.76	0	0	0	0	0	0	0	0	0	46	0					
07/10/2026	O_ASELSE1026P290.00	ASELS_10/2026_AVRUPA_OPSIYON	D_EQ	SSO	D_EQ_EPP	DE_ASELS_EPP	ASELS.E	30/10/2026	0.55	0.11	400	0	0	0	0	0	0	0	0	0	0	0					
07/10/2026	O_ASELSE1026P300.00	ASELS_10/2026_AVRUPA_OPSIYON	D_EQ	SSO	D_EQ_EPP	DE_ASELS_EPP	ASELS.E	30/10/2026	1.02	0.22	363.64	0	0	0	0	0	0	0	0	0	0	0					
07/10/2026	O_ASELSE1026P310.00	ASELS_10/2026_AVRUPA_OPSIYON	D_EQ	SSO	D_EQ_EPP	DE_ASELS_EPP	ASELS.E	30/10/2026	1.8	0.42	328.57	0	0	0	0	0	0	0	0	0	0	0					
07/10/2026	O_ASELSE1026P320.00	ASELS_10/2026_AVRUPA_OPSIYON	D_EQ	SSO	D_EQ_EPP	DE_ASELS_EPP	ASELS.E	30/10/2026	3.03	0.77	293.51	0	0	0	0	0	0	0	0	0	43	0					
07/10/2026	O_ASELSE1026P330.00	ASELS_10/2026_AVRUPA_OPSIYON	D_EQ	SSO	D_EQ_EPP	DE_ASELS_EPP	ASELS.E	30/10/2026	4.86	1.35	260	0	0	0	0	0	0	0	0	0	240	0					
07/10/2026	O_ASELSE1026P340.00	ASELS_10/2026_AVRUPA_OPSIYON	D_EQ	SSO	D_EQ_EPP	DE_ASELS_EPP	ASELS.E	30/10/2026	7.47	2.27	229.07	3.8	3.8	8.1	8.1	4.7	13804000	190790	406	26	712	400					
07/10/2026	O_ASELSE1026P350.00	ASELS_10/2026_AVRUPA_OPSIYON	D_EQ	SSO	D_EQ_EPP	DE_ASELS_EPP	ASELS.E	30/10/2026	11	3.66	200.55	6.31	5.49	8.11	8.11	6.27	14980000	268272	428	13	738	428					
07/10/2026	O_ASELSE1026P360.00	ASELS_10/2026_AVRUPA_OPSIYON	D_EQ	SSO	D_EQ_EPP	DE_ASELS_EPP	ASELS.E	30/10/2026	15.55	5.67	174.25	8	8	17.3	17.3	12.65	720000	25300	20	2	100	-4					
07/10/2026	O_ASELSE1026P370.00	ASELS_10/2026_AVRUPA_OPSIYON	D_EQ	SSO	D_EQ_EPP	DE_ASELS_EPP	ASELS.E	30/10/2026	21.31	8.72	144.38	11.6	11.6	23.6	23.47	19.58	2220000	117470	60	6	202	2					
07/10/2026	O_ASELSE1026P380.00	ASELS_10/2026_AVRUPA_OPSIYON	D_EQ	SSO	D_EQ_EPP	DE_ASELS_EPP	ASELS.E	30/10/2026	28.11	12.74	120.64	24.59	24.59	30.8	30.5	28.11	3154000	233330	83	9	25	-13					
07/10/2026	O_ASELSE1026P390.00	ASELS_10/2026_AVRUPA_OPSIYON	D_EQ	SSO	D_EQ_EPP	DE_ASELS_EPP	ASELS.E	30/10/2026	35.91	17.87	100.95	38.5	38.5	38.5	38.5	38.5	1287000	127050	33	4	8	-17					
07/10/2026	O_ASELSE1026P400.00	ASELS_10/2026_AVRUPA_OPSIYON	D_EQ	SSO	D_EQ_EPP	DE_ASELS_EPP	ASELS.E	30/10/2026	44.32	24.03	84.44	28.4	27.9	46.9	46.9	39.82	2120000	211070	53	6	79	-33					
07/10/2026	O_ASELSE1026P410.00	ASELS_10/2026_AVRUPA_OPSIYON	D_EQ	SSO	D_EQ_EPP	DE_ASELS_EPP	ASELS.E	30/10/2026	53.28	31.22	70.66	55.8	55.8	55.8	55.8	55.8	1353000	184140	33	4	128	33					
07/10/2026	O_ASELSE1026P420.00	ASELS_10/2026_AVRUPA_OPSIYON	D_EQ	SSO	D_EQ_EPP	DE_ASELS_EPP	ASELS.E	30/10/2026	62.53	39.06	60.09	0	0	0	0	0	0	0	0	0	10	0					
07/10/2026	O_ASELSE1026P430.00	ASELS_10/2026_AVRUPA_OPSIYON	D_EQ	SSO	D_EQ_EPP	DE_ASELS_EPP	ASELS.E	30/10/2026	71.96	47.42	51.75	0	0	0	0	0	0	0	0	0	40	0					
07/10/2026	O_ASELSE1026P440.00	ASELS_10/2026_AVRUPA_OPSIYON	D_EQ	SSO	D_EQ_EPP	DE_ASELS_EPP	ASELS.E	30/10/2026	81.51	56.17	45.11	0	0	0	0	0	0	0	0	0	103	0					
07/10/2026	O_ASELSE1126C350.00	ASELS_11/2026_AVRUPA_OPSIYON	D_EQ	SSO	D_EQ_ECP	DE_ASELS_ECP	ASELS.E	30/11/2026	31.65	51.97	-39.1	0	0	0	0	0	0	0	0	0	10	0					
07/10/2026	O_ASELSE1126C360.00	ASELS_11/2026_AVRUPA_OPSIYON	D_EQ	SSO	D_EQ_ECP	DE_ASELS_ECP	ASELS.E	30/11/2026	25.87	44.64	-42.05	0	0	0	0	0	0	0	0	0	0	0					
07/10/2026	O_ASELSE1126C370.00	ASELS_11/2026_AVRUPA_OPSIYON	D_EQ	SSO	D_EQ_ECP	DE_ASELS_ECP	ASELS.E	30/11/2026	20.72	37.83	-45.23	0	0	0	0	0	0	0	0	0	30	0					
07/10/2026	O_ASELSE1126C380.00	ASELS_11/2026_AVRUPA_OPSIYON	D_EQ	SSO	D_EQ_ECP	DE_ASELS_ECP	ASELS.E	30/11/2026	16.48	31.88	-48.31	0	0	0	0	0	0	0	0	0	28	0					
07/10/2026	O_ASELSE1126C390.00	ASELS_11/2026_AVRUPA_OPSIYON	D_EQ	SSO	D_EQ_ECP	DE_ASELS_ECP	ASELS.E	30/11/2026	12.99	26.58	-51.13	0	0	0	0	0	0	0	0	0	68	0					
07/10/2026	O_ASELSE1126C400.00	ASELS_11/2026_AVRUPA_OPSIYON	D_EQ	SSO	D_EQ_ECP	DE_ASELS_ECP	ASELS.E	30/11/2026	10.22	22.07	-53.69	0	0	0	0	0	0	0	0	0	58	0					
07/10/2026	O_ASELSE1126C410.00	ASELS_11/2026_AVRUPA_OPSIYON	D_EQ	SSO	D_EQ_ECP	DE_ASELS_ECP	ASELS.E	30/11/2026	7.99	18.26	-56.24	0	0	0	0	0	0	0	0	0	0	0					
07/10/2026	O_ASELSE1126C420.00	ASELS_11/2026_AVRUPA_OPSIYON	D_EQ	SSO	D_EQ_ECP	DE_ASELS_ECP	ASELS.E	30/11/2026	6.42	15.32	-58.09	0	0	0	0	0	0	0	0	0	0	0					
07/10/2026	O_ASELSE1126C430.00	ASELS_11/2026_AVRUPA_OPSIYON	D_EQ	SSO	D_EQ_ECP	DE_ASELS_ECP	ASELS.E	30/11/2026	5.23	12.85	-59.3	0	0	0	0	0	0	0	0	0	0	0					
07/10/2026	O_ASELSE1126C440.00	ASELS_11/2026_AVRUPA_OPSIYON	D_EQ	SSO	D_EQ_ECP	DE_ASELS_ECP	ASELS.E	30/11/2026	4.28	10.8	-60.37	0	0	0	0	0	0	0	0	0	0	0					
07/10/2026	O_ASELSE1126C450.00	ASELS_11/2026_AVRUPA_OPSIYON	D_EQ	SSO	D_EQ_ECP	DE_ASELS_ECP	ASELS.E	30/11/2026	3.52	9.09	-61.28	0	0	0	0	0	0	0	0	0	0	0					
07/10/2026	O_ASELSE1126C460.00	ASELS_11/2026_AVRUPA_OPSIYON	D_EQ	SSO	D_EQ_ECP	DE_ASELS_ECP	ASELS.E	30/11/2026	2.91	7.68	-62.11	0	0	0	0	0	0	0	0	0	0	0					
07/10/2026	O_ASELSE1126C470.00	ASELS_11/2026_AVRUPA_OPSIYON	D_EQ	SSO	D_EQ_ECP	DE_ASELS_ECP	ASELS.E	30/11/2026	2.42	6.5	-62.77	0	0	0	0	0	0	0	0	0	0	0					
07/10/2026	O_ASELSE1126C480.00	ASELS_11/2026_AVRUPA_OPSIYON	D_EQ	SSO	D_EQ_ECP	DE_ASELS_ECP	ASELS.E	30/11/2026	2.03	5.53	-63.29	0	0	0	0	0	0	0	0	0	0	0					
07/10/2026	O_ASELSE1126C490.00	ASELS_11/2026_AVRUPA_OPSIYON	D_EQ	SSO	D_EQ_ECP	DE_ASELS_ECP	ASELS.E	30/11/2026	1.71	4.72	-63.77	0	0	0	0	0	0	0	0	0	0	0					
07/10/2026	O_ASELSE1126P300.00	ASELS_11/2026_AVRUPA_OPSIYON	D_EQ	SSO	D_EQ_EPP	DE_ASELS_EPP	ASELS.E	30/11/2026	3.39	1.47	130.61	0	0	0	0	0	0	0	0	0	5	0					
07/10/2026	O_ASELSE1126P310.00	ASELS_11/2026_AVRUPA_OPSIYON	D_EQ	SSO	D_EQ_EPP	DE_ASELS_EPP	ASELS.E	30/11/2026	4.67	2.08	124.52	0	0	0	0	0	0	0	0	0	10	0					
07/10/2026	O_ASELSE1126P320.00	ASELS_11/2026_AVRUPA_OPSIYON	D_EQ	SSO	D_EQ_EPP	DE_ASELS_EPP	ASELS.E	30/11/2026	6.31	2.89	118.34	6.1	6	6.1	6	6.09	1088000	20700	34	3	37	34					
07/10/2026	O_ASELSE1126P330.00	ASELS_11/2026_AVRUPA_OPSIYON	D_EQ	SSO	D_EQ_EPP	DE_ASELS_EPP	ASELS.E	30/11/2026	8.38	3.94	112.69	0	0	0	0	0	0	0	0	0	0	0					
07/10/2026	O_ASELSE1126P340.00	ASELS_11/2026_AVRUPA_OPSIYON	D_EQ	SSO	D_EQ_EPP	DE_ASELS_EPP	ASELS.E	30/11/2026	10.93	5.29	106.62	0	0	0	0	0	0	0	0	0	0	0					
07/10/2026	O_ASELSE1126P350.00	ASELS_11/2026_AVRUPA_OPSIYON	D_EQ	SSO	D_EQ_EPP	DE_ASELS_EPP	ASELS.E	30/11/2026	14.01	6.99	100.43	0	0	0	0	0	0	0	0	0	0	0					
07/10/2026	O_ASELSE1126P360.00	ASELS_11/2026_AVRUPA_OPSIYON	D_EQ	SSO	D_EQ_EPP	DE_ASELS_EPP	ASELS.E	30/11/2026	17.69	9.1	94.4	0	0	0	0	0	0	0	0	0	0	0					
07/10/2026	O_ASELSE1126P370.00	ASELS_11/2026_AVRUPA_OPSIYON	D_EQ	SSO	D_EQ_EPP	DE_ASELS_EPP	ASELS.E	30/11/2026	21.99	11.74	87.31	0	0	0	0	0	0	0	0	0	0	0					
07/10/2026	O_ASELSE1126P380.00	ASELS_11/2026_AVRUPA_OPSIYON	D_EQ	SSO	D_EQ_EPP	DE_ASELS_EPP	ASELS.E	30/11/2026	27.2	15.23	78.59	0	0	0	0	0	0	0	0	0	0	0					
07/10/2026	O_ASELSE1126P390.00	ASELS_11/2026_AVRUPA_OPSIYON	D_EQ	SSO	D_EQ_EPP	DE_ASELS_EPP	ASELS.E	30/11/2026	33.17	19.37	71.24	0	0	0	0	0	0	0	0	0	28	0					
07/10/2026	O_ASELSE1126P400.00	ASELS_11/2026_AVRUPA_OPSIYON	D_EQ	SSO	D_EQ_EPP	DE_ASELS_EPP	ASELS.E	30/11/2026	39.85	24.3	63.99	0	0	0	0	0	0	0	0	0	0	0					
07/10/2026	O_ASELSE1126P410.00	ASELS_11/2026_AVRUPA_OPSIYON	D_EQ	SSO	D_EQ_EPP	DE_ASELS_EPP	ASELS.E	30/11/2026	47.08	29.95	57.2	0	0	0	0	0	0	0	0	0	10	0					
07/10/2026	O_ASELSE1126P420.00	ASELS_11/2026_AVRUPA_OPSIYON	D_EQ	SSO	D_EQ_EPP	DE_ASELS_EPP	ASELS.E	30/11/2026	54.96	36.44	50.82	0	0	0	0	0	0	0	0	0	38	0					
07/10/2026	O_ASELSE1126P430.00	ASELS_11/2026_AVRUPA_OPSIYON	D_EQ	SSO	D_EQ_EPP	DE_ASELS_EPP	ASELS.E	30/11/2026	63.22	43.42	45.6	0	0	0	0	0	0	0	0	0	49	0					
07/10/2026	O_ASELSE1126P440.00	ASELS_11/2026_AVRUPA_OPSIYON	D_EQ	SSO	D_EQ_EPP	DE_ASELS_EPP	ASELS.E	30/11/2026	71.72	50.81	41.15	0	0	0	0	0	0	0	0	0	28	0					
07/10/2026	O_ASELSE1226C350.00	ASELS_12/2026_AVRUPA_OPSIYON	D_EQ	SSO	D_EQ_ECP	DE_ASELS_ECP	ASELS.E	31/12/2026	47.39	69.1	-31.42	0	0	0	0	0	0	0	0	0	0	0					
07/10/2026	O_ASELSE1226C360.00	ASELS_12/2026_AVRUPA_OPSIYON	D_EQ	SSO	D_EQ_ECP	DE_ASELS_ECP	ASELS.E	31/12/2026	41.21	61.86	-33.38	0	0	0	0	0	0	0	0	0	0	0					
07/10/2026	O_ASELSE1226C370.00	ASELS_12/2026_AVRUPA_OPSIYON	D_EQ	SSO	D_EQ_ECP	DE_ASELS_ECP	ASELS.E	31/12/2026	35.44	54.93	-35.48	0	0	0	0	0	0	0	0	0	0	0					
07/10/2026	O_ASELSE1226C380.00	ASELS_12/2026_AVRUPA_OPSIYON	D_EQ	SSO	D_EQ_ECP	DE_ASELS_ECP	ASELS.E	31/12/2026	30.1	48.38	-37.78	0	0	0	0	0	0	0	0	0	0	0					
07/10/2026	O_ASELSE1226C390.00	ASELS_12/2026_AVRUPA_OPSIYON	D_EQ	SSO	D_EQ_ECP	DE_ASELS_ECP	ASELS.E	31/12/2026	25.58	42.6	-39.95	0	0	0	0	0	0	0	0	0	0	0					
07/10/2026	O_ASELSE1226C400.00	ASELS_12/2026_AVRUPA_OPSIYON	D_EQ	SSO	D_EQ_ECP	DE_ASELS_ECP	ASELS.E	31/12/2026	21.65	37.29	-41.94	0	0	0	0	0	0	0	0	0	0	0					
07/10/2026	O_ASELSE1226C410.00	ASELS_12/2026_AVRUPA_OPSIYON	D_EQ	SSO	D_EQ_ECP	DE_ASELS_ECP	ASELS.E	31/12/2026	18.35	32.64	-43.78	0	0	0	0	0	0	0	0	0	0	0					
07/10/2026	O_ASELSE1226C420.00	ASELS_12/2026_AVRUPA_OPSIYON	D_EQ	SSO	D_EQ_ECP	DE_ASELS_ECP	ASELS.E	31/12/2026	15.53	28.52	-45.55	0	0	0	0	0	0	0	0	0	0	0					
07/10/2026	O_ASELSE1226C430.00	ASELS_12/2026_AVRUPA_OPSIYON	D_EQ	SSO	D_EQ_ECP	DE_ASELS_ECP	ASELS.E	31/12/2026	13.4	25.27	-46.97	14.62	14.62	14.62	14.62	14.62	3096000	105264	72	1	72	72					
07/10/2026	O_ASELSE1226C440.00	ASELS_12/2026_AVRUPA_OPSIYON	D_EQ	SSO	D_EQ_ECP	DE_ASELS_ECP	ASELS.E	31/12/2026	11.7	22.42	-47.81	0	0	0	0	0	0	0	0	0	0	0					
07/10/2026	O_ASELSE1226C450.00	ASELS_12/2026_AVRUPA_OPSIYON	D_EQ	SSO	D_EQ_ECP	DE_ASELS_ECP	ASELS.E	31/12/2026	10.25	19.92	-48.54	0	0	0	0	0	0	0	0	0	0	0					
07/10/2026	O_ASELSE1226C460.00	ASELS_12/2026_AVRUPA_OPSIYON	D_EQ	SSO	D_EQ_ECP	DE_ASELS_ECP	ASELS.E	31/12/2026	9.02	17.75	-49.18	0	0	0	0	0	0	0	0	0	0	0					
07/10/2026	O_ASELSE1226C470.00	ASELS_12/2026_AVRUPA_OPSIYON	D_EQ	SSO	D_EQ_ECP	DE_ASELS_ECP	ASELS.E	31/12/2026	5.52		0	0	0	0	0	0	0	0	0	0	0	0					
07/10/2026	O_ASELSE1226P300.00	ASELS_12/2026_AVRUPA_OPSIYON	D_EQ	SSO	D_EQ_EPP	DE_ASELS_EPP	ASELS.E	31/12/2026	4.4	2.37	85.65	0	0	0	0	0	0	0	0	0	0	0					
07/10/2026	O_ASELSE1226P310.00	ASELS_12/2026_AVRUPA_OPSIYON	D_EQ	SSO	D_EQ_EPP	DE_ASELS_EPP	ASELS.E	31/12/2026	5.62	3.06	83.66	0	0	0	0	0	0	0	0	0	0	0					
07/10/2026	O_ASELSE1226P320.00	ASELS_12/2026_AVRUPA_OPSIYON	D_EQ	SSO	D_EQ_EPP	DE_ASELS_EPP	ASELS.E	31/12/2026	7.09	3.91	81.33	0	0	0	0	0	0	0	0	0	0	0					
07/10/2026	O_ASELSE1226P330.00	ASELS_12/2026_AVRUPA_OPSIYON	D_EQ	SSO	D_EQ_EPP	DE_ASELS_EPP	ASELS.E	31/12/2026	8.84	4.94	78.95	0	0	0	0	0	0	0	0	0	0	0					
07/10/2026	O_ASELSE1226P340.00	ASELS_12/2026_AVRUPA_OPSIYON	D_EQ	SSO	D_EQ_EPP	DE_ASELS_EPP	ASELS.E	31/12/2026	10.91	6.17	76.82	0	0	0	0	0	0	0	0	0	0	0					
07/10/2026	O_ASELSE1226P350.00	ASELS_12/2026_AVRUPA_OPSIYON	D_EQ	SSO	D_EQ_EPP	DE_ASELS_EPP	ASELS.E	31/12/2026	13.34	7.65	74.38	0	0	0	0	0	0	0	0	0	0	0					
07/10/2026	O_ASELSE1226P360.00	ASELS_12/2026_AVRUPA_OPSIYON	D_EQ	SSO	D_EQ_EPP	DE_ASELS_EPP	ASELS.E	31/12/2026	16.14	9.39	71.88	0	0	0	0	0	0	0	0	0	0	0					
07/10/2026	O_ASELSE1226P370.00	ASELS_12/2026_AVRUPA_OPSIYON	D_EQ	SSO	D_EQ_EPP	DE_ASELS_EPP	ASELS.E	31/12/2026	19.35	11.42	69.44	0	0	0	0	0	0	0	0	0	0	0					
07/10/2026	O_ASELSE1226P380.00	ASELS_12/2026_AVRUPA_OPSIYON	D_EQ	SSO	D_EQ_EPP	DE_ASELS_EPP	ASELS.E	31/12/2026	23	13.85	66.06	0	0	0	0	0	0	0	0	0	0	0					
07/10/2026	O_ASELSE1226P390.00	ASELS_12/2026_AVRUPA_OPSIYON	D_EQ	SSO	D_EQ_EPP	DE_ASELS_EPP	ASELS.E	31/12/2026	27.46	17.04	61.15	0	0	0	0	0	0	0	0	0	0	0					
07/10/2026	O_ASELSE1226P400.00	ASELS_12/2026_AVRUPA_OPSIYON	D_EQ	SSO	D_EQ_EPP	DE_ASELS_EPP	ASELS.E	31/12/2026	32.52	20.7	57.1	0	0	0	0	0	0	0	0	0	0	0					
07/10/2026	O_ASELSE1226P410.00	ASELS_12/2026_AVRUPA_OPSIYON	D_EQ	SSO	D_EQ_EPP	DE_ASELS_EPP	ASELS.E	31/12/2026	38.2	25.02	52.68	0	0	0	0	0	0	0	0	0	0	0					
07/10/2026	O_ASELSE1226P420.00	ASELS_12/2026_AVRUPA_OPSIYON	D_EQ	SSO	D_EQ_EPP	DE_ASELS_EPP	ASELS.E	31/12/2026	44.33		0	0	0	0	0	0	0	0	0	0	0	0					
07/10/2026	O_BIMASE1026C390.00	BIMAS_10/2026_AVRUPA_OPSIYON	D_EQ	SSO	D_EQ_ECP	DE_BIMAS_ECP	BIMAS.E	30/10/2026	21.22	33.09	-35.87	0	0	0	0	0	0	0	0	0	1	0					
07/10/2026	O_BIMASE1026C400.00	BIMAS_10/2026_AVRUPA_OPSIYON	D_EQ	SSO	D_EQ_ECP	DE_BIMAS_ECP	BIMAS.E	30/10/2026	15.47	25.75	-39.92	0	0	0	0	0	0	0	0	0	28	0					
07/10/2026	O_BIMASE1026C410.00	BIMAS_10/2026_AVRUPA_OPSIYON	D_EQ	SSO	D_EQ_ECP	DE_BIMAS_ECP	BIMAS.E	30/10/2026	10.93	19.48	-43.89	0	0	0	0	0	0	0	0	0	23	0					
07/10/2026	O_BIMASE1026C420.00	BIMAS_10/2026_AVRUPA_OPSIYON	D_EQ	SSO	D_EQ_ECP	DE_BIMAS_ECP	BIMAS.E	30/10/2026	7.46	14.26	-47.69	8	6.8	8	6.8	7.4	84000	1480	2	2	45	-1					
07/10/2026	O_BIMASE1026C430.00	BIMAS_10/2026_AVRUPA_OPSIYON	D_EQ	SSO	D_EQ_ECP	DE_BIMAS_ECP	BIMAS.E	30/10/2026	5.1	10.17	-49.85	0	0	0	0	0	0	0	0	0	43	0					
07/10/2026	O_BIMASE1026C440.00	BIMAS_10/2026_AVRUPA_OPSIYON	D_EQ	SSO	D_EQ_ECP	DE_BIMAS_ECP	BIMAS.E	30/10/2026	3.45	7.08	-51.27	0	0	0	0	0	0	0	0	0	250	0					
07/10/2026	O_BIMASE1026C450.00	BIMAS_10/2026_AVRUPA_OPSIYON	D_EQ	SSO	D_EQ_ECP	DE_BIMAS_ECP	BIMAS.E	30/10/2026	2.31	4.95	-53.33	0	0	0	0	0	0	0	0	0	308	0					
07/10/2026	O_BIMASE1026C460.00	BIMAS_10/2026_AVRUPA_OPSIYON	D_EQ	SSO	D_EQ_ECP	DE_BIMAS_ECP	BIMAS.E	30/10/2026	1.54	3.43	-55.1	0	0	0	0	0	0	0	0	0	30	0					
07/10/2026	O_BIMASE1026C470.00	BIMAS_10/2026_AVRUPA_OPSIYON	D_EQ	SSO	D_EQ_ECP	DE_BIMAS_ECP	BIMAS.E	30/10/2026	1.03	2.36	-56.36	0	0	0	0	0	0	0	0	0	20	0					
07/10/2026	O_BIMASE1026C480.00	BIMAS_10/2026_AVRUPA_OPSIYON	D_EQ	SSO	D_EQ_ECP	DE_BIMAS_ECP	BIMAS.E	30/10/2026	0.68	1.61	-57.76	0	0	0	0	0	0	0	0	0	20	0					
07/10/2026	O_BIMASE1026C490.00	BIMAS_10/2026_AVRUPA_OPSIYON	D_EQ	SSO	D_EQ_ECP	DE_BIMAS_ECP	BIMAS.E	30/10/2026	0.46	1.1	-58.18	0	0	0	0	0	0	0	0	0	20	0					
07/10/2026	O_BIMASE1026C500.00	BIMAS_10/2026_AVRUPA_OPSIYON	D_EQ	SSO	D_EQ_ECP	DE_BIMAS_ECP	BIMAS.E	30/10/2026	0.31	0.75	-58.67	0	0	0	0	0	0	0	0	0	44	0					
07/10/2026	O_BIMASE1026C520.00	BIMAS_10/2026_AVRUPA_OPSIYON	D_EQ	SSO	D_EQ_ECP	DE_BIMAS_ECP	BIMAS.E	30/10/2026	0.14	0.35	-60	0	0	0	0	0	0	0	0	0	0	0					
07/10/2026	O_BIMASE1026P340.00	BIMAS_10/2026_AVRUPA_OPSIYON	D_EQ	SSO	D_EQ_EPP	DE_BIMAS_EPP	BIMAS.E	30/10/2026	0.49	0.23	113.04	0	0	0	0	0	0	0	0	0	23	0					
07/10/2026	O_BIMASE1026P350.00	BIMAS_10/2026_AVRUPA_OPSIYON	D_EQ	SSO	D_EQ_EPP	DE_BIMAS_EPP	BIMAS.E	30/10/2026	0.93	0.46	102.17	0	0	0	0	0	0	0	0	0	69	0					
07/10/2026	O_BIMASE1026P360.00	BIMAS_10/2026_AVRUPA_OPSIYON	D_EQ	SSO	D_EQ_EPP	DE_BIMAS_EPP	BIMAS.E	30/10/2026	1.7	0.85	100	0	0	0	0	0	0	0	0	0	66	0					
07/10/2026	O_BIMASE1026P370.00	BIMAS_10/2026_AVRUPA_OPSIYON	D_EQ	SSO	D_EQ_EPP	DE_BIMAS_EPP	BIMAS.E	30/10/2026	2.93	1.52	92.76	0	0	0	0	0	0	0	0	0	378	0					
07/10/2026	O_BIMASE1026P380.00	BIMAS_10/2026_AVRUPA_OPSIYON	D_EQ	SSO	D_EQ_EPP	DE_BIMAS_EPP	BIMAS.E	30/10/2026	4.82	2.59	86.1	0	0	0	0	0	0	0	0	0	60	0					
07/10/2026	O_BIMASE1026P390.00	BIMAS_10/2026_AVRUPA_OPSIYON	D_EQ	SSO	D_EQ_EPP	DE_BIMAS_EPP	BIMAS.E	30/10/2026	7.74	4.21	83.85	0	0	0	0	0	0	0	0	0	134	0					
07/10/2026	O_BIMASE1026P400.00	BIMAS_10/2026_AVRUPA_OPSIYON	D_EQ	SSO	D_EQ_EPP	DE_BIMAS_EPP	BIMAS.E	30/10/2026	11.75	6.63	77.22	6.8	6.8	6.8	6.8	6.8	40000	680	1	1	130	0					
07/10/2026	O_BIMASE1026P410.00	BIMAS_10/2026_AVRUPA_OPSIYON	D_EQ	SSO	D_EQ_EPP	DE_BIMAS_EPP	BIMAS.E	30/10/2026	16.98	10.11	67.95	0	0	0	0	0	0	0	0	0	30	0					
07/10/2026	O_BIMASE1026P420.00	BIMAS_10/2026_AVRUPA_OPSIYON	D_EQ	SSO	D_EQ_EPP	DE_BIMAS_EPP	BIMAS.E	30/10/2026	23.28	14.65	58.91	0	0	0	0	0	0	0	0	0	97	0					
07/10/2026	O_BIMASE1026P430.00	BIMAS_10/2026_AVRUPA_OPSIYON	D_EQ	SSO	D_EQ_EPP	DE_BIMAS_EPP	BIMAS.E	30/10/2026	30.67	20.31	51.01	0	0	0	0	0	0	0	0	0	28	0					
07/10/2026	O_BIMASE1026P440.00	BIMAS_10/2026_AVRUPA_OPSIYON	D_EQ	SSO	D_EQ_EPP	DE_BIMAS_EPP	BIMAS.E	30/10/2026	38.79	26.97	43.83	0	0	0	0	0	0	0	0	0	7	0					
07/10/2026	O_BIMASE1026P450.00	BIMAS_10/2026_AVRUPA_OPSIYON	D_EQ	SSO	D_EQ_EPP	DE_BIMAS_EPP	BIMAS.E	30/10/2026	47.42	34.6	37.05	0	0	0	0	0	0	0	0	0	20	0					
07/10/2026	O_BIMASE1026P460.00	BIMAS_10/2026_AVRUPA_OPSIYON	D_EQ	SSO	D_EQ_EPP	DE_BIMAS_EPP	BIMAS.E	30/10/2026	56.41	42.83	31.71	0	0	0	0	0	0	0	0	0	78	0					
07/10/2026	O_BIMASE1126C420.00	BIMAS_11/2026_AVRUPA_OPSIYON	D_EQ	SSO	D_EQ_ECP	DE_BIMAS_ECP	BIMAS.E	30/11/2026	19.59	28.46	-31.17	0	0	0	0	0	0	0	0	0	10	0					
07/10/2026	O_BIMASE1126C430.00	BIMAS_11/2026_AVRUPA_OPSIYON	D_EQ	SSO	D_EQ_ECP	DE_BIMAS_ECP	BIMAS.E	30/11/2026	15.74	23.4	-32.74	0	0	0	0	0	0	0	0	0	0	0					
07/10/2026	O_BIMASE1126C440.00	BIMAS_11/2026_AVRUPA_OPSIYON	D_EQ	SSO	D_EQ_ECP	DE_BIMAS_ECP	BIMAS.E	30/11/2026	12.78	19.12	-33.16	0	0	0	0	0	0	0	0	0	9	0					
07/10/2026	O_BIMASE1126C450.00	BIMAS_11/2026_AVRUPA_OPSIYON	D_EQ	SSO	D_EQ_ECP	DE_BIMAS_ECP	BIMAS.E	30/11/2026	10.42	15.51	-32.82	0	0	0	0	0	0	0	0	0	0	0					
07/10/2026	O_BIMASE1126C460.00	BIMAS_11/2026_AVRUPA_OPSIYON	D_EQ	SSO	D_EQ_ECP	DE_BIMAS_ECP	BIMAS.E	30/11/2026	8.5	12.78	-33.49	0	0	0	0	0	0	0	0	0	0	0					
07/10/2026	O_BIMASE1126C470.00	BIMAS_11/2026_AVRUPA_OPSIYON	D_EQ	SSO	D_EQ_ECP	DE_BIMAS_ECP	BIMAS.E	30/11/2026	6.95	10.52	-33.94	0	0	0	0	0	0	0	0	0	0	0					
07/10/2026	O_BIMASE1126C480.00	BIMAS_11/2026_AVRUPA_OPSIYON	D_EQ	SSO	D_EQ_ECP	DE_BIMAS_ECP	BIMAS.E	30/11/2026	5.69	8.66	-34.3	0	0	0	0	0	0	0	0	0	0	0					
07/10/2026	O_BIMASE1126C490.00	BIMAS_11/2026_AVRUPA_OPSIYON	D_EQ	SSO	D_EQ_ECP	DE_BIMAS_ECP	BIMAS.E	30/11/2026	4.68	7.14	-34.45	0	0	0	0	0	0	0	0	0	0	0					
07/10/2026	O_BIMASE1126C500.00	BIMAS_11/2026_AVRUPA_OPSIYON	D_EQ	SSO	D_EQ_ECP	DE_BIMAS_ECP	BIMAS.E	30/11/2026	3.86	5.91	-34.69	0	0	0	0	0	0	0	0	0	0	0					
07/10/2026	O_BIMASE1126C520.00	BIMAS_11/2026_AVRUPA_OPSIYON	D_EQ	SSO	D_EQ_ECP	DE_BIMAS_ECP	BIMAS.E	30/11/2026	2.67	4.07	-34.4	0	0	0	0	0	0	0	0	0	0	0					
07/10/2026	O_BIMASE1126C540.00	BIMAS_11/2026_AVRUPA_OPSIYON	D_EQ	SSO	D_EQ_ECP	DE_BIMAS_ECP	BIMAS.E	30/11/2026	1.88	2.86	-34.27	0	0	0	0	0	0	0	0	0	0	0					
07/10/2026	O_BIMASE1126C560.00	BIMAS_11/2026_AVRUPA_OPSIYON	D_EQ	SSO	D_EQ_ECP	DE_BIMAS_ECP	BIMAS.E	30/11/2026	1.36	2.04	-33.33	0	0	0	0	0	0	0	0	0	0	0					
07/10/2026	O_BIMASE1126P370.00	BIMAS_11/2026_AVRUPA_OPSIYON	D_EQ	SSO	D_EQ_EPP	DE_BIMAS_EPP	BIMAS.E	30/11/2026	5.63	3.84	46.61	0	0	0	0	0	0	0	0	0	4	0					
07/10/2026	O_BIMASE1126P380.00	BIMAS_11/2026_AVRUPA_OPSIYON	D_EQ	SSO	D_EQ_EPP	DE_BIMAS_EPP	BIMAS.E	30/11/2026	7.6	5.24	45.04	0	0	0	0	0	0	0	0	0	0	0					
07/10/2026	O_BIMASE1126P390.00	BIMAS_11/2026_AVRUPA_OPSIYON	D_EQ	SSO	D_EQ_EPP	DE_BIMAS_EPP	BIMAS.E	30/11/2026	10.07	7.02	43.45	10	9.9	10	10	10	2730000	69990	70	6	50	50					
07/10/2026	O_BIMASE1126P400.00	BIMAS_11/2026_AVRUPA_OPSIYON	D_EQ	SSO	D_EQ_EPP	DE_BIMAS_EPP	BIMAS.E	30/11/2026	13.42	9.26	44.92	0	0	0	0	0	0	0	0	0	0	0					
07/10/2026	O_BIMASE1126P410.00	BIMAS_11/2026_AVRUPA_OPSIYON	D_EQ	SSO	D_EQ_EPP	DE_BIMAS_EPP	BIMAS.E	30/11/2026	17.48	12.15	43.87	0	0	0	0	0	0	0	0	0	0	0					
07/10/2026	O_BIMASE1126P420.00	BIMAS_11/2026_AVRUPA_OPSIYON	D_EQ	SSO	D_EQ_EPP	DE_BIMAS_EPP	BIMAS.E	30/11/2026	22.38	15.84	41.29	0	0	0	0	0	0	0	0	0	0	0					
07/10/2026	O_BIMASE1126P430.00	BIMAS_11/2026_AVRUPA_OPSIYON	D_EQ	SSO	D_EQ_EPP	DE_BIMAS_EPP	BIMAS.E	30/11/2026	27.98	20.22	38.38	0	0	0	0	0	0	0	0	0	11	0					
07/10/2026	O_BIMASE1126P440.00	BIMAS_11/2026_AVRUPA_OPSIYON	D_EQ	SSO	D_EQ_EPP	DE_BIMAS_EPP	BIMAS.E	30/11/2026	34.48	25.39	35.8	0	0	0	0	0	0	0	0	0	10	0					
07/10/2026	O_BIMASE1126P450.00	BIMAS_11/2026_AVRUPA_OPSIYON	D_EQ	SSO	D_EQ_EPP	DE_BIMAS_EPP	BIMAS.E	30/11/2026	41.57	31.22	33.15	0	0	0	0	0	0	0	0	0	13	0					
07/10/2026	O_BIMASE1126P460.00	BIMAS_11/2026_AVRUPA_OPSIYON	D_EQ	SSO	D_EQ_EPP	DE_BIMAS_EPP	BIMAS.E	30/11/2026	49.11	37.93	29.48	0	0	0	0	0	0	0	0	0	33	0					
07/10/2026	O_BIMASE1126P470.00	BIMAS_11/2026_AVRUPA_OPSIYON	D_EQ	SSO	D_EQ_EPP	DE_BIMAS_EPP	BIMAS.E	30/11/2026	57.01	45.11	26.38	0	0	0	0	0	0	0	0	0	20	0					
07/10/2026	O_BIMASE1126P480.00	BIMAS_11/2026_AVRUPA_OPSIYON	D_EQ	SSO	D_EQ_EPP	DE_BIMAS_EPP	BIMAS.E	30/11/2026	65.2	52.7	23.72	0	0	0	0	0	0	0	0	0	0	0					
07/10/2026	O_BIMASE1226C430.00	BIMAS_12/2026_AVRUPA_OPSIYON	D_EQ	SSO	D_EQ_ECP	DE_BIMAS_ECP	BIMAS.E	31/12/2026	30.08	39.92	-24.65	0	0	0	0	0	0	0	0	0	0	0					
07/10/2026	O_BIMASE1226C440.00	BIMAS_12/2026_AVRUPA_OPSIYON	D_EQ	SSO	D_EQ_ECP	DE_BIMAS_ECP	BIMAS.E	31/12/2026	25.81	34.67	-25.56	0	0	0	0	0	0	0	0	0	0	0					
07/10/2026	O_BIMASE1226C450.00	BIMAS_12/2026_AVRUPA_OPSIYON	D_EQ	SSO	D_EQ_ECP	DE_BIMAS_ECP	BIMAS.E	31/12/2026	22.35	30.06	-25.65	0	0	0	0	0	0	0	0	0	0	0					
07/10/2026	O_BIMASE1226C460.00	BIMAS_12/2026_AVRUPA_OPSIYON	D_EQ	SSO	D_EQ_ECP	DE_BIMAS_ECP	BIMAS.E	31/12/2026	19.47	25.93	-24.91	0	0	0	0	0	0	0	0	0	0	0					
07/10/2026	O_BIMASE1226C470.00	BIMAS_12/2026_AVRUPA_OPSIYON	D_EQ	SSO	D_EQ_ECP	DE_BIMAS_ECP	BIMAS.E	31/12/2026	16.98	22.7	-25.2	0	0	0	0	0	0	0	0	0	0	0					
07/10/2026	O_BIMASE1226C480.00	BIMAS_12/2026_AVRUPA_OPSIYON	D_EQ	SSO	D_EQ_ECP	DE_BIMAS_ECP	BIMAS.E	31/12/2026	14.84	19.89	-25.39	0	0	0	0	0	0	0	0	0	0	0					
07/10/2026	O_BIMASE1226C490.00	BIMAS_12/2026_AVRUPA_OPSIYON	D_EQ	SSO	D_EQ_ECP	DE_BIMAS_ECP	BIMAS.E	31/12/2026	13	17.45	-25.5	0	0	0	0	0	0	0	0	0	0	0					
07/10/2026	O_BIMASE1226C500.00	BIMAS_12/2026_AVRUPA_OPSIYON	D_EQ	SSO	D_EQ_ECP	DE_BIMAS_ECP	BIMAS.E	31/12/2026	11.42	15.34	-25.55	0	0	0	0	0	0	0	0	0	0	0					
07/10/2026	O_BIMASE1226C520.00	BIMAS_12/2026_AVRUPA_OPSIYON	D_EQ	SSO	D_EQ_ECP	DE_BIMAS_ECP	BIMAS.E	31/12/2026	8.9	11.93	-25.4	0	0	0	0	0	0	0	0	0	0	0					
07/10/2026	O_BIMASE1226P380.00	BIMAS_12/2026_AVRUPA_OPSIYON	D_EQ	SSO	D_EQ_EPP	DE_BIMAS_EPP	BIMAS.E	31/12/2026	7.41	5.54	33.75	0	0	0	0	0	0	0	0	0	0	0					
07/10/2026	O_BIMASE1226P390.00	BIMAS_12/2026_AVRUPA_OPSIYON	D_EQ	SSO	D_EQ_EPP	DE_BIMAS_EPP	BIMAS.E	31/12/2026	9.27	6.98	32.81	0	0	0	0	0	0	0	0	0	0	0					
07/10/2026	O_BIMASE1226P400.00	BIMAS_12/2026_AVRUPA_OPSIYON	D_EQ	SSO	D_EQ_EPP	DE_BIMAS_EPP	BIMAS.E	31/12/2026	11.49	8.71	31.92	0	0	0	0	0	0	0	0	0	0	0					
07/10/2026	O_BIMASE1226P410.00	BIMAS_12/2026_AVRUPA_OPSIYON	D_EQ	SSO	D_EQ_EPP	DE_BIMAS_EPP	BIMAS.E	31/12/2026	14.48	10.75	34.7	0	0	0	0	0	0	0	0	0	0	0					
07/10/2026	O_BIMASE1226P420.00	BIMAS_12/2026_AVRUPA_OPSIYON	D_EQ	SSO	D_EQ_EPP	DE_BIMAS_EPP	BIMAS.E	31/12/2026	17.97	13.29	35.21	0	0	0	0	0	0	0	0	0	0	0					
07/10/2026	O_BIMASE1226P430.00	BIMAS_12/2026_AVRUPA_OPSIYON	D_EQ	SSO	D_EQ_EPP	DE_BIMAS_EPP	BIMAS.E	31/12/2026	22.14	16.51	34.1	0	0	0	0	0	0	0	0	0	0	0					
07/10/2026	O_BIMASE1226P440.00	BIMAS_12/2026_AVRUPA_OPSIYON	D_EQ	SSO	D_EQ_EPP	DE_BIMAS_EPP	BIMAS.E	31/12/2026	26.86	20.22	32.84	0	0	0	0	0	0	0	0	0	0	0					
07/10/2026	O_BIMASE1226P450.00	BIMAS_12/2026_AVRUPA_OPSIYON	D_EQ	SSO	D_EQ_EPP	DE_BIMAS_EPP	BIMAS.E	31/12/2026	32.39	24.59	31.72	0	0	0	0	0	0	0	0	0	0	0					
07/10/2026	O_BIMASE1226P460.00	BIMAS_12/2026_AVRUPA_OPSIYON	D_EQ	SSO	D_EQ_EPP	DE_BIMAS_EPP	BIMAS.E	31/12/2026	38.49	29.43	30.78	0	0	0	0	0	0	0	0	0	0	0					
07/10/2026	O_EKGYOE1026C18.50	EKGYO_10/2026_AVRUPA_OPSIYON	D_EQ	SSO	D_EQ_ECP	DE_EKGYO_ECP	EKGYO.E	30/10/2026	1.76	1.91	-7.85	0	0	0	0	0	0	0	0	0	313	0					
07/10/2026	O_EKGYOE1026C19.00	EKGYO_10/2026_AVRUPA_OPSIYON	D_EQ	SSO	D_EQ_ECP	DE_EKGYO_ECP	EKGYO.E	30/10/2026	1.39	1.53	-9.15	0	0	0	0	0	0	0	0	0	201	0					
07/10/2026	O_EKGYOE1026C19.50	EKGYO_10/2026_AVRUPA_OPSIYON	D_EQ	SSO	D_EQ_ECP	DE_EKGYO_ECP	EKGYO.E	30/10/2026	1.08	1.2	-10	0.84	0.84	0.84	0.84	0.84	390000	16800	200	2	1701	100					
07/10/2026	O_EKGYOE1026C20.00	EKGYO_10/2026_AVRUPA_OPSIYON	D_EQ	SSO	D_EQ_ECP	DE_EKGYO_ECP	EKGYO.E	30/10/2026	0.81	0.92	-11.96	0.7	0.59	0.7	0.7	0.67	2100000	70200	1050	11	2495	950					
07/10/2026	O_EKGYOE1026C20.50	EKGYO_10/2026_AVRUPA_OPSIYON	D_EQ	SSO	D_EQ_ECP	DE_EKGYO_ECP	EKGYO.E	30/10/2026	0.59	0.68	-13.24	0	0	0	0	0	0	0	0	0	4299	0					
07/10/2026	O_EKGYOE1026C21.00	EKGYO_10/2026_AVRUPA_OPSIYON	D_EQ	SSO	D_EQ_ECP	DE_EKGYO_ECP	EKGYO.E	30/10/2026	0.42	0.5	-16	0	0	0	0	0	0	0	0	0	20999	0					
07/10/2026	O_EKGYOE1026C21.50	EKGYO_10/2026_AVRUPA_OPSIYON	D_EQ	SSO	D_EQ_ECP	DE_EKGYO_ECP	EKGYO.E	30/10/2026	0.31	0.36	-13.89	0	0	0	0	0	0	0	0	0	12165	0					
07/10/2026	O_EKGYOE1026C22.00	EKGYO_10/2026_AVRUPA_OPSIYON	D_EQ	SSO	D_EQ_ECP	DE_EKGYO_ECP	EKGYO.E	30/10/2026	0.22	0.26	-15.38	0	0	0	0	0	0	0	0	0	2082	0					
07/10/2026	O_EKGYOE1026C22.50	EKGYO_10/2026_AVRUPA_OPSIYON	D_EQ	SSO	D_EQ_ECP	DE_EKGYO_ECP	EKGYO.E	30/10/2026	0.15	0.19	-21.05	0	0	0	0	0	0	0	0	0	3000	0					
07/10/2026	O_EKGYOE1026C23.00	EKGYO_10/2026_AVRUPA_OPSIYON	D_EQ	SSO	D_EQ_ECP	DE_EKGYO_ECP	EKGYO.E	30/10/2026	0.11	0.14	-21.43	0	0	0	0	0	0	0	0	0	6000	0					
07/10/2026	O_EKGYOE1026C23.50	EKGYO_10/2026_AVRUPA_OPSIYON	D_EQ	SSO	D_EQ_ECP	DE_EKGYO_ECP	EKGYO.E	30/10/2026	0.08	0.1	-20	0	0	0	0	0	0	0	0	0	50	0					
07/10/2026	O_EKGYOE1026C24.00	EKGYO_10/2026_AVRUPA_OPSIYON	D_EQ	SSO	D_EQ_ECP	DE_EKGYO_ECP	EKGYO.E	30/10/2026	0.05	0.07	-28.57	0	0	0	0	0	0	0	0	0	0	0					
07/10/2026	O_EKGYOE1026C24.50	EKGYO_10/2026_AVRUPA_OPSIYON	D_EQ	SSO	D_EQ_ECP	DE_EKGYO_ECP	EKGYO.E	30/10/2026	0.04	0.05	-20	0	0	0	0	0	0	0	0	0	0	0					
07/10/2026	O_EKGYOE1026C25.00	EKGYO_10/2026_AVRUPA_OPSIYON	D_EQ	SSO	D_EQ_ECP	DE_EKGYO_ECP	EKGYO.E	30/10/2026	0.03	0.03	0	0	0	0	0	0	0	0	0	0	20850	0					
07/10/2026	O_EKGYOE1026C26.00	EKGYO_10/2026_AVRUPA_OPSIYON	D_EQ	SSO	D_EQ_ECP	DE_EKGYO_ECP	EKGYO.E	30/10/2026	0.01	0.02	-50	0	0	0	0	0	0	0	0	0	9	0					
07/10/2026	O_EKGYOE1026C27.00	EKGYO_10/2026_AVRUPA_OPSIYON	D_EQ	SSO	D_EQ_ECP	DE_EKGYO_ECP	EKGYO.E	30/10/2026	0.01	0.01	0	0	0	0	0	0	0	0	0	0	100	0					
07/10/2026	O_EKGYOE1026C28.00	EKGYO_10/2026_AVRUPA_OPSIYON	D_EQ	SSO	D_EQ_ECP	DE_EKGYO_ECP	EKGYO.E	30/10/2026	0.01	0.01	0	0	0	0	0	0	0	0	0	0	0	0					
07/10/2026	O_EKGYOE1026P16.00	EKGYO_10/2026_AVRUPA_OPSIYON	D_EQ	SSO	D_EQ_EPP	DE_EKGYO_EPP	EKGYO.E	30/10/2026	0.01	0.01	0	0	0	0	0	0	0	0	0	0	101	0					
07/10/2026	O_EKGYOE1026P16.50	EKGYO_10/2026_AVRUPA_OPSIYON	D_EQ	SSO	D_EQ_EPP	DE_EKGYO_EPP	EKGYO.E	30/10/2026	0.03	0.03	0	0	0	0	0	0	0	0	0	0	4096	0					
07/10/2026	O_EKGYOE1026P17.00	EKGYO_10/2026_AVRUPA_OPSIYON	D_EQ	SSO	D_EQ_EPP	DE_EKGYO_EPP	EKGYO.E	30/10/2026	0.05	0.05	0	0	0	0	0	0	0	0	0	0	6227	0					
07/10/2026	O_EKGYOE1026P17.50	EKGYO_10/2026_AVRUPA_OPSIYON	D_EQ	SSO	D_EQ_EPP	DE_EKGYO_EPP	EKGYO.E	30/10/2026	0.09	0.08	12.5	0	0	0	0	0	0	0	0	0	113722	0					
07/10/2026	O_EKGYOE1026P18.00	EKGYO_10/2026_AVRUPA_OPSIYON	D_EQ	SSO	D_EQ_EPP	DE_EKGYO_EPP	EKGYO.E	30/10/2026	0.14	0.13	7.69	0	0	0	0	0	0	0	0	0	7274	0					
07/10/2026	O_EKGYOE1026P18.50	EKGYO_10/2026_AVRUPA_OPSIYON	D_EQ	SSO	D_EQ_EPP	DE_EKGYO_EPP	EKGYO.E	30/10/2026	0.22	0.21	4.76	0	0	0	0	0	0	0	0	0	9787	0					
07/10/2026	O_EKGYOE1026P19.00	EKGYO_10/2026_AVRUPA_OPSIYON	D_EQ	SSO	D_EQ_EPP	DE_EKGYO_EPP	EKGYO.E	30/10/2026	0.34	0.32	6.25	0	0	0	0	0	0	0	0	0	3735	0					
07/10/2026	O_EKGYOE1026P19.50	EKGYO_10/2026_AVRUPA_OPSIYON	D_EQ	SSO	D_EQ_EPP	DE_EKGYO_EPP	EKGYO.E	30/10/2026	0.51	0.47	8.51	0	0	0	0	0	0	0	0	0	300	0					
07/10/2026	O_EKGYOE1026P20.00	EKGYO_10/2026_AVRUPA_OPSIYON	D_EQ	SSO	D_EQ_EPP	DE_EKGYO_EPP	EKGYO.E	30/10/2026	0.73	0.67	8.96	0	0	0	0	0	0	0	0	0	15500	0					
07/10/2026	O_EKGYOE1026P20.50	EKGYO_10/2026_AVRUPA_OPSIYON	D_EQ	SSO	D_EQ_EPP	DE_EKGYO_EPP	EKGYO.E	30/10/2026	1.01	0.93	8.6	0	0	0	0	0	0	0	0	0	300	0					
07/10/2026	O_EKGYOE1026P21.00	EKGYO_10/2026_AVRUPA_OPSIYON	D_EQ	SSO	D_EQ_EPP	DE_EKGYO_EPP	EKGYO.E	30/10/2026	1.33	1.23	8.13	0	0	0	0	0	0	0	0	0	2271	0					
07/10/2026	O_EKGYOE1026P21.50	EKGYO_10/2026_AVRUPA_OPSIYON	D_EQ	SSO	D_EQ_EPP	DE_EKGYO_EPP	EKGYO.E	30/10/2026	1.7	1.58	7.59	0	0	0	0	0	0	0	0	0	0	0					
07/10/2026	O_EKGYOE1026P22.00	EKGYO_10/2026_AVRUPA_OPSIYON	D_EQ	SSO	D_EQ_EPP	DE_EKGYO_EPP	EKGYO.E	30/10/2026	2.1	1.97	6.6	0	0	0	0	0	0	0	0	0	1118	0					
07/10/2026	O_EKGYOE1026P22.50	EKGYO_10/2026_AVRUPA_OPSIYON	D_EQ	SSO	D_EQ_EPP	DE_EKGYO_EPP	EKGYO.E	30/10/2026	2.52	2.38	5.88	0	0	0	0	0	0	0	0	0	0	0					
07/10/2026	O_EKGYOE1026P23.00	EKGYO_10/2026_AVRUPA_OPSIYON	D_EQ	SSO	D_EQ_EPP	DE_EKGYO_EPP	EKGYO.E	30/10/2026	2.96	2.82	4.96	0	0	0	0	0	0	0	0	0	150	0					
07/10/2026	O_EKGYOE1026P24.00	EKGYO_10/2026_AVRUPA_OPSIYON	D_EQ	SSO	D_EQ_EPP	DE_EKGYO_EPP	EKGYO.E	30/10/2026	3.89	3.73	4.29	0	0	0	0	0	0	0	0	0	4780	0					
07/10/2026	O_EKGYOE1126C19.00	EKGYO_11/2026_AVRUPA_OPSIYON	D_EQ	SSO	D_EQ_ECP	DE_EKGYO_ECP	EKGYO.E	30/11/2026	2.16	2.3	-6.09	0	0	0	0	0	0	0	0	0	2	0					
07/10/2026	O_EKGYOE1126C19.50	EKGYO_11/2026_AVRUPA_OPSIYON	D_EQ	SSO	D_EQ_ECP	DE_EKGYO_ECP	EKGYO.E	30/11/2026	1.83	1.96	-6.63	0	0	0	0	0	0	0	0	0	0	0					
07/10/2026	O_EKGYOE1126C20.00	EKGYO_11/2026_AVRUPA_OPSIYON	D_EQ	SSO	D_EQ_ECP	DE_EKGYO_ECP	EKGYO.E	30/11/2026	1.54	1.66	-7.23	0	0	0	0	0	0	0	0	0	0	0					
07/10/2026	O_EKGYOE1126C20.50	EKGYO_11/2026_AVRUPA_OPSIYON	D_EQ	SSO	D_EQ_ECP	DE_EKGYO_ECP	EKGYO.E	30/11/2026	1.29	1.39	-7.19	0	0	0	0	0	0	0	0	0	0	0					
07/10/2026	O_EKGYOE1126C21.00	EKGYO_11/2026_AVRUPA_OPSIYON	D_EQ	SSO	D_EQ_ECP	DE_EKGYO_ECP	EKGYO.E	30/11/2026	1.07	1.17	-8.55	0	0	0	0	0	0	0	0	0	0	0					
07/10/2026	O_EKGYOE1126C21.50	EKGYO_11/2026_AVRUPA_OPSIYON	D_EQ	SSO	D_EQ_ECP	DE_EKGYO_ECP	EKGYO.E	30/11/2026	0.88	0.97	-9.28	0	0	0	0	0	0	0	0	0	0	0					
07/10/2026	O_EKGYOE1126C22.00	EKGYO_11/2026_AVRUPA_OPSIYON	D_EQ	SSO	D_EQ_ECP	DE_EKGYO_ECP	EKGYO.E	30/11/2026	0.74	0.81	-8.64	0	0	0	0	0	0	0	0	0	0	0					
07/10/2026	O_EKGYOE1126C22.50	EKGYO_11/2026_AVRUPA_OPSIYON	D_EQ	SSO	D_EQ_ECP	DE_EKGYO_ECP	EKGYO.E	30/11/2026	0.62	0.68	-8.82	0	0	0	0	0	0	0	0	0	0	0					
07/10/2026	O_EKGYOE1126C23.00	EKGYO_11/2026_AVRUPA_OPSIYON	D_EQ	SSO	D_EQ_ECP	DE_EKGYO_ECP	EKGYO.E	30/11/2026	0.52	0.57	-8.77	0	0	0	0	0	0	0	0	0	0	0					
07/10/2026	O_EKGYOE1126C23.50	EKGYO_11/2026_AVRUPA_OPSIYON	D_EQ	SSO	D_EQ_ECP	DE_EKGYO_ECP	EKGYO.E	30/11/2026	0.43	0.48	-10.42	0	0	0	0	0	0	0	0	0	0	0					
07/10/2026	O_EKGYOE1126C24.00	EKGYO_11/2026_AVRUPA_OPSIYON	D_EQ	SSO	D_EQ_ECP	DE_EKGYO_ECP	EKGYO.E	30/11/2026	0.36	0.4	-10	0	0	0	0	0	0	0	0	0	0	0					
07/10/2026	O_EKGYOE1126C24.50	EKGYO_11/2026_AVRUPA_OPSIYON	D_EQ	SSO	D_EQ_ECP	DE_EKGYO_ECP	EKGYO.E	30/11/2026	0.31	0.34	-8.82	0	0	0	0	0	0	0	0	0	0	0					
07/10/2026	O_EKGYOE1126C25.00	EKGYO_11/2026_AVRUPA_OPSIYON	D_EQ	SSO	D_EQ_ECP	DE_EKGYO_ECP	EKGYO.E	30/11/2026	0.26	0.29	-10.34	0	0	0	0	0	0	0	0	0	22	0					
07/10/2026	O_EKGYOE1126C26.00	EKGYO_11/2026_AVRUPA_OPSIYON	D_EQ	SSO	D_EQ_ECP	DE_EKGYO_ECP	EKGYO.E	30/11/2026	0.19	0.21	-9.52	0	0	0	0	0	0	0	0	0	6	0					
07/10/2026	O_EKGYOE1126C27.00	EKGYO_11/2026_AVRUPA_OPSIYON	D_EQ	SSO	D_EQ_ECP	DE_EKGYO_ECP	EKGYO.E	30/11/2026	0.14	0.15	-6.67	0	0	0	0	0	0	0	0	0	0	0					
07/10/2026	O_EKGYOE1126C28.00	EKGYO_11/2026_AVRUPA_OPSIYON	D_EQ	SSO	D_EQ_ECP	DE_EKGYO_ECP	EKGYO.E	30/11/2026	0.1	0.11	-9.09	0	0	0	0	0	0	0	0	0	0	0					
07/10/2026	O_EKGYOE1126C29.00	EKGYO_11/2026_AVRUPA_OPSIYON	D_EQ	SSO	D_EQ_ECP	DE_EKGYO_ECP	EKGYO.E	30/11/2026	0.08	0.09	-11.11	0	0	0	0	0	0	0	0	0	0	0					
07/10/2026	O_EKGYOE1126P16.50	EKGYO_11/2026_AVRUPA_OPSIYON	D_EQ	SSO	D_EQ_EPP	DE_EKGYO_EPP	EKGYO.E	30/11/2026	0.12	0.11	9.09	0	0	0	0	0	0	0	0	0	309	0					
07/10/2026	O_EKGYOE1126P17.00	EKGYO_11/2026_AVRUPA_OPSIYON	D_EQ	SSO	D_EQ_EPP	DE_EKGYO_EPP	EKGYO.E	30/11/2026	0.17	0.16	6.25	0	0	0	0	0	0	0	0	0	2515	0					
07/10/2026	O_EKGYOE1126P18.00	EKGYO_11/2026_AVRUPA_OPSIYON	D_EQ	SSO	D_EQ_EPP	DE_EKGYO_EPP	EKGYO.E	30/11/2026	0.3	0.29	3.45	0	0	0	0	0	0	0	0	0	293	0					
07/10/2026	O_EKGYOE1126P18.50	EKGYO_11/2026_AVRUPA_OPSIYON	D_EQ	SSO	D_EQ_EPP	DE_EKGYO_EPP	EKGYO.E	30/11/2026	0.4	0.38	5.26	0	0	0	0	0	0	0	0	0	0	0					
07/10/2026	O_EKGYOE1126P19.00	EKGYO_11/2026_AVRUPA_OPSIYON	D_EQ	SSO	D_EQ_EPP	DE_EKGYO_EPP	EKGYO.E	30/11/2026	0.52	0.49	6.12	0	0	0	0	0	0	0	0	0	0	0					
07/10/2026	O_EKGYOE1126P19.50	EKGYO_11/2026_AVRUPA_OPSIYON	D_EQ	SSO	D_EQ_EPP	DE_EKGYO_EPP	EKGYO.E	30/11/2026	0.66	0.62	6.45	0	0	0	0	0	0	0	0	0	0	0					
07/10/2026	O_EKGYOE1126P20.00	EKGYO_11/2026_AVRUPA_OPSIYON	D_EQ	SSO	D_EQ_EPP	DE_EKGYO_EPP	EKGYO.E	30/11/2026	0.85	0.8	6.25	0	0	0	0	0	0	0	0	0	0	0					
07/10/2026	O_EKGYOE1126P20.50	EKGYO_11/2026_AVRUPA_OPSIYON	D_EQ	SSO	D_EQ_EPP	DE_EKGYO_EPP	EKGYO.E	30/11/2026	1.07	1	7	0	0	0	0	0	49610000	2395800	24200	2	27100	12100					
07/10/2026	O_EKGYOE1126P21.00	EKGYO_11/2026_AVRUPA_OPSIYON	D_EQ	SSO	D_EQ_EPP	DE_EKGYO_EPP	EKGYO.E	30/11/2026	1.32	1.25	5.6	0	0	0	0	0	0	0	0	0	0	0					
07/10/2026	O_EKGYOE1126P21.50	EKGYO_11/2026_AVRUPA_OPSIYON	D_EQ	SSO	D_EQ_EPP	DE_EKGYO_EPP	EKGYO.E	30/11/2026	1.61	1.52	5.92	0	0	0	0	0	0	0	0	0	0	0					
07/10/2026	O_EKGYOE1126P22.00	EKGYO_11/2026_AVRUPA_OPSIYON	D_EQ	SSO	D_EQ_EPP	DE_EKGYO_EPP	EKGYO.E	30/11/2026	1.94	1.83	6.01	0	0	0	0	0	0	0	0	0	0	0					
07/10/2026	O_EKGYOE1126P22.50	EKGYO_11/2026_AVRUPA_OPSIYON	D_EQ	SSO	D_EQ_EPP	DE_EKGYO_EPP	EKGYO.E	30/11/2026	2.29	2.18	5.05	0	0	0	0	0	0	0	0	0	0	0					
07/10/2026	O_EKGYOE1126P23.00	EKGYO_11/2026_AVRUPA_OPSIYON	D_EQ	SSO	D_EQ_EPP	DE_EKGYO_EPP	EKGYO.E	30/11/2026	2.66	2.54	4.72	0	0	0	0	0	0	0	0	0	0	0					
07/10/2026	O_EKGYOE1126P23.50	EKGYO_11/2026_AVRUPA_OPSIYON	D_EQ	SSO	D_EQ_EPP	DE_EKGYO_EPP	EKGYO.E	30/11/2026	3.05	2.92	4.45	0	0	0	0	0	0	0	0	0	0	0					
07/10/2026	O_EKGYOE1126P24.00	EKGYO_11/2026_AVRUPA_OPSIYON	D_EQ	SSO	D_EQ_EPP	DE_EKGYO_EPP	EKGYO.E	30/11/2026	3.45	3.32	3.92	0	0	0	0	0	0	0	0	0	0	0					
07/10/2026	O_EKGYOE1126P24.50	EKGYO_11/2026_AVRUPA_OPSIYON	D_EQ	SSO	D_EQ_EPP	DE_EKGYO_EPP	EKGYO.E	30/11/2026	3.87	3.73	3.75	0	0	0	0	0	0	0	0	0	0	0					
07/10/2026	O_EKGYOE1226C19.50	EKGYO_12/2026_AVRUPA_OPSIYON	D_EQ	SSO	D_EQ_ECP	DE_EKGYO_ECP	EKGYO.E	31/12/2026	2.71	2.85	-4.91	0	0	0	0	0	0	0	0	0	0	0					
07/10/2026	O_EKGYOE1226C20.00	EKGYO_12/2026_AVRUPA_OPSIYON	D_EQ	SSO	D_EQ_ECP	DE_EKGYO_ECP	EKGYO.E	31/12/2026	2.39	2.52	-5.16	0	0	0	0	0	0	0	0	0	0	0					
07/10/2026	O_EKGYOE1226C20.50	EKGYO_12/2026_AVRUPA_OPSIYON	D_EQ	SSO	D_EQ_ECP	DE_EKGYO_ECP	EKGYO.E	31/12/2026	2.11	2.23	-5.38	0	0	0	0	0	0	0	0	0	0	0					
07/10/2026	O_EKGYOE1226C21.00	EKGYO_12/2026_AVRUPA_OPSIYON	D_EQ	SSO	D_EQ_ECP	DE_EKGYO_ECP	EKGYO.E	31/12/2026	1.85	1.96	-5.61	0	0	0	0	0	0	0	0	0	0	0					
07/10/2026	O_EKGYOE1226C21.50	EKGYO_12/2026_AVRUPA_OPSIYON	D_EQ	SSO	D_EQ_ECP	DE_EKGYO_ECP	EKGYO.E	31/12/2026	1.62	1.73	-6.36	0	0	0	0	0	0	0	0	0	0	0					
07/10/2026	O_EKGYOE1226C22.00	EKGYO_12/2026_AVRUPA_OPSIYON	D_EQ	SSO	D_EQ_ECP	DE_EKGYO_ECP	EKGYO.E	31/12/2026	1.42	1.51	-5.96	0	0	0	0	0	0	0	0	0	0	0					
07/10/2026	O_EKGYOE1226C22.50	EKGYO_12/2026_AVRUPA_OPSIYON	D_EQ	SSO	D_EQ_ECP	DE_EKGYO_ECP	EKGYO.E	31/12/2026	1.25	1.33	-6.02	0	0	0	0	0	0	0	0	0	0	0					
07/10/2026	O_EKGYOE1226C23.00	EKGYO_12/2026_AVRUPA_OPSIYON	D_EQ	SSO	D_EQ_ECP	DE_EKGYO_ECP	EKGYO.E	31/12/2026	1.11	1.18	-5.93	0	0	0	0	0	0	0	0	0	0	0					
07/10/2026	O_EKGYOE1226C23.50	EKGYO_12/2026_AVRUPA_OPSIYON	D_EQ	SSO	D_EQ_ECP	DE_EKGYO_ECP	EKGYO.E	31/12/2026	0.98	1.05	-6.67	0	0	0	0	0	0	0	0	0	0	0					
07/10/2026	O_EKGYOE1226C24.00	EKGYO_12/2026_AVRUPA_OPSIYON	D_EQ	SSO	D_EQ_ECP	DE_EKGYO_ECP	EKGYO.E	31/12/2026	0.87	0.93	-6.45	0	0	0	0	0	0	0	0	0	0	0					
07/10/2026	O_EKGYOE1226C24.50	EKGYO_12/2026_AVRUPA_OPSIYON	D_EQ	SSO	D_EQ_ECP	DE_EKGYO_ECP	EKGYO.E	31/12/2026	0.78	0.83	-6.02	0	0	0	0	0	0	0	0	0	0	0					
07/10/2026	O_EKGYOE1226P17.00	EKGYO_12/2026_AVRUPA_OPSIYON	D_EQ	SSO	D_EQ_EPP	DE_EKGYO_EPP	EKGYO.E	31/12/2026	0.21	0.2	5	0	0	0	0	0	0	0	0	0	0	0					
07/10/2026	O_EKGYOE1226P17.50	EKGYO_12/2026_AVRUPA_OPSIYON	D_EQ	SSO	D_EQ_EPP	DE_EKGYO_EPP	EKGYO.E	31/12/2026	0.27	0.26	3.85	0	0	0	0	0	0	0	0	0	25000	0					
07/10/2026	O_EKGYOE1226P18.00	EKGYO_12/2026_AVRUPA_OPSIYON	D_EQ	SSO	D_EQ_EPP	DE_EKGYO_EPP	EKGYO.E	31/12/2026	0.34	0.32	6.25	0	0	0	0	0	0	0	0	0	0	0					
07/10/2026	O_EKGYOE1226P18.50	EKGYO_12/2026_AVRUPA_OPSIYON	D_EQ	SSO	D_EQ_EPP	DE_EKGYO_EPP	EKGYO.E	31/12/2026	0.42	0.4	5	0	0	0	0	0	0	0	0	0	0	0					
07/10/2026	O_EKGYOE1226P19.00	EKGYO_12/2026_AVRUPA_OPSIYON	D_EQ	SSO	D_EQ_EPP	DE_EKGYO_EPP	EKGYO.E	31/12/2026	0.51	0.49	4.08	0	0	0	0	0	0	0	0	0	0	0					
07/10/2026	O_EKGYOE1226P19.50	EKGYO_12/2026_AVRUPA_OPSIYON	D_EQ	SSO	D_EQ_EPP	DE_EKGYO_EPP	EKGYO.E	31/12/2026	0.62	0.6	3.33	0	0	0	0	0	0	0	0	0	0	0					
07/10/2026	O_EKGYOE1226P20.00	EKGYO_12/2026_AVRUPA_OPSIYON	D_EQ	SSO	D_EQ_EPP	DE_EKGYO_EPP	EKGYO.E	31/12/2026	0.76	0.72	5.56	0	0	0	0	0	0	0	0	0	0	0					
07/10/2026	O_EKGYOE1226P20.50	EKGYO_12/2026_AVRUPA_OPSIYON	D_EQ	SSO	D_EQ_EPP	DE_EKGYO_EPP	EKGYO.E	31/12/2026	0.92	0.88	4.55	0	0	0	0	0	0	0	0	0	0	0					
07/10/2026	O_EKGYOE1226P21.00	EKGYO_12/2026_AVRUPA_OPSIYON	D_EQ	SSO	D_EQ_EPP	DE_EKGYO_EPP	EKGYO.E	31/12/2026	1.11	1.06	4.72	0	0	0	0	0	0	0	0	0	0	0					
07/10/2026	O_EKGYOE1226P21.50	EKGYO_12/2026_AVRUPA_OPSIYON	D_EQ	SSO	D_EQ_EPP	DE_EKGYO_EPP	EKGYO.E	31/12/2026	1.34	1.27	5.51	0	0	0	0	0	0	0	0	0	0	0					
07/10/2026	O_EKGYOE1226P22.00	EKGYO_12/2026_AVRUPA_OPSIYON	D_EQ	SSO	D_EQ_EPP	DE_EKGYO_EPP	EKGYO.E	31/12/2026	1.58	1.5	5.33	0	0	0	0	0	0	0	0	0	0	0					
07/10/2026	O_ENKAIE1026C100.00	ENKAI_10/2026_AVRUPA_OPSIYON	D_EQ	SSO	D_EQ_ECP	DE_ENKAI_ECP	ENKAI.E	30/10/2026	0.13	0.27	-51.85	0	0	0	0	0	0	0	0	0	176	0					
07/10/2026	O_ENKAIE1026C105.00	ENKAI_10/2026_AVRUPA_OPSIYON	D_EQ	SSO	D_EQ_ECP	DE_ENKAI_ECP	ENKAI.E	30/10/2026	0.05	0.12	-58.33	0	0	0	0	0	0	0	0	0	0	0					
07/10/2026	O_ENKAIE1026C110.00	ENKAI_10/2026_AVRUPA_OPSIYON	D_EQ	SSO	D_EQ_ECP	DE_ENKAI_ECP	ENKAI.E	30/10/2026	0.02	0.05	-60	0	0	0	0	0	0	0	0	0	110	0					
07/10/2026	O_ENKAIE1026C115.00	ENKAI_10/2026_AVRUPA_OPSIYON	D_EQ	SSO	D_EQ_ECP	DE_ENKAI_ECP	ENKAI.E	30/10/2026	0.01	0.02	-50	0	0	0	0	0	0	0	0	0	107	0					
07/10/2026	O_ENKAIE1026C120.00	ENKAI_10/2026_AVRUPA_OPSIYON	D_EQ	SSO	D_EQ_ECP	DE_ENKAI_ECP	ENKAI.E	30/10/2026	0.01	0.01	0	0	0	0	0	0	0	0	0	0	0	0					
07/10/2026	O_ENKAIE1026C82.00	ENKAI_10/2026_AVRUPA_OPSIYON	D_EQ	SSO	D_EQ_ECP	DE_ENKAI_ECP	ENKAI.E	30/10/2026	3.06	4.73	-35.31	0	0	0	0	0	0	0	0	0	40	0					
07/10/2026	O_ENKAIE1026C84.00	ENKAI_10/2026_AVRUPA_OPSIYON	D_EQ	SSO	D_EQ_ECP	DE_ENKAI_ECP	ENKAI.E	30/10/2026	2.23	3.62	-38.4	0	0	0	0	0	10500000	337500	1250	1	1430	1250					
07/10/2026	O_ENKAIE1026C86.00	ENKAI_10/2026_AVRUPA_OPSIYON	D_EQ	SSO	D_EQ_ECP	DE_ENKAI_ECP	ENKAI.E	30/10/2026	1.6	2.71	-40.96	0	0	0	0	0	0	0	0	0	101	0					
07/10/2026	O_ENKAIE1026C88.00	ENKAI_10/2026_AVRUPA_OPSIYON	D_EQ	SSO	D_EQ_ECP	DE_ENKAI_ECP	ENKAI.E	30/10/2026	1.14	1.99	-42.71	0	0	0	0	0	0	0	0	0	2	0					
07/10/2026	O_ENKAIE1026C90.00	ENKAI_10/2026_AVRUPA_OPSIYON	D_EQ	SSO	D_EQ_ECP	DE_ENKAI_ECP	ENKAI.E	30/10/2026	0.81	1.45	-44.14	0.76	0.76	0.76	0.76	0.76	45000	380	5	1	151	0					
07/10/2026	O_ENKAIE1026C92.00	ENKAI_10/2026_AVRUPA_OPSIYON	D_EQ	SSO	D_EQ_ECP	DE_ENKAI_ECP	ENKAI.E	30/10/2026	0.56	1.05	-46.67	0	0	0	0	0	0	0	0	0	143	0					
07/10/2026	O_ENKAIE1026C94.00	ENKAI_10/2026_AVRUPA_OPSIYON	D_EQ	SSO	D_EQ_ECP	DE_ENKAI_ECP	ENKAI.E	30/10/2026	0.39	0.76	-48.68	0	0	0	0	0	0	0	0	0	0	0					
07/10/2026	O_ENKAIE1026C96.00	ENKAI_10/2026_AVRUPA_OPSIYON	D_EQ	SSO	D_EQ_ECP	DE_ENKAI_ECP	ENKAI.E	30/10/2026	0.27	0.54	-50	0	0	0	0	0	0	0	0	0	0	0					
07/10/2026	O_ENKAIE1026C98.00	ENKAI_10/2026_AVRUPA_OPSIYON	D_EQ	SSO	D_EQ_ECP	DE_ENKAI_ECP	ENKAI.E	30/10/2026	0.19	0.38	-50	0	0	0	0	0	0	0	0	0	321	0					
07/10/2026	O_ENKAIE1026P72.00	ENKAI_10/2026_AVRUPA_OPSIYON	D_EQ	SSO	D_EQ_EPP	DE_ENKAI_EPP	ENKAI.E	30/10/2026	0.37	0.22	68.18	0	0	0	0	0	0	0	0	0	0	0					
07/10/2026	O_ENKAIE1026P74.00	ENKAI_10/2026_AVRUPA_OPSIYON	D_EQ	SSO	D_EQ_EPP	DE_ENKAI_EPP	ENKAI.E	30/10/2026	0.61	0.37	64.86	0	0	0	0	0	0	0	0	0	14	0					
07/10/2026	O_ENKAIE1026P76.00	ENKAI_10/2026_AVRUPA_OPSIYON	D_EQ	SSO	D_EQ_EPP	DE_ENKAI_EPP	ENKAI.E	30/10/2026	0.97	0.6	61.67	0.77	0.76	0.77	0.76	0.76	7600000	76037	1000	15	1273	950					
07/10/2026	O_ENKAIE1026P78.00	ENKAI_10/2026_AVRUPA_OPSIYON	D_EQ	SSO	D_EQ_EPP	DE_ENKAI_EPP	ENKAI.E	30/10/2026	1.49	0.93	60.22	0.92	0.92	1.36	1.36	0.92	7878000	93370	1010	10	2516	1000					
07/10/2026	O_ENKAIE1026P80.00	ENKAI_10/2026_AVRUPA_OPSIYON	D_EQ	SSO	D_EQ_EPP	DE_ENKAI_EPP	ENKAI.E	30/10/2026	2.2	1.39	58.27	0	0	0	0	0	0	0	0	0	3367	0					
07/10/2026	O_ENKAIE1026P82.00	ENKAI_10/2026_AVRUPA_OPSIYON	D_EQ	SSO	D_EQ_EPP	DE_ENKAI_EPP	ENKAI.E	30/10/2026	3.12	2.05	52.2	0	0	0	0	0	0	0	0	0	51	0					
07/10/2026	O_ENKAIE1026P84.00	ENKAI_10/2026_AVRUPA_OPSIYON	D_EQ	SSO	D_EQ_EPP	DE_ENKAI_EPP	ENKAI.E	30/10/2026	4.25	2.89	47.06	0	0	0	0	0	0	0	0	0	344	0					
07/10/2026	O_ENKAIE1026P86.00	ENKAI_10/2026_AVRUPA_OPSIYON	D_EQ	SSO	D_EQ_EPP	DE_ENKAI_EPP	ENKAI.E	30/10/2026	5.56	3.94	41.12	0	0	0	0	0	0	0	0	0	110	0					
07/10/2026	O_ENKAIE1026P88.00	ENKAI_10/2026_AVRUPA_OPSIYON	D_EQ	SSO	D_EQ_EPP	DE_ENKAI_EPP	ENKAI.E	30/10/2026	7.06	5.16	36.82	0	0	0	0	0	0	0	0	0	0	0					
07/10/2026	O_ENKAIE1026P90.00	ENKAI_10/2026_AVRUPA_OPSIYON	D_EQ	SSO	D_EQ_EPP	DE_ENKAI_EPP	ENKAI.E	30/10/2026	8.68	6.58	31.91	0	0	0	0	0	0	0	0	0	0	0					
07/10/2026	O_ENKAIE1026P92.00	ENKAI_10/2026_AVRUPA_OPSIYON	D_EQ	SSO	D_EQ_EPP	DE_ENKAI_EPP	ENKAI.E	30/10/2026	10.39	8.13	27.8	0	0	0	0	0	0	0	0	0	0	0					
07/10/2026	O_ENKAIE1026P94.00	ENKAI_10/2026_AVRUPA_OPSIYON	D_EQ	SSO	D_EQ_EPP	DE_ENKAI_EPP	ENKAI.E	30/10/2026	12.17	9.79	24.31	0	0	0	0	0	0	0	0	0	0	0					
07/10/2026	O_ENKAIE1026P96.00	ENKAI_10/2026_AVRUPA_OPSIYON	D_EQ	SSO	D_EQ_EPP	DE_ENKAI_EPP	ENKAI.E	30/10/2026	14	11.52	21.53	0	0	0	0	0	0	0	0	0	1	0					
07/10/2026	O_ENKAIE1026P98.00	ENKAI_10/2026_AVRUPA_OPSIYON	D_EQ	SSO	D_EQ_EPP	DE_ENKAI_EPP	ENKAI.E	30/10/2026	15.87	13.32	19.14	0	0	0	0	0	0	0	0	0	0	0					
07/10/2026	O_ENKAIE1126C100.00	ENKAI_11/2026_AVRUPA_OPSIYON	D_EQ	SSO	D_EQ_ECP	DE_ENKAI_ECP	ENKAI.E	30/11/2026	1.15	1.64	-29.88	0	0	0	0	0	0	0	0	0	0	0					
07/10/2026	O_ENKAIE1126C105.00	ENKAI_11/2026_AVRUPA_OPSIYON	D_EQ	SSO	D_EQ_ECP	DE_ENKAI_ECP	ENKAI.E	30/11/2026	0.74	1.07	-30.84	0	0	0	0	0	0	0	0	0	0	0					
07/10/2026	O_ENKAIE1126C110.00	ENKAI_11/2026_AVRUPA_OPSIYON	D_EQ	SSO	D_EQ_ECP	DE_ENKAI_ECP	ENKAI.E	30/11/2026	0.48	0.71	-32.39	0	0	0	0	0	0	0	0	0	0	0					
07/10/2026	O_ENKAIE1126C115.00	ENKAI_11/2026_AVRUPA_OPSIYON	D_EQ	SSO	D_EQ_ECP	DE_ENKAI_ECP	ENKAI.E	30/11/2026	0.32	0.48	-33.33	0	0	0	0	0	0	0	0	0	0	0					
07/10/2026	O_ENKAIE1126C120.00	ENKAI_11/2026_AVRUPA_OPSIYON	D_EQ	SSO	D_EQ_ECP	DE_ENKAI_ECP	ENKAI.E	30/11/2026	0.22	0.33	-33.33	0	0	0	0	0	0	0	0	0	0	0					
07/10/2026	O_ENKAIE1126C125.00	ENKAI_11/2026_AVRUPA_OPSIYON	D_EQ	SSO	D_EQ_ECP	DE_ENKAI_ECP	ENKAI.E	30/11/2026	0.16	0.23	-30.43	0	0	0	0	0	0	0	0	0	0	0					
07/10/2026	O_ENKAIE1126C84.00	ENKAI_11/2026_AVRUPA_OPSIYON	D_EQ	SSO	D_EQ_ECP	DE_ENKAI_ECP	ENKAI.E	30/11/2026	5.01		0	0	0	0	0	0	0	0	0	0	0	0					
07/10/2026	O_ENKAIE1126C86.00	ENKAI_11/2026_AVRUPA_OPSIYON	D_EQ	SSO	D_EQ_ECP	DE_ENKAI_ECP	ENKAI.E	30/11/2026	4.16	5.63	-26.11	0	0	0	0	0	0	0	0	0	1	0					
07/10/2026	O_ENKAIE1126C88.00	ENKAI_11/2026_AVRUPA_OPSIYON	D_EQ	SSO	D_EQ_ECP	DE_ENKAI_ECP	ENKAI.E	30/11/2026	3.43	4.73	-27.48	0	0	0	0	0	0	0	0	0	0	0					
07/10/2026	O_ENKAIE1126C90.00	ENKAI_11/2026_AVRUPA_OPSIYON	D_EQ	SSO	D_EQ_ECP	DE_ENKAI_ECP	ENKAI.E	30/11/2026	2.86	3.94	-27.41	0	0	0	0	0	0	0	0	0	0	0					
07/10/2026	O_ENKAIE1126C92.00	ENKAI_11/2026_AVRUPA_OPSIYON	D_EQ	SSO	D_EQ_ECP	DE_ENKAI_ECP	ENKAI.E	30/11/2026	2.39	3.3	-27.58	0	0	0	0	0	0	0	0	0	0	0					
07/10/2026	O_ENKAIE1126C94.00	ENKAI_11/2026_AVRUPA_OPSIYON	D_EQ	SSO	D_EQ_ECP	DE_ENKAI_ECP	ENKAI.E	30/11/2026	1.99	2.77	-28.16	0	0	0	0	0	0	0	0	0	0	0					
07/10/2026	O_ENKAIE1126C96.00	ENKAI_11/2026_AVRUPA_OPSIYON	D_EQ	SSO	D_EQ_ECP	DE_ENKAI_ECP	ENKAI.E	30/11/2026	1.65	2.33	-29.18	0	0	0	0	0	0	0	0	0	0	0					
07/10/2026	O_ENKAIE1126C98.00	ENKAI_11/2026_AVRUPA_OPSIYON	D_EQ	SSO	D_EQ_ECP	DE_ENKAI_ECP	ENKAI.E	30/11/2026	1.38	1.96	-29.59	0	0	0	0	0	0	0	0	0	0	0					
07/10/2026	O_ENKAIE1126P100.00	ENKAI_11/2026_AVRUPA_OPSIYON	D_EQ	SSO	D_EQ_EPP	DE_ENKAI_EPP	ENKAI.E	30/11/2026	15.68	13.43	16.75	0	0	0	0	0	0	0	0	0	0	0					
07/10/2026	O_ENKAIE1126P74.00	ENKAI_11/2026_AVRUPA_OPSIYON	D_EQ	SSO	D_EQ_EPP	DE_ENKAI_EPP	ENKAI.E	30/11/2026	1.25		0	0	0	0	0	0	0	0	0	0	0	0					
07/10/2026	O_ENKAIE1126P76.00	ENKAI_11/2026_AVRUPA_OPSIYON	D_EQ	SSO	D_EQ_EPP	DE_ENKAI_EPP	ENKAI.E	30/11/2026	1.65	1.23	34.15	0	0	0	0	0	0	0	0	0	30	0					
07/10/2026	O_ENKAIE1126P78.00	ENKAI_11/2026_AVRUPA_OPSIYON	D_EQ	SSO	D_EQ_EPP	DE_ENKAI_EPP	ENKAI.E	30/11/2026	2.15	1.61	33.54	0	0	0	0	0	0	0	0	0	0	0					
07/10/2026	O_ENKAIE1126P80.00	ENKAI_11/2026_AVRUPA_OPSIYON	D_EQ	SSO	D_EQ_EPP	DE_ENKAI_EPP	ENKAI.E	30/11/2026	2.76	2.08	32.69	0	0	0	0	0	0	0	0	0	0	0					
07/10/2026	O_ENKAIE1126P82.00	ENKAI_11/2026_AVRUPA_OPSIYON	D_EQ	SSO	D_EQ_EPP	DE_ENKAI_EPP	ENKAI.E	30/11/2026	3.53	2.64	33.71	0	0	0	0	0	0	0	0	0	0	0					
07/10/2026	O_ENKAIE1126P84.00	ENKAI_11/2026_AVRUPA_OPSIYON	D_EQ	SSO	D_EQ_EPP	DE_ENKAI_EPP	ENKAI.E	30/11/2026	4.42	3.36	31.55	0	0	0	0	0	0	0	0	0	0	0					
07/10/2026	O_ENKAIE1126P86.00	ENKAI_11/2026_AVRUPA_OPSIYON	D_EQ	SSO	D_EQ_EPP	DE_ENKAI_EPP	ENKAI.E	30/11/2026	5.46	4.2	30	0	0	0	0	0	0	0	0	0	0	0					
07/10/2026	O_ENKAIE1126P88.00	ENKAI_11/2026_AVRUPA_OPSIYON	D_EQ	SSO	D_EQ_EPP	DE_ENKAI_EPP	ENKAI.E	30/11/2026	6.62	5.18	27.8	0	0	0	0	0	0	0	0	0	0	0					
07/10/2026	O_ENKAIE1126P90.00	ENKAI_11/2026_AVRUPA_OPSIYON	D_EQ	SSO	D_EQ_EPP	DE_ENKAI_EPP	ENKAI.E	30/11/2026	7.94	6.28	26.43	0	0	0	0	0	0	0	0	0	0	0					
07/10/2026	O_ENKAIE1126P92.00	ENKAI_11/2026_AVRUPA_OPSIYON	D_EQ	SSO	D_EQ_EPP	DE_ENKAI_EPP	ENKAI.E	30/11/2026	9.36	7.53	24.3	0	0	0	0	0	0	0	0	0	0	0					
07/10/2026	O_ENKAIE1126P94.00	ENKAI_11/2026_AVRUPA_OPSIYON	D_EQ	SSO	D_EQ_EPP	DE_ENKAI_EPP	ENKAI.E	30/11/2026	10.85	8.89	22.05	0	0	0	0	0	0	0	0	0	0	0					
07/10/2026	O_ENKAIE1126P96.00	ENKAI_11/2026_AVRUPA_OPSIYON	D_EQ	SSO	D_EQ_EPP	DE_ENKAI_EPP	ENKAI.E	30/11/2026	12.41	10.34	20.02	0	0	0	0	0	0	0	0	0	1	0					
07/10/2026	O_ENKAIE1126P98.00	ENKAI_11/2026_AVRUPA_OPSIYON	D_EQ	SSO	D_EQ_EPP	DE_ENKAI_EPP	ENKAI.E	30/11/2026	14.02	11.85	18.31	0	0	0	0	0	0	0	0	0	0	0					
07/10/2026	O_ENKAIE1226C100.00	ENKAI_12/2026_AVRUPA_OPSIYON	D_EQ	SSO	D_EQ_ECP	DE_ENKAI_ECP	ENKAI.E	31/12/2026	3.01	3.85	-21.82	0	0	0	0	0	0	0	0	0	0	0					
07/10/2026	O_ENKAIE1226C105.00	ENKAI_12/2026_AVRUPA_OPSIYON	D_EQ	SSO	D_EQ_ECP	DE_ENKAI_ECP	ENKAI.E	31/12/2026	2.24	2.88	-22.22	0	0	0	0	0	0	0	0	0	0	0					
07/10/2026	O_ENKAIE1226C110.00	ENKAI_12/2026_AVRUPA_OPSIYON	D_EQ	SSO	D_EQ_ECP	DE_ENKAI_ECP	ENKAI.E	31/12/2026	1.69	2.18	-22.48	0	0	0	0	0	0	0	0	0	0	0					
07/10/2026	O_ENKAIE1226C88.00	ENKAI_12/2026_AVRUPA_OPSIYON	D_EQ	SSO	D_EQ_ECP	DE_ENKAI_ECP	ENKAI.E	31/12/2026	6.39	8.04	-20.52	0	0	0	0	0	0	0	0	0	0	0					
07/10/2026	O_ENKAIE1226C90.00	ENKAI_12/2026_AVRUPA_OPSIYON	D_EQ	SSO	D_EQ_ECP	DE_ENKAI_ECP	ENKAI.E	31/12/2026	5.58	7.09	-21.3	0	0	0	0	0	0	0	0	0	0	0					
07/10/2026	O_ENKAIE1226C92.00	ENKAI_12/2026_AVRUPA_OPSIYON	D_EQ	SSO	D_EQ_ECP	DE_ENKAI_ECP	ENKAI.E	31/12/2026	4.93	6.23	-20.87	0	0	0	0	0	0	0	0	0	0	0					
07/10/2026	O_ENKAIE1226C94.00	ENKAI_12/2026_AVRUPA_OPSIYON	D_EQ	SSO	D_EQ_ECP	DE_ENKAI_ECP	ENKAI.E	31/12/2026	4.35	5.5	-20.91	0	0	0	0	0	0	0	0	0	0	0					
07/10/2026	O_ENKAIE1226C96.00	ENKAI_12/2026_AVRUPA_OPSIYON	D_EQ	SSO	D_EQ_ECP	DE_ENKAI_ECP	ENKAI.E	31/12/2026	3.85	4.88	-21.11	0	0	0	0	0	0	0	0	0	0	0					
07/10/2026	O_ENKAIE1226C98.00	ENKAI_12/2026_AVRUPA_OPSIYON	D_EQ	SSO	D_EQ_ECP	DE_ENKAI_ECP	ENKAI.E	31/12/2026	3.4	4.34	-21.66	0	0	0	0	0	0	0	0	0	0	0					
07/10/2026	O_ENKAIE1226P78.00	ENKAI_12/2026_AVRUPA_OPSIYON	D_EQ	SSO	D_EQ_EPP	DE_ENKAI_EPP	ENKAI.E	31/12/2026	2.09	1.66	25.9	0	0	0	0	0	0	0	0	0	0	0					
07/10/2026	O_ENKAIE1226P80.00	ENKAI_12/2026_AVRUPA_OPSIYON	D_EQ	SSO	D_EQ_EPP	DE_ENKAI_EPP	ENKAI.E	31/12/2026	2.55	2.04	25	0	0	0	0	0	0	0	0	0	0	0					
07/10/2026	O_ENKAIE1226P82.00	ENKAI_12/2026_AVRUPA_OPSIYON	D_EQ	SSO	D_EQ_EPP	DE_ENKAI_EPP	ENKAI.E	31/12/2026	3.1	2.48	25	0	0	0	0	0	0	0	0	0	0	0					
07/10/2026	O_ENKAIE1226P84.00	ENKAI_12/2026_AVRUPA_OPSIYON	D_EQ	SSO	D_EQ_EPP	DE_ENKAI_EPP	ENKAI.E	31/12/2026	3.78	2.98	26.85	0	0	0	0	0	0	0	0	0	0	0					
07/10/2026	O_ENKAIE1226P86.00	ENKAI_12/2026_AVRUPA_OPSIYON	D_EQ	SSO	D_EQ_EPP	DE_ENKAI_EPP	ENKAI.E	31/12/2026	4.56	3.62	25.97	0	0	0	0	0	0	0	0	0	0	0					
07/10/2026	O_ENKAIE1226P88.00	ENKAI_12/2026_AVRUPA_OPSIYON	D_EQ	SSO	D_EQ_EPP	DE_ENKAI_EPP	ENKAI.E	31/12/2026	5.45	4.35	25.29	0	0	0	0	0	0	0	0	0	0	0					
07/10/2026	O_ENKAIE1226P90.00	ENKAI_12/2026_AVRUPA_OPSIYON	D_EQ	SSO	D_EQ_EPP	DE_ENKAI_EPP	ENKAI.E	31/12/2026	6.44	5.2	23.85	0	0	0	0	0	0	0	0	0	0	0					
07/10/2026	O_ENKAIE1226P92.00	ENKAI_12/2026_AVRUPA_OPSIYON	D_EQ	SSO	D_EQ_EPP	DE_ENKAI_EPP	ENKAI.E	31/12/2026	7.58	6.13	23.65	0	0	0	0	0	0	0	0	0	0	0					
07/10/2026	O_ENKAIE1226P94.00	ENKAI_12/2026_AVRUPA_OPSIYON	D_EQ	SSO	D_EQ_EPP	DE_ENKAI_EPP	ENKAI.E	31/12/2026	8.8	7.2	22.22	0	0	0	0	0	0	0	0	0	0	0					
07/10/2026	O_EREGLE1026C35.00	EREGL_10/2026_AVRUPA_OPSIYON	D_EQ	SSO	D_EQ_ECP	DE_EREGL_ECP	EREGL.E	30/10/2026	2.9	3.39	-14.45	0	0	0	0	0	0	0	0	0	150	0					
07/10/2026	O_EREGLE1026C36.00	EREGL_10/2026_AVRUPA_OPSIYON	D_EQ	SSO	D_EQ_ECP	DE_EREGL_ECP	EREGL.E	30/10/2026	2.24	2.68	-16.42	2.12	2.12	2.12	2.12	2.12	540000	31800	150	3	54	-42					
07/10/2026	O_EREGLE1026C37.00	EREGL_10/2026_AVRUPA_OPSIYON	D_EQ	SSO	D_EQ_ECP	DE_EREGL_ECP	EREGL.E	30/10/2026	1.67	2.06	-18.93	0	0	0	0	0	0	0	0	0	77	0					
07/10/2026	O_EREGLE1026C38.00	EREGL_10/2026_AVRUPA_OPSIYON	D_EQ	SSO	D_EQ_ECP	DE_EREGL_ECP	EREGL.E	30/10/2026	1.22	1.54	-20.78	1.18	1.18	1.18	1.18	1.18	760000	23600	200	2	252	150					
07/10/2026	O_EREGLE1026C39.00	EREGL_10/2026_AVRUPA_OPSIYON	D_EQ	SSO	D_EQ_ECP	DE_EREGL_ECP	EREGL.E	30/10/2026	0.86	1.12	-23.21	0	0	0	0	0	0	0	0	0	125	0					
07/10/2026	O_EREGLE1026C40.00	EREGL_10/2026_AVRUPA_OPSIYON	D_EQ	SSO	D_EQ_ECP	DE_EREGL_ECP	EREGL.E	30/10/2026	0.59	0.79	-25.32	0	0	0	0	0	0	0	0	0	6580	0					
07/10/2026	O_EREGLE1026C41.00	EREGL_10/2026_AVRUPA_OPSIYON	D_EQ	SSO	D_EQ_ECP	DE_EREGL_ECP	EREGL.E	30/10/2026	0.39	0.55	-29.09	0	0	0	0	0	0	0	0	0	5000	0					
07/10/2026	O_EREGLE1026C42.00	EREGL_10/2026_AVRUPA_OPSIYON	D_EQ	SSO	D_EQ_ECP	DE_EREGL_ECP	EREGL.E	30/10/2026	0.26	0.37	-29.73	0	0	0	0	0	0	0	0	0	550	0					
07/10/2026	O_EREGLE1026C43.00	EREGL_10/2026_AVRUPA_OPSIYON	D_EQ	SSO	D_EQ_ECP	DE_EREGL_ECP	EREGL.E	30/10/2026	0.16	0.24	-33.33	0	0	0	0	0	0	0	0	0	75	0					
07/10/2026	O_EREGLE1026C44.00	EREGL_10/2026_AVRUPA_OPSIYON	D_EQ	SSO	D_EQ_ECP	DE_EREGL_ECP	EREGL.E	30/10/2026	0.1	0.16	-37.5	0	0	0	0	0	0	0	0	0	0	0					
07/10/2026	O_EREGLE1026C45.00	EREGL_10/2026_AVRUPA_OPSIYON	D_EQ	SSO	D_EQ_ECP	DE_EREGL_ECP	EREGL.E	30/10/2026	0.06	0.1	-40	0	0	0	0	0	0	0	0	0	0	0					
07/10/2026	O_EREGLE1026C46.00	EREGL_10/2026_AVRUPA_OPSIYON	D_EQ	SSO	D_EQ_ECP	DE_EREGL_ECP	EREGL.E	30/10/2026	0.04	0.06	-33.33	0	0	0	0	0	0	0	0	0	200	0					
07/10/2026	O_EREGLE1026C47.00	EREGL_10/2026_AVRUPA_OPSIYON	D_EQ	SSO	D_EQ_ECP	DE_EREGL_ECP	EREGL.E	30/10/2026	0.02	0.04	-50	0	0	0	0	0	0	0	0	0	0	0					
07/10/2026	O_EREGLE1026C48.00	EREGL_10/2026_AVRUPA_OPSIYON	D_EQ	SSO	D_EQ_ECP	DE_EREGL_ECP	EREGL.E	30/10/2026	0.01	0.02	-50	0	0	0	0	0	0	0	0	0	2600	0					
07/10/2026	O_EREGLE1026C49.00	EREGL_10/2026_AVRUPA_OPSIYON	D_EQ	SSO	D_EQ_ECP	DE_EREGL_ECP	EREGL.E	30/10/2026	0.01	0.01	0	0	0	0	0	0	0	0	0	0	0	0					
07/10/2026	O_EREGLE1026C50.00	EREGL_10/2026_AVRUPA_OPSIYON	D_EQ	SSO	D_EQ_ECP	DE_EREGL_ECP	EREGL.E	30/10/2026	0.01	0.01	0	0	0	0	0	0	0	0	0	0	0	0					
07/10/2026	O_EREGLE1026C52.00	EREGL_10/2026_AVRUPA_OPSIYON	D_EQ	SSO	D_EQ_ECP	DE_EREGL_ECP	EREGL.E	30/10/2026	0.01	0.01	0	0	0	0	0	0	0	0	0	0	0	0					
07/10/2026	O_EREGLE1026C54.00	EREGL_10/2026_AVRUPA_OPSIYON	D_EQ	SSO	D_EQ_ECP	DE_EREGL_ECP	EREGL.E	30/10/2026	0.01	0.01	0	0	0	0	0	0	0	0	0	0	0	0					
07/10/2026	O_EREGLE1026P30.00	EREGL_10/2026_AVRUPA_OPSIYON	D_EQ	SSO	D_EQ_EPP	DE_EREGL_EPP	EREGL.E	30/10/2026	0.02	0.02	0	0	0	0	0	0	0	0	0	0	0	0					
07/10/2026	O_EREGLE1026P31.00	EREGL_10/2026_AVRUPA_OPSIYON	D_EQ	SSO	D_EQ_EPP	DE_EREGL_EPP	EREGL.E	30/10/2026	0.05	0.04	25	0	0	0	0	0	0	0	0	0	30	0					
07/10/2026	O_EREGLE1026P32.00	EREGL_10/2026_AVRUPA_OPSIYON	D_EQ	SSO	D_EQ_EPP	DE_EREGL_EPP	EREGL.E	30/10/2026	0.1	0.08	25	0	0	0	0	0	0	0	0	0	4500	0					
07/10/2026	O_EREGLE1026P33.00	EREGL_10/2026_AVRUPA_OPSIYON	D_EQ	SSO	D_EQ_EPP	DE_EREGL_EPP	EREGL.E	30/10/2026	0.19	0.15	26.67	0	0	0	0	0	0	0	0	0	38	0					
07/10/2026	O_EREGLE1026P34.00	EREGL_10/2026_AVRUPA_OPSIYON	D_EQ	SSO	D_EQ_EPP	DE_EREGL_EPP	EREGL.E	30/10/2026	0.33	0.27	22.22	0	0	0	0	0	0	0	0	0	32	0					
07/10/2026	O_EREGLE1026P35.00	EREGL_10/2026_AVRUPA_OPSIYON	D_EQ	SSO	D_EQ_EPP	DE_EREGL_EPP	EREGL.E	30/10/2026	0.55	0.45	22.22	0.64	0.64	0.64	0.64	0.64	350000	6400	100	1	201	100					
07/10/2026	O_EREGLE1026P36.00	EREGL_10/2026_AVRUPA_OPSIYON	D_EQ	SSO	D_EQ_EPP	DE_EREGL_EPP	EREGL.E	30/10/2026	0.86	0.71	21.13	0	0	0	0	0	0	0	0	0	3534	0					
07/10/2026	O_EREGLE1026P37.00	EREGL_10/2026_AVRUPA_OPSIYON	D_EQ	SSO	D_EQ_EPP	DE_EREGL_EPP	EREGL.E	30/10/2026	1.28	1.06	20.75	0	0	0	0	0	0	0	0	0	0	0					
07/10/2026	O_EREGLE1026P38.00	EREGL_10/2026_AVRUPA_OPSIYON	D_EQ	SSO	D_EQ_EPP	DE_EREGL_EPP	EREGL.E	30/10/2026	1.8	1.52	18.42	1.9	1.9	1.9	1.9	1.9	380000	19000	100	2	250	100					
07/10/2026	O_EREGLE1026P39.00	EREGL_10/2026_AVRUPA_OPSIYON	D_EQ	SSO	D_EQ_EPP	DE_EREGL_EPP	EREGL.E	30/10/2026	2.41	2.08	15.87	0	0	0	0	0	0	0	0	0	201	0					
07/10/2026	O_EREGLE1026P40.00	EREGL_10/2026_AVRUPA_OPSIYON	D_EQ	SSO	D_EQ_EPP	DE_EREGL_EPP	EREGL.E	30/10/2026	3.12	2.72	14.71	0	0	0	0	0	0	0	0	0	1510	0					
07/10/2026	O_EREGLE1026P41.00	EREGL_10/2026_AVRUPA_OPSIYON	D_EQ	SSO	D_EQ_EPP	DE_EREGL_EPP	EREGL.E	30/10/2026	3.9	3.46	12.72	0	0	0	0	0	0	0	0	0	525	0					
07/10/2026	O_EREGLE1026P42.00	EREGL_10/2026_AVRUPA_OPSIYON	D_EQ	SSO	D_EQ_EPP	DE_EREGL_EPP	EREGL.E	30/10/2026	4.74	4.25	11.53	0	0	0	0	0	0	0	0	0	0	0					
07/10/2026	O_EREGLE1026P43.00	EREGL_10/2026_AVRUPA_OPSIYON	D_EQ	SSO	D_EQ_EPP	DE_EREGL_EPP	EREGL.E	30/10/2026	5.63	5.1	10.39	0	0	0	0	0	0	0	0	0	0	0					
07/10/2026	O_EREGLE1026P44.00	EREGL_10/2026_AVRUPA_OPSIYON	D_EQ	SSO	D_EQ_EPP	DE_EREGL_EPP	EREGL.E	30/10/2026	6.54	5.99	9.18	0	0	0	0	0	0	0	0	0	0	0					
07/10/2026	O_EREGLE1026P45.00	EREGL_10/2026_AVRUPA_OPSIYON	D_EQ	SSO	D_EQ_EPP	DE_EREGL_EPP	EREGL.E	30/10/2026	7.48	6.91	8.25	0	0	0	0	0	0	0	0	0	0	0					
07/10/2026	O_EREGLE1026P46.00	EREGL_10/2026_AVRUPA_OPSIYON	D_EQ	SSO	D_EQ_EPP	DE_EREGL_EPP	EREGL.E	30/10/2026	8.43	7.85	7.39	0	0	0	0	0	0	0	0	0	0	0					
07/10/2026	O_EREGLE1026P47.00	EREGL_10/2026_AVRUPA_OPSIYON	D_EQ	SSO	D_EQ_EPP	DE_EREGL_EPP	EREGL.E	30/10/2026	9.39	8.8	6.7	0	0	0	0	0	0	0	0	0	0	0					
07/10/2026	O_EREGLE1126C36.00	EREGL_11/2026_AVRUPA_OPSIYON	D_EQ	SSO	D_EQ_ECP	DE_EREGL_ECP	EREGL.E	30/11/2026	3.65	4.1	-10.98	0	0	0	0	0	0	0	0	0	0	0					
07/10/2026	O_EREGLE1126C37.00	EREGL_11/2026_AVRUPA_OPSIYON	D_EQ	SSO	D_EQ_ECP	DE_EREGL_ECP	EREGL.E	30/11/2026	3.07	3.48	-11.78	0	0	0	0	0	0	0	0	0	0	0					
07/10/2026	O_EREGLE1126C38.00	EREGL_11/2026_AVRUPA_OPSIYON	D_EQ	SSO	D_EQ_ECP	DE_EREGL_ECP	EREGL.E	30/11/2026	2.55	2.92	-12.67	0	0	0	0	0	0	0	0	0	50	0					
07/10/2026	O_EREGLE1126C39.00	EREGL_11/2026_AVRUPA_OPSIYON	D_EQ	SSO	D_EQ_ECP	DE_EREGL_ECP	EREGL.E	30/11/2026	2.1	2.43	-13.58	0	0	0	0	0	0	0	0	0	0	0					
07/10/2026	O_EREGLE1126C40.00	EREGL_11/2026_AVRUPA_OPSIYON	D_EQ	SSO	D_EQ_ECP	DE_EREGL_ECP	EREGL.E	30/11/2026	1.71	2.01	-14.93	0	0	0	0	0	0	0	0	0	0	0					
07/10/2026	O_EREGLE1126C41.00	EREGL_11/2026_AVRUPA_OPSIYON	D_EQ	SSO	D_EQ_ECP	DE_EREGL_ECP	EREGL.E	30/11/2026	1.39	1.64	-15.24	0	0	0	0	0	0	0	0	0	0	0					
07/10/2026	O_EREGLE1126C42.00	EREGL_11/2026_AVRUPA_OPSIYON	D_EQ	SSO	D_EQ_ECP	DE_EREGL_ECP	EREGL.E	30/11/2026	1.12	1.33	-15.79	0	0	0	0	0	0	0	0	0	0	0					
07/10/2026	O_EREGLE1126C43.00	EREGL_11/2026_AVRUPA_OPSIYON	D_EQ	SSO	D_EQ_ECP	DE_EREGL_ECP	EREGL.E	30/11/2026	0.89	1.08	-17.59	0	0	0	0	0	0	0	0	0	0	0					
07/10/2026	O_EREGLE1126C44.00	EREGL_11/2026_AVRUPA_OPSIYON	D_EQ	SSO	D_EQ_ECP	DE_EREGL_ECP	EREGL.E	30/11/2026	0.7	0.86	-18.6	0	0	0	0	0	0	0	0	0	0	0					
07/10/2026	O_EREGLE1126C45.00	EREGL_11/2026_AVRUPA_OPSIYON	D_EQ	SSO	D_EQ_ECP	DE_EREGL_ECP	EREGL.E	30/11/2026	0.55	0.69	-20.29	0	0	0	0	0	0	0	0	0	0	0					
07/10/2026	O_EREGLE1126C46.00	EREGL_11/2026_AVRUPA_OPSIYON	D_EQ	SSO	D_EQ_ECP	DE_EREGL_ECP	EREGL.E	30/11/2026	0.43	0.54	-20.37	0	0	0	0	0	0	0	0	0	0	0					
07/10/2026	O_EREGLE1126C47.00	EREGL_11/2026_AVRUPA_OPSIYON	D_EQ	SSO	D_EQ_ECP	DE_EREGL_ECP	EREGL.E	30/11/2026	0.34	0.43	-20.93	0	0	0	0	0	0	0	0	0	0	0					
07/10/2026	O_EREGLE1126C48.00	EREGL_11/2026_AVRUPA_OPSIYON	D_EQ	SSO	D_EQ_ECP	DE_EREGL_ECP	EREGL.E	30/11/2026	0.26	0.33	-21.21	0	0	0	0	0	0	0	0	0	0	0					
07/10/2026	O_EREGLE1126C49.00	EREGL_11/2026_AVRUPA_OPSIYON	D_EQ	SSO	D_EQ_ECP	DE_EREGL_ECP	EREGL.E	30/11/2026	0.2	0.26	-23.08	0	0	0	0	0	0	0	0	0	0	0					
07/10/2026	O_EREGLE1126P31.00	EREGL_11/2026_AVRUPA_OPSIYON	D_EQ	SSO	D_EQ_EPP	DE_EREGL_EPP	EREGL.E	30/11/2026	0.19	0.16	18.75	0	0	0	0	0	0	0	0	0	0	0					
07/10/2026	O_EREGLE1126P32.00	EREGL_11/2026_AVRUPA_OPSIYON	D_EQ	SSO	D_EQ_EPP	DE_EREGL_EPP	EREGL.E	30/11/2026	0.3	0.25	20	0	0	0	0	0	0	0	0	0	50	0					
07/10/2026	O_EREGLE1126P33.00	EREGL_11/2026_AVRUPA_OPSIYON	D_EQ	SSO	D_EQ_EPP	DE_EREGL_EPP	EREGL.E	30/11/2026	0.44	0.37	18.92	0	0	0	0	0	0	0	0	0	0	0					
07/10/2026	O_EREGLE1126P34.00	EREGL_11/2026_AVRUPA_OPSIYON	D_EQ	SSO	D_EQ_EPP	DE_EREGL_EPP	EREGL.E	30/11/2026	0.63	0.54	16.67	0	0	0	0	0	0	0	0	0	0	0					
07/10/2026	O_EREGLE1126P35.00	EREGL_11/2026_AVRUPA_OPSIYON	D_EQ	SSO	D_EQ_EPP	DE_EREGL_EPP	EREGL.E	30/11/2026	0.87	0.75	16	0	0	0	0	0	0	0	0	0	0	0					
07/10/2026	O_EREGLE1126P36.00	EREGL_11/2026_AVRUPA_OPSIYON	D_EQ	SSO	D_EQ_EPP	DE_EREGL_EPP	EREGL.E	30/11/2026	1.16	1.02	13.73	0	0	0	0	0	0	0	0	0	0	0					
07/10/2026	O_EREGLE1126P37.00	EREGL_11/2026_AVRUPA_OPSIYON	D_EQ	SSO	D_EQ_EPP	DE_EREGL_EPP	EREGL.E	30/11/2026	1.53	1.34	14.18	0	0	0	0	0	0	0	0	0	0	0					
07/10/2026	O_EREGLE1126P38.00	EREGL_11/2026_AVRUPA_OPSIYON	D_EQ	SSO	D_EQ_EPP	DE_EREGL_EPP	EREGL.E	30/11/2026	1.95	1.73	12.72	0	0	0	0	0	0	0	0	0	25	0					
07/10/2026	O_EREGLE1126P39.00	EREGL_11/2026_AVRUPA_OPSIYON	D_EQ	SSO	D_EQ_EPP	DE_EREGL_EPP	EREGL.E	30/11/2026	2.45	2.18	12.39	0	0	0	0	0	0	0	0	0	0	0					
07/10/2026	O_EREGLE1126P40.00	EREGL_11/2026_AVRUPA_OPSIYON	D_EQ	SSO	D_EQ_EPP	DE_EREGL_EPP	EREGL.E	30/11/2026	3.01	2.7	11.48	0	0	0	0	0	0	0	0	0	0	0					
07/10/2026	O_EREGLE1126P41.00	EREGL_11/2026_AVRUPA_OPSIYON	D_EQ	SSO	D_EQ_EPP	DE_EREGL_EPP	EREGL.E	30/11/2026	3.63	3.28	10.67	0	0	0	0	0	0	0	0	0	0	0					
07/10/2026	O_EREGLE1126P42.00	EREGL_11/2026_AVRUPA_OPSIYON	D_EQ	SSO	D_EQ_EPP	DE_EREGL_EPP	EREGL.E	30/11/2026	4.3	3.92	9.69	0	0	0	0	0	0	0	0	0	0	0					
07/10/2026	O_EREGLE1126P43.00	EREGL_11/2026_AVRUPA_OPSIYON	D_EQ	SSO	D_EQ_EPP	DE_EREGL_EPP	EREGL.E	30/11/2026	5.02	4.6	9.13	0	0	0	0	0	0	0	0	0	0	0					
07/10/2026	O_EREGLE1126P44.00	EREGL_11/2026_AVRUPA_OPSIYON	D_EQ	SSO	D_EQ_EPP	DE_EREGL_EPP	EREGL.E	30/11/2026	5.78	5.33	8.44	0	0	0	0	0	0	0	0	0	0	0					
07/10/2026	O_EREGLE1226C38.00	EREGL_12/2026_AVRUPA_OPSIYON	D_EQ	SSO	D_EQ_ECP	DE_EREGL_ECP	EREGL.E	31/12/2026	4.09	4.52	-9.51	0	0	0	0	0	0	0	0	0	0	0					
07/10/2026	O_EREGLE1226C39.00	EREGL_12/2026_AVRUPA_OPSIYON	D_EQ	SSO	D_EQ_ECP	DE_EREGL_ECP	EREGL.E	31/12/2026	3.58	3.98	-10.05	0	0	0	0	0	0	0	0	0	0	0					
07/10/2026	O_EREGLE1226C40.00	EREGL_12/2026_AVRUPA_OPSIYON	D_EQ	SSO	D_EQ_ECP	DE_EREGL_ECP	EREGL.E	31/12/2026	3.11	3.48	-10.63	0	0	0	0	0	0	0	0	0	0	0					
07/10/2026	O_EREGLE1226C41.00	EREGL_12/2026_AVRUPA_OPSIYON	D_EQ	SSO	D_EQ_ECP	DE_EREGL_ECP	EREGL.E	31/12/2026	2.69	3.03	-11.22	0	0	0	0	0	0	0	0	0	0	0					
07/10/2026	O_EREGLE1226C42.00	EREGL_12/2026_AVRUPA_OPSIYON	D_EQ	SSO	D_EQ_ECP	DE_EREGL_ECP	EREGL.E	31/12/2026	2.33	2.63	-11.41	0	0	0	0	0	0	0	0	0	0	0					
07/10/2026	O_EREGLE1226C43.00	EREGL_12/2026_AVRUPA_OPSIYON	D_EQ	SSO	D_EQ_ECP	DE_EREGL_ECP	EREGL.E	31/12/2026	2	2.28	-12.28	0	0	0	0	0	0	0	0	0	0	0					
07/10/2026	O_EREGLE1226C44.00	EREGL_12/2026_AVRUPA_OPSIYON	D_EQ	SSO	D_EQ_ECP	DE_EREGL_ECP	EREGL.E	31/12/2026	1.72	1.96	-12.24	0	0	0	0	0	0	0	0	0	0	0					
07/10/2026	O_EREGLE1226C45.00	EREGL_12/2026_AVRUPA_OPSIYON	D_EQ	SSO	D_EQ_ECP	DE_EREGL_ECP	EREGL.E	31/12/2026	1.47	1.69	-13.02	0	0	0	0	0	0	0	0	0	0	0					
07/10/2026	O_EREGLE1226C46.00	EREGL_12/2026_AVRUPA_OPSIYON	D_EQ	SSO	D_EQ_ECP	DE_EREGL_ECP	EREGL.E	31/12/2026	1.25	1.45	-13.79	0	0	0	0	0	0	0	0	0	0	0					
07/10/2026	O_EREGLE1226C47.00	EREGL_12/2026_AVRUPA_OPSIYON	D_EQ	SSO	D_EQ_ECP	DE_EREGL_ECP	EREGL.E	31/12/2026	1.06	1.24	-14.52	0	0	0	0	0	0	0	0	0	0	0					
07/10/2026	O_EREGLE1226P33.00	EREGL_12/2026_AVRUPA_OPSIYON	D_EQ	SSO	D_EQ_EPP	DE_EREGL_EPP	EREGL.E	31/12/2026	0.49	0.43	13.95	0	0	0	0	0	0	0	0	0	0	0					
07/10/2026	O_EREGLE1226P34.00	EREGL_12/2026_AVRUPA_OPSIYON	D_EQ	SSO	D_EQ_EPP	DE_EREGL_EPP	EREGL.E	31/12/2026	0.65	0.57	14.04	0	0	0	0	0	0	0	0	0	0	0					
07/10/2026	O_EREGLE1226P35.00	EREGL_12/2026_AVRUPA_OPSIYON	D_EQ	SSO	D_EQ_EPP	DE_EREGL_EPP	EREGL.E	31/12/2026	0.85	0.76	11.84	0	0	0	0	0	0	0	0	0	0	0					
07/10/2026	O_EREGLE1226P36.00	EREGL_12/2026_AVRUPA_OPSIYON	D_EQ	SSO	D_EQ_EPP	DE_EREGL_EPP	EREGL.E	31/12/2026	1.09	0.97	12.37	0	0	0	0	0	0	0	0	0	0	0					
07/10/2026	O_EREGLE1226P37.00	EREGL_12/2026_AVRUPA_OPSIYON	D_EQ	SSO	D_EQ_EPP	DE_EREGL_EPP	EREGL.E	31/12/2026	1.38	1.23	12.2	0	0	0	0	0	0	0	0	0	0	0					
07/10/2026	O_EREGLE1226P38.00	EREGL_12/2026_AVRUPA_OPSIYON	D_EQ	SSO	D_EQ_EPP	DE_EREGL_EPP	EREGL.E	31/12/2026	1.71	1.54	11.04	0	0	0	0	0	0	0	0	0	0	0					
07/10/2026	O_EREGLE1226P39.00	EREGL_12/2026_AVRUPA_OPSIYON	D_EQ	SSO	D_EQ_EPP	DE_EREGL_EPP	EREGL.E	31/12/2026	2.1	1.89	11.11	0	0	0	0	0	0	0	0	0	0	0					
07/10/2026	O_EREGLE1226P40.00	EREGL_12/2026_AVRUPA_OPSIYON	D_EQ	SSO	D_EQ_EPP	DE_EREGL_EPP	EREGL.E	31/12/2026	2.53	2.29	10.48	0	0	0	0	0	0	0	0	0	0	0					
07/10/2026	O_EREGLE1226P41.00	EREGL_12/2026_AVRUPA_OPSIYON	D_EQ	SSO	D_EQ_EPP	DE_EREGL_EPP	EREGL.E	31/12/2026	3.01	2.74	9.85	0	0	0	0	0	0	0	0	0	0	0					
07/10/2026	O_EREGLE1226P42.00	EREGL_12/2026_AVRUPA_OPSIYON	D_EQ	SSO	D_EQ_EPP	DE_EREGL_EPP	EREGL.E	31/12/2026	3.54	3.23	9.6	0	0	0	0	0	0	0	0	0	0	0					
07/10/2026	O_FROTOE1026C100.00	FROTO_10/2026_AVRUPA_OPSIYON	D_EQ	SSO	D_EQ_ECP	DE_FROTO_ECP	FROTO.E	30/10/2026	0.08	0.1	-20	0	0	0	0	0	0	0	0	0	0	0					
07/10/2026	O_FROTOE1026C74.00	FROTO_10/2026_AVRUPA_OPSIYON	D_EQ	SSO	D_EQ_ECP	DE_FROTO_ECP	FROTO.E	30/10/2026	3.56	4.15	-14.22	0	0	0	0	0	0	0	0	0	80	0					
07/10/2026	O_FROTOE1026C76.00	FROTO_10/2026_AVRUPA_OPSIYON	D_EQ	SSO	D_EQ_ECP	DE_FROTO_ECP	FROTO.E	30/10/2026	2.55	3.03	-15.84	2.68	2.44	2.68	2.44	2.56	15200	512	2	2	100	0					
07/10/2026	O_FROTOE1026C78.00	FROTO_10/2026_AVRUPA_OPSIYON	D_EQ	SSO	D_EQ_ECP	DE_FROTO_ECP	FROTO.E	30/10/2026	1.78	2.16	-17.59	0	0	0	0	0	0	0	0	0	27	0					
07/10/2026	O_FROTOE1026C80.00	FROTO_10/2026_AVRUPA_OPSIYON	D_EQ	SSO	D_EQ_ECP	DE_FROTO_ECP	FROTO.E	30/10/2026	1.24	1.51	-17.88	0	0	0	0	0	0	0	0	0	11	0					
07/10/2026	O_FROTOE1026C82.00	FROTO_10/2026_AVRUPA_OPSIYON	D_EQ	SSO	D_EQ_ECP	DE_FROTO_ECP	FROTO.E	30/10/2026	0.89	1.1	-19.09	0	0	0	0	0	0	0	0	0	10	0					
07/10/2026	O_FROTOE1026C84.00	FROTO_10/2026_AVRUPA_OPSIYON	D_EQ	SSO	D_EQ_ECP	DE_FROTO_ECP	FROTO.E	30/10/2026	0.65	0.8	-18.75	0	0	0	0	0	0	0	0	0	10	0					
07/10/2026	O_FROTOE1026C86.00	FROTO_10/2026_AVRUPA_OPSIYON	D_EQ	SSO	D_EQ_ECP	DE_FROTO_ECP	FROTO.E	30/10/2026	0.47	0.59	-20.34	0	0	0	0	0	0	0	0	0	0	0					
07/10/2026	O_FROTOE1026C88.00	FROTO_10/2026_AVRUPA_OPSIYON	D_EQ	SSO	D_EQ_ECP	DE_FROTO_ECP	FROTO.E	30/10/2026	0.35	0.44	-20.45	0	0	0	0	0	0	0	0	0	0	0					
07/10/2026	O_FROTOE1026C90.00	FROTO_10/2026_AVRUPA_OPSIYON	D_EQ	SSO	D_EQ_ECP	DE_FROTO_ECP	FROTO.E	30/10/2026	0.26	0.33	-21.21	0	0	0	0	0	0	0	0	0	10	0					
07/10/2026	O_FROTOE1026C92.00	FROTO_10/2026_AVRUPA_OPSIYON	D_EQ	SSO	D_EQ_ECP	DE_FROTO_ECP	FROTO.E	30/10/2026	0.2	0.26	-23.08	0.2	0.2	0.2	0.2	0.2	18400	40	2	1	2	0					
07/10/2026	O_FROTOE1026C94.00	FROTO_10/2026_AVRUPA_OPSIYON	D_EQ	SSO	D_EQ_ECP	DE_FROTO_ECP	FROTO.E	30/10/2026	0.15	0.2	-25	0	0	0	0	0	0	0	0	0	0	0					
07/10/2026	O_FROTOE1026C96.00	FROTO_10/2026_AVRUPA_OPSIYON	D_EQ	SSO	D_EQ_ECP	DE_FROTO_ECP	FROTO.E	30/10/2026	0.12	0.16	-25	0	0	0	0	0	0	0	0	0	0	0					
07/10/2026	O_FROTOE1026C98.00	FROTO_10/2026_AVRUPA_OPSIYON	D_EQ	SSO	D_EQ_ECP	DE_FROTO_ECP	FROTO.E	30/10/2026	0.1	0.12	-16.67	0	0	0	0	0	0	0	0	0	5	0					
07/10/2026	O_FROTOE1026P64.00	FROTO_10/2026_AVRUPA_OPSIYON	D_EQ	SSO	D_EQ_EPP	DE_FROTO_EPP	FROTO.E	30/10/2026	0.19	0.18	5.56	0	0	0	0	0	0	0	0	0	0	0					
07/10/2026	O_FROTOE1026P66.00	FROTO_10/2026_AVRUPA_OPSIYON	D_EQ	SSO	D_EQ_EPP	DE_FROTO_EPP	FROTO.E	30/10/2026	0.32	0.29	10.34	0	0	0	0	0	0	0	0	0	45	0					
07/10/2026	O_FROTOE1026P68.00	FROTO_10/2026_AVRUPA_OPSIYON	D_EQ	SSO	D_EQ_EPP	DE_FROTO_EPP	FROTO.E	30/10/2026	0.51	0.47	8.51	0	0	0	0	0	0	0	0	0	267	0					
07/10/2026	O_FROTOE1026P70.00	FROTO_10/2026_AVRUPA_OPSIYON	D_EQ	SSO	D_EQ_EPP	DE_FROTO_EPP	FROTO.E	30/10/2026	0.81	0.73	10.96	0.81	0.8	0.81	0.8	0.8	5600000	64020	800	18	3194	800					
07/10/2026	O_FROTOE1026P72.00	FROTO_10/2026_AVRUPA_OPSIYON	D_EQ	SSO	D_EQ_EPP	DE_FROTO_EPP	FROTO.E	30/10/2026	1.26	1.11	13.51	1.36	1.36	1.36	1.36	1.36	21600	408	3	1	2310	3					
07/10/2026	O_FROTOE1026P74.00	FROTO_10/2026_AVRUPA_OPSIYON	D_EQ	SSO	D_EQ_EPP	DE_FROTO_EPP	FROTO.E	30/10/2026	1.96	1.72	13.95	0	0	0	0	0	0	0	0	0	1050	0					
07/10/2026	O_FROTOE1026P76.00	FROTO_10/2026_AVRUPA_OPSIYON	D_EQ	SSO	D_EQ_EPP	DE_FROTO_EPP	FROTO.E	30/10/2026	2.9	2.55	13.73	0	0	0	0	0	0	0	0	0	140	0					
07/10/2026	O_FROTOE1026P78.00	FROTO_10/2026_AVRUPA_OPSIYON	D_EQ	SSO	D_EQ_EPP	DE_FROTO_EPP	FROTO.E	30/10/2026	4.08	3.64	12.09	0	0	0	0	0	0	0	0	0	215	0					
07/10/2026	O_FROTOE1026P80.00	FROTO_10/2026_AVRUPA_OPSIYON	D_EQ	SSO	D_EQ_EPP	DE_FROTO_EPP	FROTO.E	30/10/2026	5.5	4.94	11.34	0	0	0	0	0	0	0	0	0	59	0					
07/10/2026	O_FROTOE1026P82.00	FROTO_10/2026_AVRUPA_OPSIYON	D_EQ	SSO	D_EQ_EPP	DE_FROTO_EPP	FROTO.E	30/10/2026	7.1	6.48	9.57	0	0	0	0	0	0	0	0	0	170	0					
07/10/2026	O_FROTOE1026P84.00	FROTO_10/2026_AVRUPA_OPSIYON	D_EQ	SSO	D_EQ_EPP	DE_FROTO_EPP	FROTO.E	30/10/2026	8.81	8.13	8.36	0	0	0	0	0	0	0	0	0	10	0					
07/10/2026	O_FROTOE1026P86.00	FROTO_10/2026_AVRUPA_OPSIYON	D_EQ	SSO	D_EQ_EPP	DE_FROTO_EPP	FROTO.E	30/10/2026	10.59	9.87	7.29	0	0	0	0	0	0	0	0	0	0	0					
07/10/2026	O_FROTOE1026P88.00	FROTO_10/2026_AVRUPA_OPSIYON	D_EQ	SSO	D_EQ_EPP	DE_FROTO_EPP	FROTO.E	30/10/2026	12.42	11.67	6.43	0	0	0	0	0	0	0	0	0	0	0					
07/10/2026	O_FROTOE1026P90.00	FROTO_10/2026_AVRUPA_OPSIYON	D_EQ	SSO	D_EQ_EPP	DE_FROTO_EPP	FROTO.E	30/10/2026	14.28	13.51	5.7	0	0	0	0	0	0	0	0	0	0	0					
07/10/2026	O_FROTOE1126C100.00	FROTO_11/2026_AVRUPA_OPSIYON	D_EQ	SSO	D_EQ_ECP	DE_FROTO_ECP	FROTO.E	30/11/2026	0.85	0.93	-8.6	0	0	0	0	0	0	0	0	0	0	0					
07/10/2026	O_FROTOE1126C105.00	FROTO_11/2026_AVRUPA_OPSIYON	D_EQ	SSO	D_EQ_ECP	DE_FROTO_ECP	FROTO.E	30/11/2026	0.68	0.75	-9.33	0	0	0	0	0	0	0	0	0	0	0					
07/10/2026	O_FROTOE1126C76.00	FROTO_11/2026_AVRUPA_OPSIYON	D_EQ	SSO	D_EQ_ECP	DE_FROTO_ECP	FROTO.E	30/11/2026	5.18	5.74	-9.76	0	0	0	0	0	0	0	0	0	1	0					
07/10/2026	O_FROTOE1126C78.00	FROTO_11/2026_AVRUPA_OPSIYON	D_EQ	SSO	D_EQ_ECP	DE_FROTO_ECP	FROTO.E	30/11/2026	4.21	4.68	-10.04	0	0	0	0	0	0	0	0	0	0	0					
07/10/2026	O_FROTOE1126C80.00	FROTO_11/2026_AVRUPA_OPSIYON	D_EQ	SSO	D_EQ_ECP	DE_FROTO_ECP	FROTO.E	30/11/2026	3.41	3.83	-10.97	0	0	0	0	0	0	0	0	0	0	0					
07/10/2026	O_FROTOE1126C82.00	FROTO_11/2026_AVRUPA_OPSIYON	D_EQ	SSO	D_EQ_ECP	DE_FROTO_ECP	FROTO.E	30/11/2026	2.81	3.11	-9.65	0	0	0	0	0	0	0	0	0	0	0					
07/10/2026	O_FROTOE1126C84.00	FROTO_11/2026_AVRUPA_OPSIYON	D_EQ	SSO	D_EQ_ECP	DE_FROTO_ECP	FROTO.E	30/11/2026	2.37	2.63	-9.89	0	0	0	0	0	0	0	0	0	0	0					
07/10/2026	O_FROTOE1126C86.00	FROTO_11/2026_AVRUPA_OPSIYON	D_EQ	SSO	D_EQ_ECP	DE_FROTO_ECP	FROTO.E	30/11/2026	2.02	2.24	-9.82	0	0	0	0	0	0	0	0	0	40	0					
07/10/2026	O_FROTOE1126C88.00	FROTO_11/2026_AVRUPA_OPSIYON	D_EQ	SSO	D_EQ_ECP	DE_FROTO_ECP	FROTO.E	30/11/2026	1.74	1.93	-9.84	0	0	0	0	0	0	0	0	0	0	0					
07/10/2026	O_FROTOE1126C90.00	FROTO_11/2026_AVRUPA_OPSIYON	D_EQ	SSO	D_EQ_ECP	DE_FROTO_ECP	FROTO.E	30/11/2026	1.51	1.67	-9.58	0	0	0	0	0	0	0	0	0	0	0					
07/10/2026	O_FROTOE1126C92.00	FROTO_11/2026_AVRUPA_OPSIYON	D_EQ	SSO	D_EQ_ECP	DE_FROTO_ECP	FROTO.E	30/11/2026	1.32	1.46	-9.59	0	0	0	0	0	0	0	0	0	0	0					
07/10/2026	O_FROTOE1126C94.00	FROTO_11/2026_AVRUPA_OPSIYON	D_EQ	SSO	D_EQ_ECP	DE_FROTO_ECP	FROTO.E	30/11/2026	1.17	1.29	-9.3	0	0	0	0	0	0	0	0	0	0	0					
07/10/2026	O_FROTOE1126C96.00	FROTO_11/2026_AVRUPA_OPSIYON	D_EQ	SSO	D_EQ_ECP	DE_FROTO_ECP	FROTO.E	30/11/2026	1.04	1.15	-9.57	0	0	0	0	0	0	0	0	0	0	0					
07/10/2026	O_FROTOE1126C98.00	FROTO_11/2026_AVRUPA_OPSIYON	D_EQ	SSO	D_EQ_ECP	DE_FROTO_ECP	FROTO.E	30/11/2026	0.93	1.03	-9.71	0	0	0	0	0	0	0	0	0	0	0					
07/10/2026	O_FROTOE1126P66.00	FROTO_11/2026_AVRUPA_OPSIYON	D_EQ	SSO	D_EQ_EPP	DE_FROTO_EPP	FROTO.E	30/11/2026	0.88	0.83	6.02	0	0	0	0	0	0	0	0	0	41	0					
07/10/2026	O_FROTOE1126P68.00	FROTO_11/2026_AVRUPA_OPSIYON	D_EQ	SSO	D_EQ_EPP	DE_FROTO_EPP	FROTO.E	30/11/2026	1.14	1.07	6.54	0	0	0	0	0	0	0	0	0	0	0					
07/10/2026	O_FROTOE1126P70.00	FROTO_11/2026_AVRUPA_OPSIYON	D_EQ	SSO	D_EQ_EPP	DE_FROTO_EPP	FROTO.E	30/11/2026	1.47	1.37	7.3	0	0	0	0	0	0	0	0	0	50	0					
07/10/2026	O_FROTOE1126P72.00	FROTO_11/2026_AVRUPA_OPSIYON	D_EQ	SSO	D_EQ_EPP	DE_FROTO_EPP	FROTO.E	30/11/2026	1.87	1.75	6.86	0	0	0	0	0	0	0	0	0	0	0					
07/10/2026	O_FROTOE1126P74.00	FROTO_11/2026_AVRUPA_OPSIYON	D_EQ	SSO	D_EQ_EPP	DE_FROTO_EPP	FROTO.E	30/11/2026	2.43	2.21	9.95	0	0	0	0	0	0	0	0	0	0	0					
07/10/2026	O_FROTOE1126P76.00	FROTO_11/2026_AVRUPA_OPSIYON	D_EQ	SSO	D_EQ_EPP	DE_FROTO_EPP	FROTO.E	30/11/2026	3.18	2.91	9.28	0	0	0	0	0	0	0	0	0	0	0					
07/10/2026	O_FROTOE1126P78.00	FROTO_11/2026_AVRUPA_OPSIYON	D_EQ	SSO	D_EQ_EPP	DE_FROTO_EPP	FROTO.E	30/11/2026	4.09	3.74	9.36	0	0	0	0	0	0	0	0	0	0	0					
07/10/2026	O_FROTOE1126P80.00	FROTO_11/2026_AVRUPA_OPSIYON	D_EQ	SSO	D_EQ_EPP	DE_FROTO_EPP	FROTO.E	30/11/2026	5.19	4.77	8.81	0	0	0	0	0	0	0	0	0	0	0					
07/10/2026	O_FROTOE1126P82.00	FROTO_11/2026_AVRUPA_OPSIYON	D_EQ	SSO	D_EQ_EPP	DE_FROTO_EPP	FROTO.E	30/11/2026	6.48	5.95	8.91	0	0	0	0	0	0	0	0	0	0	0					
07/10/2026	O_FROTOE1126P84.00	FROTO_11/2026_AVRUPA_OPSIYON	D_EQ	SSO	D_EQ_EPP	DE_FROTO_EPP	FROTO.E	30/11/2026	7.93	7.36	7.74	0	0	0	0	0	0	0	0	0	0	0					
07/10/2026	O_FROTOE1126P86.00	FROTO_11/2026_AVRUPA_OPSIYON	D_EQ	SSO	D_EQ_EPP	DE_FROTO_EPP	FROTO.E	30/11/2026	9.47	8.86	6.88	0	0	0	0	0	0	0	0	0	0	0					
07/10/2026	O_FROTOE1126P88.00	FROTO_11/2026_AVRUPA_OPSIYON	D_EQ	SSO	D_EQ_EPP	DE_FROTO_EPP	FROTO.E	30/11/2026	11.08	10.43	6.23	0	0	0	0	0	0	0	0	0	0	0					
07/10/2026	O_FROTOE1126P90.00	FROTO_11/2026_AVRUPA_OPSIYON	D_EQ	SSO	D_EQ_EPP	DE_FROTO_EPP	FROTO.E	30/11/2026	12.74	12.06	5.64	0	0	0	0	0	0	0	0	0	0	0					
07/10/2026	O_FROTOE1126P92.00	FROTO_11/2026_AVRUPA_OPSIYON	D_EQ	SSO	D_EQ_EPP	DE_FROTO_EPP	FROTO.E	30/11/2026	14.44	13.74	5.09	0	0	0	0	0	0	0	0	0	0	0					
07/10/2026	O_FROTOE1226C78.00	FROTO_12/2026_AVRUPA_OPSIYON	D_EQ	SSO	D_EQ_ECP	DE_FROTO_ECP	FROTO.E	31/12/2026	7.19	7.78	-7.58	0	0	0	0	0	0	0	0	0	0	0					
07/10/2026	O_FROTOE1226C80.00	FROTO_12/2026_AVRUPA_OPSIYON	D_EQ	SSO	D_EQ_ECP	DE_FROTO_ECP	FROTO.E	31/12/2026	6.19	6.71	-7.75	0	0	0	0	0	0	0	0	0	0	0					
07/10/2026	O_FROTOE1226C82.00	FROTO_12/2026_AVRUPA_OPSIYON	D_EQ	SSO	D_EQ_ECP	DE_FROTO_ECP	FROTO.E	31/12/2026	5.34	5.81	-8.09	0	0	0	0	0	0	0	0	0	0	0					
07/10/2026	O_FROTOE1226C84.00	FROTO_12/2026_AVRUPA_OPSIYON	D_EQ	SSO	D_EQ_ECP	DE_FROTO_ECP	FROTO.E	31/12/2026	4.67	5.02	-6.97	0	0	0	0	0	0	0	0	0	0	0					
07/10/2026	O_FROTOE1226C86.00	FROTO_12/2026_AVRUPA_OPSIYON	D_EQ	SSO	D_EQ_ECP	DE_FROTO_ECP	FROTO.E	31/12/2026	4.17	4.49	-7.13	0	0	0	0	0	0	0	0	0	0	0					
07/10/2026	O_FROTOE1226C88.00	FROTO_12/2026_AVRUPA_OPSIYON	D_EQ	SSO	D_EQ_ECP	DE_FROTO_ECP	FROTO.E	31/12/2026	3.75	4.03	-6.95	0	0	0	0	0	0	0	0	0	0	0					
07/10/2026	O_FROTOE1226C90.00	FROTO_12/2026_AVRUPA_OPSIYON	D_EQ	SSO	D_EQ_ECP	DE_FROTO_ECP	FROTO.E	31/12/2026	3.4	3.65	-6.85	0	0	0	0	0	0	0	0	0	0	0					
07/10/2026	O_FROTOE1226C92.00	FROTO_12/2026_AVRUPA_OPSIYON	D_EQ	SSO	D_EQ_ECP	DE_FROTO_ECP	FROTO.E	31/12/2026	3.1	3.32	-6.63	0	0	0	0	0	0	0	0	0	0	0					
07/10/2026	O_FROTOE1226C94.00	FROTO_12/2026_AVRUPA_OPSIYON	D_EQ	SSO	D_EQ_ECP	DE_FROTO_ECP	FROTO.E	31/12/2026	2.84	3.04	-6.58	0	0	0	0	0	0	0	0	0	0	0					
07/10/2026	O_FROTOE1226P68.00	FROTO_12/2026_AVRUPA_OPSIYON	D_EQ	SSO	D_EQ_EPP	DE_FROTO_EPP	FROTO.E	31/12/2026	1.31	1.25	4.8	0	0	0	0	0	0	0	0	0	0	0					
07/10/2026	O_FROTOE1226P70.00	FROTO_12/2026_AVRUPA_OPSIYON	D_EQ	SSO	D_EQ_EPP	DE_FROTO_EPP	FROTO.E	31/12/2026	1.57	1.5	4.67	0	0	0	0	0	0	0	0	0	0	0					
07/10/2026	O_FROTOE1226P72.00	FROTO_12/2026_AVRUPA_OPSIYON	D_EQ	SSO	D_EQ_EPP	DE_FROTO_EPP	FROTO.E	31/12/2026	1.88	1.79	5.03	0	0	0	0	0	0	0	0	0	0	0					
07/10/2026	O_FROTOE1226P74.00	FROTO_12/2026_AVRUPA_OPSIYON	D_EQ	SSO	D_EQ_EPP	DE_FROTO_EPP	FROTO.E	31/12/2026	2.25	2.13	5.63	0	0	0	0	0	0	0	0	0	0	0					
07/10/2026	O_FROTOE1226P76.00	FROTO_12/2026_AVRUPA_OPSIYON	D_EQ	SSO	D_EQ_EPP	DE_FROTO_EPP	FROTO.E	31/12/2026	2.75	2.54	8.27	0	0	0	0	0	0	0	0	0	0	0					
07/10/2026	O_FROTOE1226P78.00	FROTO_12/2026_AVRUPA_OPSIYON	D_EQ	SSO	D_EQ_EPP	DE_FROTO_EPP	FROTO.E	31/12/2026	3.41	3.17	7.57	0	0	0	0	0	0	0	0	0	0	0					
07/10/2026	O_FROTOE1226P80.00	FROTO_12/2026_AVRUPA_OPSIYON	D_EQ	SSO	D_EQ_EPP	DE_FROTO_EPP	FROTO.E	31/12/2026	4.21	3.89	8.23	0	0	0	0	0	0	0	0	0	0	0					
07/10/2026	O_FROTOE1226P82.00	FROTO_12/2026_AVRUPA_OPSIYON	D_EQ	SSO	D_EQ_EPP	DE_FROTO_EPP	FROTO.E	31/12/2026	5.16	4.79	7.72	0	0	0	0	0	0	0	0	0	0	0					
07/10/2026	O_FROTOE1226P84.00	FROTO_12/2026_AVRUPA_OPSIYON	D_EQ	SSO	D_EQ_EPP	DE_FROTO_EPP	FROTO.E	31/12/2026	6.29	5.8	8.45	0	0	0	0	0	0	0	0	0	0	0					
07/10/2026	O_GARANE1026C120.00	GARAN_10/2026_AVRUPA_OPSIYON	D_EQ	SSO	D_EQ_ECP	DE_GARAN_ECP	GARAN.E	30/10/2026	13.63	14.95	-8.83	0	0	0	0	0	0	0	0	0	0	0					
07/10/2026	O_GARANE1026C125.00	GARAN_10/2026_AVRUPA_OPSIYON	D_EQ	SSO	D_EQ_ECP	DE_GARAN_ECP	GARAN.E	30/10/2026	9.62	10.85	-11.34	0	0	0	0	0	0	0	0	0	0	0					
07/10/2026	O_GARANE1026C130.00	GARAN_10/2026_AVRUPA_OPSIYON	D_EQ	SSO	D_EQ_ECP	DE_GARAN_ECP	GARAN.E	30/10/2026	6.34	7.36	-13.86	0	0	0	0	0	0	0	0	0	45	0					
07/10/2026	O_GARANE1026C135.00	GARAN_10/2026_AVRUPA_OPSIYON	D_EQ	SSO	D_EQ_ECP	DE_GARAN_ECP	GARAN.E	30/10/2026	3.91	4.68	-16.45	0	0	0	0	0	0	0	0	0	90	0					
07/10/2026	O_GARANE1026C140.00	GARAN_10/2026_AVRUPA_OPSIYON	D_EQ	SSO	D_EQ_ECP	DE_GARAN_ECP	GARAN.E	30/10/2026	2.3	2.82	-18.44	0	0	0	0	0	0	0	0	0	2	0					
07/10/2026	O_GARANE1026C145.00	GARAN_10/2026_AVRUPA_OPSIYON	D_EQ	SSO	D_EQ_ECP	DE_GARAN_ECP	GARAN.E	30/10/2026	1.38	1.72	-19.77	0	0	0	0	0	0	0	0	0	0	0					
07/10/2026	O_GARANE1026C150.00	GARAN_10/2026_AVRUPA_OPSIYON	D_EQ	SSO	D_EQ_ECP	DE_GARAN_ECP	GARAN.E	30/10/2026	0.82	1.05	-21.9	0	0	0	0	0	0	0	0	0	0	0					
07/10/2026	O_GARANE1026C155.00	GARAN_10/2026_AVRUPA_OPSIYON	D_EQ	SSO	D_EQ_ECP	DE_GARAN_ECP	GARAN.E	30/10/2026	0.5	0.65	-23.08	0	0	0	0	0	0	0	0	0	0	0					
07/10/2026	O_GARANE1026C160.00	GARAN_10/2026_AVRUPA_OPSIYON	D_EQ	SSO	D_EQ_ECP	DE_GARAN_ECP	GARAN.E	30/10/2026	0.3	0.4	-25	0	0	0	0	0	0	0	0	0	0	0					
07/10/2026	O_GARANE1026C165.00	GARAN_10/2026_AVRUPA_OPSIYON	D_EQ	SSO	D_EQ_ECP	DE_GARAN_ECP	GARAN.E	30/10/2026	0.19	0.25	-24	0	0	0	0	0	0	0	0	0	0	0					
07/10/2026	O_GARANE1026C170.00	GARAN_10/2026_AVRUPA_OPSIYON	D_EQ	SSO	D_EQ_ECP	DE_GARAN_ECP	GARAN.E	30/10/2026	0.12	0.16	-25	0	0	0	0	0	0	0	0	0	0	0					
07/10/2026	O_GARANE1026P100.00	GARAN_10/2026_AVRUPA_OPSIYON	D_EQ	SSO	D_EQ_EPP	DE_GARAN_EPP	GARAN.E	30/10/2026	0.02	0.02	0	0	0	0	0	0	0	0	0	0	0	0					
07/10/2026	O_GARANE1026P105.00	GARAN_10/2026_AVRUPA_OPSIYON	D_EQ	SSO	D_EQ_EPP	DE_GARAN_EPP	GARAN.E	30/10/2026	0.07	0.07	0	0	0	0	0	0	0	0	0	0	0	0					
07/10/2026	O_GARANE1026P110.00	GARAN_10/2026_AVRUPA_OPSIYON	D_EQ	SSO	D_EQ_EPP	DE_GARAN_EPP	GARAN.E	30/10/2026	0.18	0.16	12.5	0	0	0	0	0	0	0	0	0	600	0					
07/10/2026	O_GARANE1026P115.00	GARAN_10/2026_AVRUPA_OPSIYON	D_EQ	SSO	D_EQ_EPP	DE_GARAN_EPP	GARAN.E	30/10/2026	0.41	0.37	10.81	0	0	0	0	0	0	0	0	0	0	0					
07/10/2026	O_GARANE1026P120.00	GARAN_10/2026_AVRUPA_OPSIYON	D_EQ	SSO	D_EQ_EPP	DE_GARAN_EPP	GARAN.E	30/10/2026	0.89	0.79	12.66	0	0	0	0	0	0	0	0	0	0	0					
07/10/2026	O_GARANE1026P125.00	GARAN_10/2026_AVRUPA_OPSIYON	D_EQ	SSO	D_EQ_EPP	DE_GARAN_EPP	GARAN.E	30/10/2026	1.76	1.56	12.82	0	0	0	0	0	0	0	0	0	67	0					
07/10/2026	O_GARANE1026P130.00	GARAN_10/2026_AVRUPA_OPSIYON	D_EQ	SSO	D_EQ_EPP	DE_GARAN_EPP	GARAN.E	30/10/2026	3.37	2.95	14.24	0	0	0	0	0	0	0	0	0	1390	0					
07/10/2026	O_GARANE1026P135.00	GARAN_10/2026_AVRUPA_OPSIYON	D_EQ	SSO	D_EQ_EPP	DE_GARAN_EPP	GARAN.E	30/10/2026	5.81	5.15	12.82	0	0	0	0	0	0	0	0	0	500	0					
07/10/2026	O_GARANE1026P140.00	GARAN_10/2026_AVRUPA_OPSIYON	D_EQ	SSO	D_EQ_EPP	DE_GARAN_EPP	GARAN.E	30/10/2026	9.08	8.16	11.27	0	0	0	0	0	0	0	0	0	0	0					
07/10/2026	O_GARANE1026P145.00	GARAN_10/2026_AVRUPA_OPSIYON	D_EQ	SSO	D_EQ_EPP	DE_GARAN_EPP	GARAN.E	30/10/2026	13.05	11.94	9.3	0	0	0	0	0	0	0	0	0	22	0					
07/10/2026	O_GARANE1026P98.00	GARAN_10/2026_AVRUPA_OPSIYON	D_EQ	SSO	D_EQ_EPP	DE_GARAN_EPP	GARAN.E	30/10/2026	0.02	0.02	0	0	0	0	0	0	0	0	0	0	0	0					
07/10/2026	O_GARANE1126C125.00	GARAN_11/2026_AVRUPA_OPSIYON	D_EQ	SSO	D_EQ_ECP	DE_GARAN_ECP	GARAN.E	30/11/2026	14.57	15.79	-7.73	0	0	0	0	0	0	0	0	0	0	0					
07/10/2026	O_GARANE1126C130.00	GARAN_11/2026_AVRUPA_OPSIYON	D_EQ	SSO	D_EQ_ECP	DE_GARAN_ECP	GARAN.E	30/11/2026	11.18	12.24	-8.66	0	0	0	0	0	0	0	0	0	0	0					
07/10/2026	O_GARANE1126C135.00	GARAN_11/2026_AVRUPA_OPSIYON	D_EQ	SSO	D_EQ_ECP	DE_GARAN_ECP	GARAN.E	30/11/2026	8.4	9.33	-9.97	0	0	0	0	0	0	0	0	0	0	0					
07/10/2026	O_GARANE1126C140.00	GARAN_11/2026_AVRUPA_OPSIYON	D_EQ	SSO	D_EQ_ECP	DE_GARAN_ECP	GARAN.E	30/11/2026	6.23	6.98	-10.74	0	0	0	0	0	0	0	0	0	281	0					
07/10/2026	O_GARANE1126C145.00	GARAN_11/2026_AVRUPA_OPSIYON	D_EQ	SSO	D_EQ_ECP	DE_GARAN_ECP	GARAN.E	30/11/2026	4.66	5.2	-10.38	0	0	0	0	0	0	0	0	0	0	0					
07/10/2026	O_GARANE1126C150.00	GARAN_11/2026_AVRUPA_OPSIYON	D_EQ	SSO	D_EQ_ECP	DE_GARAN_ECP	GARAN.E	30/11/2026	3.58	4	-10.5	0	0	0	0	0	0	0	0	0	0	0					
07/10/2026	O_GARANE1126C155.00	GARAN_11/2026_AVRUPA_OPSIYON	D_EQ	SSO	D_EQ_ECP	DE_GARAN_ECP	GARAN.E	30/11/2026	2.77	3.11	-10.93	0	0	0	0	0	0	0	0	0	0	0					
07/10/2026	O_GARANE1126C160.00	GARAN_11/2026_AVRUPA_OPSIYON	D_EQ	SSO	D_EQ_ECP	DE_GARAN_ECP	GARAN.E	30/11/2026	2.18	2.45	-11.02	0	0	0	0	0	0	0	0	0	0	0					
07/10/2026	O_GARANE1126C165.00	GARAN_11/2026_AVRUPA_OPSIYON	D_EQ	SSO	D_EQ_ECP	DE_GARAN_ECP	GARAN.E	30/11/2026	1.73	1.95	-11.28	0	0	0	0	0	0	0	0	0	0	0					
07/10/2026	O_GARANE1126C170.00	GARAN_11/2026_AVRUPA_OPSIYON	D_EQ	SSO	D_EQ_ECP	DE_GARAN_ECP	GARAN.E	30/11/2026	1.4	1.57	-10.83	0	0	0	0	0	0	0	0	0	0	0					
07/10/2026	O_GARANE1126C175.00	GARAN_11/2026_AVRUPA_OPSIYON	D_EQ	SSO	D_EQ_ECP	DE_GARAN_ECP	GARAN.E	30/11/2026	1.14	1.29	-11.63	0	0	0	0	0	0	0	0	0	0	0					
07/10/2026	O_GARANE1126P100.00	GARAN_11/2026_AVRUPA_OPSIYON	D_EQ	SSO	D_EQ_EPP	DE_GARAN_EPP	GARAN.E	30/11/2026	0.29	0.27	7.41	0	0	0	0	0	0	0	0	0	0	0					
07/10/2026	O_GARANE1126P105.00	GARAN_11/2026_AVRUPA_OPSIYON	D_EQ	SSO	D_EQ_EPP	DE_GARAN_EPP	GARAN.E	30/11/2026	0.48	0.45	6.67	0	0	0	0	0	0	0	0	0	0	0					
07/10/2026	O_GARANE1126P110.00	GARAN_11/2026_AVRUPA_OPSIYON	D_EQ	SSO	D_EQ_EPP	DE_GARAN_EPP	GARAN.E	30/11/2026	0.79	0.74	6.76	0	0	0	0	0	0	0	0	0	0	0					
07/10/2026	O_GARANE1126P115.00	GARAN_11/2026_AVRUPA_OPSIYON	D_EQ	SSO	D_EQ_EPP	DE_GARAN_EPP	GARAN.E	30/11/2026	1.24	1.16	6.9	0	0	0	0	0	0	0	0	0	0	0					
07/10/2026	O_GARANE1126P120.00	GARAN_11/2026_AVRUPA_OPSIYON	D_EQ	SSO	D_EQ_EPP	DE_GARAN_EPP	GARAN.E	30/11/2026	1.91	1.77	7.91	0	0	0	0	0	0	0	0	0	0	0					
07/10/2026	O_GARANE1126P125.00	GARAN_11/2026_AVRUPA_OPSIYON	D_EQ	SSO	D_EQ_EPP	DE_GARAN_EPP	GARAN.E	30/11/2026	2.84	2.63	7.98	0	0	0	0	0	0	0	0	0	0	0					
07/10/2026	O_GARANE1126P130.00	GARAN_11/2026_AVRUPA_OPSIYON	D_EQ	SSO	D_EQ_EPP	DE_GARAN_EPP	GARAN.E	30/11/2026	4.17	3.81	9.45	0	0	0	0	0	0	0	0	0	0	0					
07/10/2026	O_GARANE1126P135.00	GARAN_11/2026_AVRUPA_OPSIYON	D_EQ	SSO	D_EQ_EPP	DE_GARAN_EPP	GARAN.E	30/11/2026	6.12	5.62	8.9	0	0	0	0	0	0	0	0	0	0	0					
07/10/2026	O_GARANE1126P140.00	GARAN_11/2026_AVRUPA_OPSIYON	D_EQ	SSO	D_EQ_EPP	DE_GARAN_EPP	GARAN.E	30/11/2026	8.68	7.98	8.77	0	0	0	0	0	0	0	0	0	0	0					
07/10/2026	O_GARANE1126P145.00	GARAN_11/2026_AVRUPA_OPSIYON	D_EQ	SSO	D_EQ_EPP	DE_GARAN_EPP	GARAN.E	30/11/2026	11.83	10.93	8.23	0	0	0	0	0	0	0	0	0	0	0					
07/10/2026	O_GARANE1126P150.00	GARAN_11/2026_AVRUPA_OPSIYON	D_EQ	SSO	D_EQ_EPP	DE_GARAN_EPP	GARAN.E	30/11/2026	15.48	14.46	7.05	0	0	0	0	0	0	0	0	0	0	0					
07/10/2026	O_GARANE1226C130.00	GARAN_12/2026_AVRUPA_OPSIYON	D_EQ	SSO	D_EQ_ECP	DE_GARAN_ECP	GARAN.E	31/12/2026	16.94	18.16	-6.72	0	0	0	0	0	0	0	0	0	0	0					
07/10/2026	O_GARANE1226C135.00	GARAN_12/2026_AVRUPA_OPSIYON	D_EQ	SSO	D_EQ_ECP	DE_GARAN_ECP	GARAN.E	31/12/2026	13.83	14.89	-7.12	0	0	0	0	0	0	0	0	0	0	0					
07/10/2026	O_GARANE1226C140.00	GARAN_12/2026_AVRUPA_OPSIYON	D_EQ	SSO	D_EQ_ECP	DE_GARAN_ECP	GARAN.E	31/12/2026	11.19	12.12	-7.67	0	0	0	0	0	0	0	0	0	0	0					
07/10/2026	O_GARANE1226C145.00	GARAN_12/2026_AVRUPA_OPSIYON	D_EQ	SSO	D_EQ_ECP	DE_GARAN_ECP	GARAN.E	31/12/2026	9.03	9.84	-8.23	0	0	0	0	0	0	0	0	0	0	0					
07/10/2026	O_GARANE1226C150.00	GARAN_12/2026_AVRUPA_OPSIYON	D_EQ	SSO	D_EQ_ECP	DE_GARAN_ECP	GARAN.E	31/12/2026	7.47	8.08	-7.55	0	0	0	0	0	0	0	0	0	0	0					
07/10/2026	O_GARANE1226C155.00	GARAN_12/2026_AVRUPA_OPSIYON	D_EQ	SSO	D_EQ_ECP	DE_GARAN_ECP	GARAN.E	31/12/2026	6.27	6.78	-7.52	0	0	0	0	0	0	0	0	0	0	0					
07/10/2026	O_GARANE1226C160.00	GARAN_12/2026_AVRUPA_OPSIYON	D_EQ	SSO	D_EQ_ECP	DE_GARAN_ECP	GARAN.E	31/12/2026	5.31	5.74	-7.49	0	0	0	0	0	0	0	0	0	0	0					
07/10/2026	O_GARANE1226C165.00	GARAN_12/2026_AVRUPA_OPSIYON	D_EQ	SSO	D_EQ_ECP	DE_GARAN_ECP	GARAN.E	31/12/2026	4.53	4.91	-7.74	0	0	0	0	0	0	0	0	0	0	0					
07/10/2026	O_GARANE1226C170.00	GARAN_12/2026_AVRUPA_OPSIYON	D_EQ	SSO	D_EQ_ECP	DE_GARAN_ECP	GARAN.E	31/12/2026	3.91	4.23	-7.57	0	0	0	0	0	0	0	0	0	0	0					
07/10/2026	O_GARANE1226P105.00	GARAN_12/2026_AVRUPA_OPSIYON	D_EQ	SSO	D_EQ_EPP	DE_GARAN_EPP	GARAN.E	31/12/2026	0.77	0.73	5.48	0	0	0	0	0	0	0	0	0	0	0					
07/10/2026	O_GARANE1226P110.00	GARAN_12/2026_AVRUPA_OPSIYON	D_EQ	SSO	D_EQ_EPP	DE_GARAN_EPP	GARAN.E	31/12/2026	1.1	1.04	5.77	0	0	0	0	0	0	0	0	0	0	0					
07/10/2026	O_GARANE1226P115.00	GARAN_12/2026_AVRUPA_OPSIYON	D_EQ	SSO	D_EQ_EPP	DE_GARAN_EPP	GARAN.E	31/12/2026	1.54	1.46	5.48	0	0	0	0	0	0	0	0	0	0	0					
07/10/2026	O_GARANE1226P120.00	GARAN_12/2026_AVRUPA_OPSIYON	D_EQ	SSO	D_EQ_EPP	DE_GARAN_EPP	GARAN.E	31/12/2026	2.12	2	6	0	0	0	0	0	0	0	0	0	0	0					
07/10/2026	O_GARANE1226P125.00	GARAN_12/2026_AVRUPA_OPSIYON	D_EQ	SSO	D_EQ_EPP	DE_GARAN_EPP	GARAN.E	31/12/2026	2.87	2.7	6.3	0	0	0	0	0	0	0	0	0	0	0					
07/10/2026	O_GARANE1226P130.00	GARAN_12/2026_AVRUPA_OPSIYON	D_EQ	SSO	D_EQ_EPP	DE_GARAN_EPP	GARAN.E	31/12/2026	3.83	3.61	6.09	0	0	0	0	0	0	0	0	0	0	0					
07/10/2026	O_GARANE1226P135.00	GARAN_12/2026_AVRUPA_OPSIYON	D_EQ	SSO	D_EQ_EPP	DE_GARAN_EPP	GARAN.E	31/12/2026	5.21	4.83	7.87	0	0	0	0	0	0	0	0	0	0	0					
07/10/2026	O_GARANE1226P140.00	GARAN_12/2026_AVRUPA_OPSIYON	D_EQ	SSO	D_EQ_EPP	DE_GARAN_EPP	GARAN.E	31/12/2026	7.07	6.54	8.1	0	0	0	0	0	0	0	0	0	0	0					
07/10/2026	O_GARANE1226P145.00	GARAN_12/2026_AVRUPA_OPSIYON	D_EQ	SSO	D_EQ_EPP	DE_GARAN_EPP	GARAN.E	31/12/2026	9.4	8.75	7.43	0	0	0	0	0	0	0	0	0	0	0					
07/10/2026	O_HALKBE1026C34.00	HALKB_10/2026_AVRUPA_OPSIYON	D_EQ	SSO	D_EQ_ECP	DE_HALKB_ECP	HALKB.E	30/10/2026	11.32	12.09	-6.37	0	0	0	0	0	0	0	0	0	0	0					
07/10/2026	O_HALKBE1026C35.00	HALKB_10/2026_AVRUPA_OPSIYON	D_EQ	SSO	D_EQ_ECP	DE_HALKB_ECP	HALKB.E	30/10/2026	10.36	11.13	-6.92	0	0	0	0	0	0	0	0	0	0	0					
07/10/2026	O_HALKBE1026C36.00	HALKB_10/2026_AVRUPA_OPSIYON	D_EQ	SSO	D_EQ_ECP	DE_HALKB_ECP	HALKB.E	30/10/2026	9.41	10.17	-7.47	0	0	0	0	0	0	0	0	0	0	0					
07/10/2026	O_HALKBE1026C37.00	HALKB_10/2026_AVRUPA_OPSIYON	D_EQ	SSO	D_EQ_ECP	DE_HALKB_ECP	HALKB.E	30/10/2026	8.47	9.23	-8.23	0	0	0	0	0	0	0	0	0	0	0					
07/10/2026	O_HALKBE1026C38.00	HALKB_10/2026_AVRUPA_OPSIYON	D_EQ	SSO	D_EQ_ECP	DE_HALKB_ECP	HALKB.E	30/10/2026	7.54	8.3	-9.16	0	0	0	0	0	0	0	0	0	25	0					
07/10/2026	O_HALKBE1026C39.00	HALKB_10/2026_AVRUPA_OPSIYON	D_EQ	SSO	D_EQ_ECP	DE_HALKB_ECP	HALKB.E	30/10/2026	6.65	7.39	-10.01	0	0	0	0	0	0	0	0	0	25	0					
07/10/2026	O_HALKBE1026C40.00	HALKB_10/2026_AVRUPA_OPSIYON	D_EQ	SSO	D_EQ_ECP	DE_HALKB_ECP	HALKB.E	30/10/2026	5.78	6.5	-11.08	0	0	0	0	0	0	0	0	0	105	0					
07/10/2026	O_HALKBE1026C41.00	HALKB_10/2026_AVRUPA_OPSIYON	D_EQ	SSO	D_EQ_ECP	DE_HALKB_ECP	HALKB.E	30/10/2026	4.96	5.65	-12.21	0	0	0	0	0	0	0	0	0	25	0					
07/10/2026	O_HALKBE1026C42.00	HALKB_10/2026_AVRUPA_OPSIYON	D_EQ	SSO	D_EQ_ECP	DE_HALKB_ECP	HALKB.E	30/10/2026	4.18	4.84	-13.64	0	0	0	0	0	0	0	0	0	25	0					
07/10/2026	O_HALKBE1026C43.00	HALKB_10/2026_AVRUPA_OPSIYON	D_EQ	SSO	D_EQ_ECP	DE_HALKB_ECP	HALKB.E	30/10/2026	3.47	4.08	-14.95	2.92	2.92	2.92	2.92	2.92	172000	11680	40	1	65	40					
07/10/2026	O_HALKBE1026C44.00	HALKB_10/2026_AVRUPA_OPSIYON	D_EQ	SSO	D_EQ_ECP	DE_HALKB_ECP	HALKB.E	30/10/2026	2.84	3.39	-16.22	0	0	0	0	0	0	0	0	0	40	0					
07/10/2026	O_HALKBE1026C45.00	HALKB_10/2026_AVRUPA_OPSIYON	D_EQ	SSO	D_EQ_ECP	DE_HALKB_ECP	HALKB.E	30/10/2026	2.28	2.78	-17.99	1.91	1.88	1.91	1.88	1.91	45000	1907	10	4	37	-10					
07/10/2026	O_HALKBE1026C46.00	HALKB_10/2026_AVRUPA_OPSIYON	D_EQ	SSO	D_EQ_ECP	DE_HALKB_ECP	HALKB.E	30/10/2026	1.81	2.24	-19.2	0	0	0	0	0	0	0	0	0	20	0					
07/10/2026	O_HALKBE1026C47.00	HALKB_10/2026_AVRUPA_OPSIYON	D_EQ	SSO	D_EQ_ECP	DE_HALKB_ECP	HALKB.E	30/10/2026	1.42	1.79	-20.67	0	0	0	0	0	0	0	0	0	80	0					
07/10/2026	O_HALKBE1026C48.00	HALKB_10/2026_AVRUPA_OPSIYON	D_EQ	SSO	D_EQ_ECP	DE_HALKB_ECP	HALKB.E	30/10/2026	1.1	1.41	-21.99	0	0	0	0	0	0	0	0	0	290	0					
07/10/2026	O_HALKBE1026C49.00	HALKB_10/2026_AVRUPA_OPSIYON	D_EQ	SSO	D_EQ_ECP	DE_HALKB_ECP	HALKB.E	30/10/2026	0.86	1.11	-22.52	0	0	0	0	0	0	0	0	0	122	0					
07/10/2026	O_HALKBE1026C50.00	HALKB_10/2026_AVRUPA_OPSIYON	D_EQ	SSO	D_EQ_ECP	DE_HALKB_ECP	HALKB.E	30/10/2026	0.67	0.87	-22.99	0	0	0	0	0	0	0	0	0	172	0					
07/10/2026	O_HALKBE1026C52.00	HALKB_10/2026_AVRUPA_OPSIYON	D_EQ	SSO	D_EQ_ECP	DE_HALKB_ECP	HALKB.E	30/10/2026	0.39	0.54	-27.78	0	0	0	0	0	0	0	0	0	115	0					
07/10/2026	O_HALKBE1026C54.00	HALKB_10/2026_AVRUPA_OPSIYON	D_EQ	SSO	D_EQ_ECP	DE_HALKB_ECP	HALKB.E	30/10/2026	0.23	0.33	-30.3	0	0	0	0	0	0	0	0	0	0	0					
07/10/2026	O_HALKBE1026C56.00	HALKB_10/2026_AVRUPA_OPSIYON	D_EQ	SSO	D_EQ_ECP	DE_HALKB_ECP	HALKB.E	30/10/2026	0.14	0.2	-30	0	0	0	0	0	0	0	0	0	0	0					
07/10/2026	O_HALKBE1026C58.00	HALKB_10/2026_AVRUPA_OPSIYON	D_EQ	SSO	D_EQ_ECP	DE_HALKB_ECP	HALKB.E	30/10/2026	0.08	0.12	-33.33	0	0	0	0	0	0	0	0	0	520	0					
07/10/2026	O_HALKBE1026C60.00	HALKB_10/2026_AVRUPA_OPSIYON	D_EQ	SSO	D_EQ_ECP	DE_HALKB_ECP	HALKB.E	30/10/2026	0.05	0.07	-28.57	0	0	0	0	0	0	0	0	0	0	0					
07/10/2026	O_HALKBE1026C62.00	HALKB_10/2026_AVRUPA_OPSIYON	D_EQ	SSO	D_EQ_ECP	DE_HALKB_ECP	HALKB.E	30/10/2026	0.03	0.05	-40	0	0	0	0	0	0	0	0	0	0	0					
07/10/2026	O_HALKBE1026C64.00	HALKB_10/2026_AVRUPA_OPSIYON	D_EQ	SSO	D_EQ_ECP	DE_HALKB_ECP	HALKB.E	30/10/2026	0.02	0.03	-33.33	0	0	0	0	0	0	0	0	0	0	0					
07/10/2026	O_HALKBE1026C66.00	HALKB_10/2026_AVRUPA_OPSIYON	D_EQ	SSO	D_EQ_ECP	DE_HALKB_ECP	HALKB.E	30/10/2026	0.01	0.02	-50	0	0	0	0	0	0	0	0	0	0	0					
07/10/2026	O_HALKBE1026C68.00	HALKB_10/2026_AVRUPA_OPSIYON	D_EQ	SSO	D_EQ_ECP	DE_HALKB_ECP	HALKB.E	30/10/2026	0.01	0.01	0	0	0	0	0	0	0	0	0	0	0	0					
07/10/2026	O_HALKBE1026P29.00	HALKB_10/2026_AVRUPA_OPSIYON	D_EQ	SSO	D_EQ_EPP	DE_HALKB_EPP	HALKB.E	30/10/2026	0.01	0.01	0	0	0	0	0	0	0	0	0	0	0	0					
07/10/2026	O_HALKBE1026P30.00	HALKB_10/2026_AVRUPA_OPSIYON	D_EQ	SSO	D_EQ_EPP	DE_HALKB_EPP	HALKB.E	30/10/2026	0.01	0.01	0	0	0	0	0	0	0	0	0	0	0	0					
07/10/2026	O_HALKBE1026P31.00	HALKB_10/2026_AVRUPA_OPSIYON	D_EQ	SSO	D_EQ_EPP	DE_HALKB_EPP	HALKB.E	30/10/2026	0.01	0.01	0	0	0	0	0	0	0	0	0	0	0	0					
07/10/2026	O_HALKBE1026P32.00	HALKB_10/2026_AVRUPA_OPSIYON	D_EQ	SSO	D_EQ_EPP	DE_HALKB_EPP	HALKB.E	30/10/2026	0.01	0.01	0	0	0	0	0	0	0	0	0	0	0	0					
07/10/2026	O_HALKBE1026P33.00	HALKB_10/2026_AVRUPA_OPSIYON	D_EQ	SSO	D_EQ_EPP	DE_HALKB_EPP	HALKB.E	30/10/2026	0.01	0.01	0	0	0	0	0	0	0	0	0	0	0	0					
07/10/2026	O_HALKBE1026P34.00	HALKB_10/2026_AVRUPA_OPSIYON	D_EQ	SSO	D_EQ_EPP	DE_HALKB_EPP	HALKB.E	30/10/2026	0.02	0.02	0	0	0	0	0	0	0	0	0	0	100	0					
07/10/2026	O_HALKBE1026P35.00	HALKB_10/2026_AVRUPA_OPSIYON	D_EQ	SSO	D_EQ_EPP	DE_HALKB_EPP	HALKB.E	30/10/2026	0.03	0.03	0	0	0	0	0	0	0	0	0	0	0	0					
07/10/2026	O_HALKBE1026P36.00	HALKB_10/2026_AVRUPA_OPSIYON	D_EQ	SSO	D_EQ_EPP	DE_HALKB_EPP	HALKB.E	30/10/2026	0.05	0.05	0	0	0	0	0	0	0	0	0	0	300	0					
07/10/2026	O_HALKBE1026P37.00	HALKB_10/2026_AVRUPA_OPSIYON	D_EQ	SSO	D_EQ_EPP	DE_HALKB_EPP	HALKB.E	30/10/2026	0.09	0.08	12.5	0	0	0	0	0	0	0	0	0	121	0					
07/10/2026	O_HALKBE1026P38.00	HALKB_10/2026_AVRUPA_OPSIYON	D_EQ	SSO	D_EQ_EPP	DE_HALKB_EPP	HALKB.E	30/10/2026	0.14	0.12	16.67	0	0	0	0	0	0	0	0	0	0	0					
07/10/2026	O_HALKBE1026P39.00	HALKB_10/2026_AVRUPA_OPSIYON	D_EQ	SSO	D_EQ_EPP	DE_HALKB_EPP	HALKB.E	30/10/2026	0.22	0.18	22.22	0.32	0.32	0.32	0.32	0.32	3217500	26400	825	3	845	745					
07/10/2026	O_HALKBE1026P40.00	HALKB_10/2026_AVRUPA_OPSIYON	D_EQ	SSO	D_EQ_EPP	DE_HALKB_EPP	HALKB.E	30/10/2026	0.33	0.27	22.22	0	0	0	0	0	0	0	0	0	200	0					
07/10/2026	O_HALKBE1026P41.00	HALKB_10/2026_AVRUPA_OPSIYON	D_EQ	SSO	D_EQ_EPP	DE_HALKB_EPP	HALKB.E	30/10/2026	0.49	0.4	22.5	0	0	0	0	0	0	0	0	0	171	0					
07/10/2026	O_HALKBE1026P42.00	HALKB_10/2026_AVRUPA_OPSIYON	D_EQ	SSO	D_EQ_EPP	DE_HALKB_EPP	HALKB.E	30/10/2026	0.69	0.57	21.05	0	0	0	0	0	0	0	0	0	62	0					
07/10/2026	O_HALKBE1026P43.00	HALKB_10/2026_AVRUPA_OPSIYON	D_EQ	SSO	D_EQ_EPP	DE_HALKB_EPP	HALKB.E	30/10/2026	0.95	0.78	21.79	0	0	0	0	0	0	0	0	0	75	0					
07/10/2026	O_HALKBE1026P44.00	HALKB_10/2026_AVRUPA_OPSIYON	D_EQ	SSO	D_EQ_EPP	DE_HALKB_EPP	HALKB.E	30/10/2026	1.3	1.06	22.64	0	0	0	0	0	0	0	0	0	100	0					
07/10/2026	O_HALKBE1026P45.00	HALKB_10/2026_AVRUPA_OPSIYON	D_EQ	SSO	D_EQ_EPP	DE_HALKB_EPP	HALKB.E	30/10/2026	1.72	1.43	20.28	2.22	2.22	2.22	2.22	2.22	90000	4440	20	1	65	0					
07/10/2026	O_HALKBE1026P46.00	HALKB_10/2026_AVRUPA_OPSIYON	D_EQ	SSO	D_EQ_EPP	DE_HALKB_EPP	HALKB.E	30/10/2026	2.22	1.87	18.72	0	0	0	0	0	0	0	0	0	25	0					
07/10/2026	O_HALKBE1026P47.00	HALKB_10/2026_AVRUPA_OPSIYON	D_EQ	SSO	D_EQ_EPP	DE_HALKB_EPP	HALKB.E	30/10/2026	2.81	2.39	17.57	0	0	0	0	0	0	0	0	0	25	0					
07/10/2026	O_HALKBE1026P48.00	HALKB_10/2026_AVRUPA_OPSIYON	D_EQ	SSO	D_EQ_EPP	DE_HALKB_EPP	HALKB.E	30/10/2026	3.47	2.99	16.05	4.16	4.1	4.16	4.1	4.13	384000	33040	80	2	80	80					
07/10/2026	O_HALKBE1026P49.00	HALKB_10/2026_AVRUPA_OPSIYON	D_EQ	SSO	D_EQ_EPP	DE_HALKB_EPP	HALKB.E	30/10/2026	4.2	3.66	14.75	0	0	0	0	0	0	0	0	0	0	0					
07/10/2026	O_HALKBE1026P50.00	HALKB_10/2026_AVRUPA_OPSIYON	D_EQ	SSO	D_EQ_EPP	DE_HALKB_EPP	HALKB.E	30/10/2026	4.98	4.4	13.18	0	0	0	0	0	0	0	0	0	0	0					
07/10/2026	O_HALKBE1026P52.00	HALKB_10/2026_AVRUPA_OPSIYON	D_EQ	SSO	D_EQ_EPP	DE_HALKB_EPP	HALKB.E	30/10/2026	6.66	6.01	10.82	0	0	0	0	0	0	0	0	0	10	0					
07/10/2026	O_HALKBE1026P54.00	HALKB_10/2026_AVRUPA_OPSIYON	D_EQ	SSO	D_EQ_EPP	DE_HALKB_EPP	HALKB.E	30/10/2026	8.45	7.75	9.03	10	9.88	10	9.88	9.94	32400	5964	6	2	2510	0					
07/10/2026	O_HALKBE1026P56.00	HALKB_10/2026_AVRUPA_OPSIYON	D_EQ	SSO	D_EQ_EPP	DE_HALKB_EPP	HALKB.E	30/10/2026	10.31	9.58	7.62	0	0	0	0	0	0	0	0	0	0	0					
07/10/2026	O_HALKBE1026P58.00	HALKB_10/2026_AVRUPA_OPSIYON	D_EQ	SSO	D_EQ_EPP	DE_HALKB_EPP	HALKB.E	30/10/2026	12.21	11.45	6.64	0	0	0	0	0	0	0	0	0	0	0					
07/10/2026	O_HALKBE1126C43.00	HALKB_11/2026_AVRUPA_OPSIYON	D_EQ	SSO	D_EQ_ECP	DE_HALKB_ECP	HALKB.E	30/11/2026	5.3	5.91	-10.32	0	0	0	0	0	0	0	0	0	0	0					
07/10/2026	O_HALKBE1126C44.00	HALKB_11/2026_AVRUPA_OPSIYON	D_EQ	SSO	D_EQ_ECP	DE_HALKB_ECP	HALKB.E	30/11/2026	4.66	5.24	-11.07	0	0	0	0	0	0	0	0	0	0	0					
07/10/2026	O_HALKBE1126C45.00	HALKB_11/2026_AVRUPA_OPSIYON	D_EQ	SSO	D_EQ_ECP	DE_HALKB_ECP	HALKB.E	30/11/2026	4.09	4.6	-11.09	0	0	0	0	0	0	0	0	0	0	0					
07/10/2026	O_HALKBE1126C46.00	HALKB_11/2026_AVRUPA_OPSIYON	D_EQ	SSO	D_EQ_ECP	DE_HALKB_ECP	HALKB.E	30/11/2026	3.56	4.05	-12.1	0	0	0	0	0	0	0	0	0	0	0					
07/10/2026	O_HALKBE1126C47.00	HALKB_11/2026_AVRUPA_OPSIYON	D_EQ	SSO	D_EQ_ECP	DE_HALKB_ECP	HALKB.E	30/11/2026	3.1	3.53	-12.18	0	0	0	0	0	0	0	0	0	1	0					
07/10/2026	O_HALKBE1126C48.00	HALKB_11/2026_AVRUPA_OPSIYON	D_EQ	SSO	D_EQ_ECP	DE_HALKB_ECP	HALKB.E	30/11/2026	2.69	3.08	-12.66	0	0	0	0	0	0	0	0	0	0	0					
07/10/2026	O_HALKBE1126C49.00	HALKB_11/2026_AVRUPA_OPSIYON	D_EQ	SSO	D_EQ_ECP	DE_HALKB_ECP	HALKB.E	30/11/2026	2.32	2.67	-13.11	0	0	0	0	0	0	0	0	0	0	0					
07/10/2026	O_HALKBE1126C50.00	HALKB_11/2026_AVRUPA_OPSIYON	D_EQ	SSO	D_EQ_ECP	DE_HALKB_ECP	HALKB.E	30/11/2026	2.03	2.33	-12.88	0	0	0	0	0	0	0	0	0	0	0					
07/10/2026	O_HALKBE1126C52.00	HALKB_11/2026_AVRUPA_OPSIYON	D_EQ	SSO	D_EQ_ECP	DE_HALKB_ECP	HALKB.E	30/11/2026	1.55	1.79	-13.41	0	0	0	0	0	0	0	0	0	0	0					
07/10/2026	O_HALKBE1126C54.00	HALKB_11/2026_AVRUPA_OPSIYON	D_EQ	SSO	D_EQ_ECP	DE_HALKB_ECP	HALKB.E	30/11/2026	1.18	1.38	-14.49	0.92	0.92	0.92	0.92	0.92	16200	276	3	1	5	0					
07/10/2026	O_HALKBE1126C56.00	HALKB_11/2026_AVRUPA_OPSIYON	D_EQ	SSO	D_EQ_ECP	DE_HALKB_ECP	HALKB.E	30/11/2026	0.91	1.07	-14.95	0	0	0	0	0	0	0	0	0	10	0					
07/10/2026	O_HALKBE1126C58.00	HALKB_11/2026_AVRUPA_OPSIYON	D_EQ	SSO	D_EQ_ECP	DE_HALKB_ECP	HALKB.E	30/11/2026	0.7	0.84	-16.67	0	0	0	0	0	0	0	0	0	10	0					
07/10/2026	O_HALKBE1126C60.00	HALKB_11/2026_AVRUPA_OPSIYON	D_EQ	SSO	D_EQ_ECP	DE_HALKB_ECP	HALKB.E	30/11/2026	0.55	0.66	-16.67	0	0	0	0	0	0	0	0	0	80	0					
07/10/2026	O_HALKBE1126C62.00	HALKB_11/2026_AVRUPA_OPSIYON	D_EQ	SSO	D_EQ_ECP	DE_HALKB_ECP	HALKB.E	30/11/2026	0.43	0.52	-17.31	0	0	0	0	0	0	0	0	0	16	0					
07/10/2026	O_HALKBE1126C64.00	HALKB_11/2026_AVRUPA_OPSIYON	D_EQ	SSO	D_EQ_ECP	DE_HALKB_ECP	HALKB.E	30/11/2026	0.34	0.42	-19.05	0	0	0	0	0	0	0	0	0	0	0					
07/10/2026	O_HALKBE1126C66.00	HALKB_11/2026_AVRUPA_OPSIYON	D_EQ	SSO	D_EQ_ECP	DE_HALKB_ECP	HALKB.E	30/11/2026	0.27	0.34	-20.59	0	0	0	0	0	0	0	0	0	0	0					
07/10/2026	O_HALKBE1126C68.00	HALKB_11/2026_AVRUPA_OPSIYON	D_EQ	SSO	D_EQ_ECP	DE_HALKB_ECP	HALKB.E	30/11/2026	0.22	0.28	-21.43	0	0	0	0	0	0	0	0	0	0	0					
07/10/2026	O_HALKBE1126C70.00	HALKB_11/2026_AVRUPA_OPSIYON	D_EQ	SSO	D_EQ_ECP	DE_HALKB_ECP	HALKB.E	30/11/2026	0.18	0.23	-21.74	0	0	0	0	0	0	0	0	0	1000	0					
07/10/2026	O_HALKBE1126P38.00	HALKB_11/2026_AVRUPA_OPSIYON	D_EQ	SSO	D_EQ_EPP	DE_HALKB_EPP	HALKB.E	30/11/2026	0.48	0.42	14.29	0	0	0	0	0	0	0	0	0	0	0					
07/10/2026	O_HALKBE1126P39.00	HALKB_11/2026_AVRUPA_OPSIYON	D_EQ	SSO	D_EQ_EPP	DE_HALKB_EPP	HALKB.E	30/11/2026	0.61	0.54	12.96	0	0	0	0	0	0	0	0	0	0	0					
07/10/2026	O_HALKBE1126P40.00	HALKB_11/2026_AVRUPA_OPSIYON	D_EQ	SSO	D_EQ_EPP	DE_HALKB_EPP	HALKB.E	30/11/2026	0.77	0.68	13.24	0	0	0	0	0	0	0	0	0	0	0					
07/10/2026	O_HALKBE1126P41.00	HALKB_11/2026_AVRUPA_OPSIYON	D_EQ	SSO	D_EQ_EPP	DE_HALKB_EPP	HALKB.E	30/11/2026	0.96	0.85	12.94	0	0	0	0	0	0	0	0	0	0	0					
07/10/2026	O_HALKBE1126P42.00	HALKB_11/2026_AVRUPA_OPSIYON	D_EQ	SSO	D_EQ_EPP	DE_HALKB_EPP	HALKB.E	30/11/2026	1.19	1.05	13.33	0	0	0	0	0	0	0	0	0	0	0					
07/10/2026	O_HALKBE1126P43.00	HALKB_11/2026_AVRUPA_OPSIYON	D_EQ	SSO	D_EQ_EPP	DE_HALKB_EPP	HALKB.E	30/11/2026	1.45	1.28	13.28	0	0	0	0	0	0	0	0	0	0	0					
07/10/2026	O_HALKBE1126P44.00	HALKB_11/2026_AVRUPA_OPSIYON	D_EQ	SSO	D_EQ_EPP	DE_HALKB_EPP	HALKB.E	30/11/2026	1.75	1.55	12.9	0	0	0	0	0	0	0	0	0	0	0					
07/10/2026	O_HALKBE1126P45.00	HALKB_11/2026_AVRUPA_OPSIYON	D_EQ	SSO	D_EQ_EPP	DE_HALKB_EPP	HALKB.E	30/11/2026	2.13	1.86	14.52	0	0	0	0	0	0	0	0	0	0	0					
07/10/2026	O_HALKBE1126P46.00	HALKB_11/2026_AVRUPA_OPSIYON	D_EQ	SSO	D_EQ_EPP	DE_HALKB_EPP	HALKB.E	30/11/2026	2.55	2.25	13.33	0	0	0	0	0	0	0	0	0	0	0					
07/10/2026	O_HALKBE1126P47.00	HALKB_11/2026_AVRUPA_OPSIYON	D_EQ	SSO	D_EQ_EPP	DE_HALKB_EPP	HALKB.E	30/11/2026	3.03	2.68	13.06	0	0	0	0	0	0	0	0	0	0	0					
07/10/2026	O_HALKBE1126P48.00	HALKB_11/2026_AVRUPA_OPSIYON	D_EQ	SSO	D_EQ_EPP	DE_HALKB_EPP	HALKB.E	30/11/2026	3.56	3.17	12.3	0	0	0	0	0	0	0	0	0	0	0					
07/10/2026	O_HALKBE1126P49.00	HALKB_11/2026_AVRUPA_OPSIYON	D_EQ	SSO	D_EQ_EPP	DE_HALKB_EPP	HALKB.E	30/11/2026	4.15	3.71	11.86	0	0	0	0	0	0	0	0	0	0	0					
07/10/2026	O_HALKBE1126P50.00	HALKB_11/2026_AVRUPA_OPSIYON	D_EQ	SSO	D_EQ_EPP	DE_HALKB_EPP	HALKB.E	30/11/2026	4.8	4.3	11.63	0	0	0	0	0	0	0	0	0	0	0					
07/10/2026	O_HALKBE1126P52.00	HALKB_11/2026_AVRUPA_OPSIYON	D_EQ	SSO	D_EQ_EPP	DE_HALKB_EPP	HALKB.E	30/11/2026	6.21	5.66	9.72	0	0	0	0	0	0	0	0	0	0	0					
07/10/2026	O_HALKBE1126P54.00	HALKB_11/2026_AVRUPA_OPSIYON	D_EQ	SSO	D_EQ_EPP	DE_HALKB_EPP	HALKB.E	30/11/2026	7.73	7.14	8.26	0	0	0	0	0	0	0	0	0	80	0					
07/10/2026	O_HALKBE1126P56.00	HALKB_11/2026_AVRUPA_OPSIYON	D_EQ	SSO	D_EQ_EPP	DE_HALKB_EPP	HALKB.E	30/11/2026	9.35	8.72	7.22	0	0	0	0	0	0	0	0	0	0	0					
07/10/2026	O_HALKBE1126P58.00	HALKB_11/2026_AVRUPA_OPSIYON	D_EQ	SSO	D_EQ_EPP	DE_HALKB_EPP	HALKB.E	30/11/2026	11.03	10.37	6.36	0	0	0	0	0	0	0	0	0	0	0					
07/10/2026	O_HALKBE1126P60.00	HALKB_11/2026_AVRUPA_OPSIYON	D_EQ	SSO	D_EQ_EPP	DE_HALKB_EPP	HALKB.E	30/11/2026	12.77	12.08	5.71	0	0	0	0	0	0	0	0	0	140	0					
07/10/2026	O_HALKBE1226C47.00	HALKB_12/2026_AVRUPA_OPSIYON	D_EQ	SSO	D_EQ_ECP	DE_HALKB_ECP	HALKB.E	31/12/2026	4.99	5.5	-9.27	0	0	0	0	0	0	0	0	0	0	0					
07/10/2026	O_HALKBE1226C48.00	HALKB_12/2026_AVRUPA_OPSIYON	D_EQ	SSO	D_EQ_ECP	DE_HALKB_ECP	HALKB.E	31/12/2026	4.51	4.98	-9.44	0	0	0	0	0	0	0	0	0	0	0					
07/10/2026	O_HALKBE1226C49.00	HALKB_12/2026_AVRUPA_OPSIYON	D_EQ	SSO	D_EQ_ECP	DE_HALKB_ECP	HALKB.E	31/12/2026	4.07	4.51	-9.76	0	0	0	0	0	0	0	0	0	0	0					
07/10/2026	O_HALKBE1226C50.00	HALKB_12/2026_AVRUPA_OPSIYON	D_EQ	SSO	D_EQ_ECP	DE_HALKB_ECP	HALKB.E	31/12/2026	3.67	4.08	-10.05	0	0	0	0	0	0	0	0	0	0	0					
07/10/2026	O_HALKBE1226C52.00	HALKB_12/2026_AVRUPA_OPSIYON	D_EQ	SSO	D_EQ_ECP	DE_HALKB_ECP	HALKB.E	31/12/2026	3.05	3.37	-9.5	0	0	0	0	0	0	0	0	0	0	0					
07/10/2026	O_HALKBE1226C54.00	HALKB_12/2026_AVRUPA_OPSIYON	D_EQ	SSO	D_EQ_ECP	DE_HALKB_ECP	HALKB.E	31/12/2026	2.54	2.82	-9.93	0	0	0	0	0	0	0	0	0	0	0					
07/10/2026	O_HALKBE1226C56.00	HALKB_12/2026_AVRUPA_OPSIYON	D_EQ	SSO	D_EQ_ECP	DE_HALKB_ECP	HALKB.E	31/12/2026	2.12	2.37	-10.55	0	0	0	0	0	0	0	0	0	0	0					
07/10/2026	O_HALKBE1226C58.00	HALKB_12/2026_AVRUPA_OPSIYON	D_EQ	SSO	D_EQ_ECP	DE_HALKB_ECP	HALKB.E	31/12/2026	1.78	2	-11	0	0	0	0	0	0	0	0	0	0	0					
07/10/2026	O_HALKBE1226C60.00	HALKB_12/2026_AVRUPA_OPSIYON	D_EQ	SSO	D_EQ_ECP	DE_HALKB_ECP	HALKB.E	31/12/2026	1.5	1.7	-11.76	0	0	0	0	0	0	0	0	0	0	0					
07/10/2026	O_HALKBE1226P42.00	HALKB_12/2026_AVRUPA_OPSIYON	D_EQ	SSO	D_EQ_EPP	DE_HALKB_EPP	HALKB.E	31/12/2026	1.27	1.15	10.43	0	0	0	0	0	0	0	0	0	0	0					
07/10/2026	O_HALKBE1226P43.00	HALKB_12/2026_AVRUPA_OPSIYON	D_EQ	SSO	D_EQ_EPP	DE_HALKB_EPP	HALKB.E	31/12/2026	1.49	1.34	11.19	0	0	0	0	0	0	0	0	0	0	0					
07/10/2026	O_HALKBE1226P44.00	HALKB_12/2026_AVRUPA_OPSIYON	D_EQ	SSO	D_EQ_EPP	DE_HALKB_EPP	HALKB.E	31/12/2026	1.73	1.57	10.19	0	0	0	0	0	0	0	0	0	0	0					
07/10/2026	O_HALKBE1226P45.00	HALKB_12/2026_AVRUPA_OPSIYON	D_EQ	SSO	D_EQ_EPP	DE_HALKB_EPP	HALKB.E	31/12/2026	2.01	1.81	11.05	0	0	0	0	0	0	0	0	0	0	0					
07/10/2026	O_HALKBE1226P46.00	HALKB_12/2026_AVRUPA_OPSIYON	D_EQ	SSO	D_EQ_EPP	DE_HALKB_EPP	HALKB.E	31/12/2026	2.34	2.09	11.96	0	0	0	0	0	0	0	0	0	0	0					
07/10/2026	O_HALKBE1226P47.00	HALKB_12/2026_AVRUPA_OPSIYON	D_EQ	SSO	D_EQ_EPP	DE_HALKB_EPP	HALKB.E	31/12/2026	2.72	2.43	11.93	0	0	0	0	0	0	0	0	0	0	0					
07/10/2026	O_HALKBE1226P48.00	HALKB_12/2026_AVRUPA_OPSIYON	D_EQ	SSO	D_EQ_EPP	DE_HALKB_EPP	HALKB.E	31/12/2026	3.13	2.81	11.39	0	0	0	0	0	0	0	0	0	0	0					
07/10/2026	O_HALKBE1226P49.00	HALKB_12/2026_AVRUPA_OPSIYON	D_EQ	SSO	D_EQ_EPP	DE_HALKB_EPP	HALKB.E	31/12/2026	3.6	3.24	11.11	0	0	0	0	0	0	0	0	0	0	0					
07/10/2026	O_HALKBE1226P50.00	HALKB_12/2026_AVRUPA_OPSIYON	D_EQ	SSO	D_EQ_EPP	DE_HALKB_EPP	HALKB.E	31/12/2026	4.09	3.71	10.24	0	0	0	0	0	0	0	0	0	0	0					
07/10/2026	O_ISCTRE1026C12.00	ISCTR_10/2026_AVRUPA_OPSIYON	D_EQ	SSO	D_EQ_ECP	DE_ISCTR_ECP	ISCTR.E	30/10/2026	1.36	1.3	4.62	0	0	0	0	0	0	0	0	0	101	0					
07/10/2026	O_ISCTRE1026C12.50	ISCTR_10/2026_AVRUPA_OPSIYON	D_EQ	SSO	D_EQ_ECP	DE_ISCTR_ECP	ISCTR.E	30/10/2026	0.98	0.92	6.52	0.7	0.7	0.7	0.7	0.7	1250000	70000	1000	2	14703	-1000					
07/10/2026	O_ISCTRE1026C13.00	ISCTR_10/2026_AVRUPA_OPSIYON	D_EQ	SSO	D_EQ_ECP	DE_ISCTR_ECP	ISCTR.E	30/10/2026	0.67	0.62	8.06	0	0	0	0	0	0	0	0	0	3400	0					
07/10/2026	O_ISCTRE1026C13.50	ISCTR_10/2026_AVRUPA_OPSIYON	D_EQ	SSO	D_EQ_ECP	DE_ISCTR_ECP	ISCTR.E	30/10/2026	0.43	0.4	7.5	0	0	0	0	0	0	0	0	0	5512	0					
07/10/2026	O_ISCTRE1026C14.00	ISCTR_10/2026_AVRUPA_OPSIYON	D_EQ	SSO	D_EQ_ECP	DE_ISCTR_ECP	ISCTR.E	30/10/2026	0.26	0.25	4	0	0	0	0	0	0	0	0	0	200	0					
07/10/2026	O_ISCTRE1026C14.50	ISCTR_10/2026_AVRUPA_OPSIYON	D_EQ	SSO	D_EQ_ECP	DE_ISCTR_ECP	ISCTR.E	30/10/2026	0.16	0.15	6.67	0	0	0	0	0	0	0	0	0	6834	0					
07/10/2026	O_ISCTRE1026C15.00	ISCTR_10/2026_AVRUPA_OPSIYON	D_EQ	SSO	D_EQ_ECP	DE_ISCTR_ECP	ISCTR.E	30/10/2026	0.09	0.09	0	0	0	0	0	0	0	0	0	0	10301	0					
07/10/2026	O_ISCTRE1026C15.50	ISCTR_10/2026_AVRUPA_OPSIYON	D_EQ	SSO	D_EQ_ECP	DE_ISCTR_ECP	ISCTR.E	30/10/2026	0.05	0.05	0	0	0	0	0	0	0	0	0	0	9	0					
07/10/2026	O_ISCTRE1026C16.00	ISCTR_10/2026_AVRUPA_OPSIYON	D_EQ	SSO	D_EQ_ECP	DE_ISCTR_ECP	ISCTR.E	30/10/2026	0.03	0.03	0	0	0	0	0	0	0	0	0	0	11004	0					
07/10/2026	O_ISCTRE1026C16.50	ISCTR_10/2026_AVRUPA_OPSIYON	D_EQ	SSO	D_EQ_ECP	DE_ISCTR_ECP	ISCTR.E	30/10/2026	0.02	0.02	0	0	0	0	0	0	0	0	0	0	666	0					
07/10/2026	O_ISCTRE1026C17.00	ISCTR_10/2026_AVRUPA_OPSIYON	D_EQ	SSO	D_EQ_ECP	DE_ISCTR_ECP	ISCTR.E	30/10/2026	0.01	0.01	0	0	0	0	0	0	0	0	0	0	1600	0					
07/10/2026	O_ISCTRE1026C17.50	ISCTR_10/2026_AVRUPA_OPSIYON	D_EQ	SSO	D_EQ_ECP	DE_ISCTR_ECP	ISCTR.E	30/10/2026	0.01	0.01	0	0	0	0	0	0	0	0	0	0	0	0					
07/10/2026	O_ISCTRE1026C18.00	ISCTR_10/2026_AVRUPA_OPSIYON	D_EQ	SSO	D_EQ_ECP	DE_ISCTR_ECP	ISCTR.E	30/10/2026	0.01	0.01	0	0	0	0	0	0	0	0	0	0	1000	0					
07/10/2026	O_ISCTRE1026P10.00	ISCTR_10/2026_AVRUPA_OPSIYON	D_EQ	SSO	D_EQ_EPP	DE_ISCTR_EPP	ISCTR.E	30/10/2026	0.01	0.01	0	0	0	0	0	0	0	0	0	0	0	0					
07/10/2026	O_ISCTRE1026P10.50	ISCTR_10/2026_AVRUPA_OPSIYON	D_EQ	SSO	D_EQ_EPP	DE_ISCTR_EPP	ISCTR.E	30/10/2026	0.01	0.01	0	0	0	0	0	0	0	0	0	0	0	0					
07/10/2026	O_ISCTRE1026P11.00	ISCTR_10/2026_AVRUPA_OPSIYON	D_EQ	SSO	D_EQ_EPP	DE_ISCTR_EPP	ISCTR.E	30/10/2026	0.02	0.03	-33.33	0	0	0	0	0	0	0	0	0	9784	0					
07/10/2026	O_ISCTRE1026P11.50	ISCTR_10/2026_AVRUPA_OPSIYON	D_EQ	SSO	D_EQ_EPP	DE_ISCTR_EPP	ISCTR.E	30/10/2026	0.05	0.06	-16.67	0	0	0	0	0	0	0	0	0	14920	0					
07/10/2026	O_ISCTRE1026P12.00	ISCTR_10/2026_AVRUPA_OPSIYON	D_EQ	SSO	D_EQ_EPP	DE_ISCTR_EPP	ISCTR.E	30/10/2026	0.11	0.13	-15.38	0.13	0.13	0.13	0.13	0.13	12000000	130000	10000	2	37523	10000					
07/10/2026	O_ISCTRE1026P12.50	ISCTR_10/2026_AVRUPA_OPSIYON	D_EQ	SSO	D_EQ_EPP	DE_ISCTR_EPP	ISCTR.E	30/10/2026	0.21	0.25	-16	0	0	0	0	0	0	0	0	0	10022	0					
07/10/2026	O_ISCTRE1026P13.00	ISCTR_10/2026_AVRUPA_OPSIYON	D_EQ	SSO	D_EQ_EPP	DE_ISCTR_EPP	ISCTR.E	30/10/2026	0.39	0.43	-9.3	0.44	0.37	0.44	0.37	0.41	260000	8100	200	2	1502	0					
07/10/2026	O_ISCTRE1026P13.50	ISCTR_10/2026_AVRUPA_OPSIYON	D_EQ	SSO	D_EQ_EPP	DE_ISCTR_EPP	ISCTR.E	30/10/2026	0.64	0.7	-8.57	0	0	0	0	0	0	0	0	0	2762	0					
07/10/2026	O_ISCTRE1026P14.00	ISCTR_10/2026_AVRUPA_OPSIYON	D_EQ	SSO	D_EQ_EPP	DE_ISCTR_EPP	ISCTR.E	30/10/2026	0.96	1.03	-6.8	0	0	0	0	0	0	0	0	0	200	0					
07/10/2026	O_ISCTRE1026P14.50	ISCTR_10/2026_AVRUPA_OPSIYON	D_EQ	SSO	D_EQ_EPP	DE_ISCTR_EPP	ISCTR.E	30/10/2026	1.34	1.42	-5.63	0	0	0	0	0	0	0	0	0	101	0					
07/10/2026	O_ISCTRE1026P15.00	ISCTR_10/2026_AVRUPA_OPSIYON	D_EQ	SSO	D_EQ_EPP	DE_ISCTR_EPP	ISCTR.E	30/10/2026	1.77	1.85	-4.32	0	0	0	0	0	0	0	0	0	1	0					
07/10/2026	O_ISCTRE1026P15.50	ISCTR_10/2026_AVRUPA_OPSIYON	D_EQ	SSO	D_EQ_EPP	DE_ISCTR_EPP	ISCTR.E	30/10/2026	2.22	2.3	-3.48	0	0	0	0	0	0	0	0	0	100	0					
07/10/2026	O_ISCTRE1026P9.80	ISCTR_10/2026_AVRUPA_OPSIYON	D_EQ	SSO	D_EQ_EPP	DE_ISCTR_EPP	ISCTR.E	30/10/2026	0.01	0.01	0	0	0	0	0	0	0	0	0	0	0	0					
07/10/2026	O_ISCTRE1126C12.50	ISCTR_11/2026_AVRUPA_OPSIYON	D_EQ	SSO	D_EQ_ECP	DE_ISCTR_ECP	ISCTR.E	30/11/2026	1.49	1.42	4.93	0	0	0	0	0	0	0	0	0	0	0					
07/10/2026	O_ISCTRE1126C13.00	ISCTR_11/2026_AVRUPA_OPSIYON	D_EQ	SSO	D_EQ_ECP	DE_ISCTR_ECP	ISCTR.E	30/11/2026	1.17	1.11	5.41	0	0	0	0	0	0	0	0	0	185	0					
07/10/2026	O_ISCTRE1126C13.50	ISCTR_11/2026_AVRUPA_OPSIYON	D_EQ	SSO	D_EQ_ECP	DE_ISCTR_ECP	ISCTR.E	30/11/2026	0.9	0.86	4.65	0	0	0	0	0	0	0	0	0	10700	0					
07/10/2026	O_ISCTRE1126C14.00	ISCTR_11/2026_AVRUPA_OPSIYON	D_EQ	SSO	D_EQ_ECP	DE_ISCTR_ECP	ISCTR.E	30/11/2026	0.68	0.65	4.62	0	0	0	0	0	0	0	0	0	0	0					
07/10/2026	O_ISCTRE1126C14.50	ISCTR_11/2026_AVRUPA_OPSIYON	D_EQ	SSO	D_EQ_ECP	DE_ISCTR_ECP	ISCTR.E	30/11/2026	0.52	0.49	6.12	0	0	0	0	0	0	0	0	0	0	0					
07/10/2026	O_ISCTRE1126C15.00	ISCTR_11/2026_AVRUPA_OPSIYON	D_EQ	SSO	D_EQ_ECP	DE_ISCTR_ECP	ISCTR.E	30/11/2026	0.39	0.38	2.63	0	0	0	0	0	0	0	0	0	10000	0					
07/10/2026	O_ISCTRE1126C15.50	ISCTR_11/2026_AVRUPA_OPSIYON	D_EQ	SSO	D_EQ_ECP	DE_ISCTR_ECP	ISCTR.E	30/11/2026	0.3	0.29	3.45	0	0	0	0	0	0	0	0	0	4	0					
07/10/2026	O_ISCTRE1126C16.00	ISCTR_11/2026_AVRUPA_OPSIYON	D_EQ	SSO	D_EQ_ECP	DE_ISCTR_ECP	ISCTR.E	30/11/2026	0.23	0.22	4.55	0	0	0	0	0	0	0	0	0	21	0					
07/10/2026	O_ISCTRE1126C16.50	ISCTR_11/2026_AVRUPA_OPSIYON	D_EQ	SSO	D_EQ_ECP	DE_ISCTR_ECP	ISCTR.E	30/11/2026	0.17	0.17	0	0.1	0.1	0.1	0.1	0.1	6600	40	4	4	405	0					
07/10/2026	O_ISCTRE1126C17.00	ISCTR_11/2026_AVRUPA_OPSIYON	D_EQ	SSO	D_EQ_ECP	DE_ISCTR_ECP	ISCTR.E	30/11/2026	0.13	0.13	0	0	0	0	0	0	0	0	0	0	20000	0					
07/10/2026	O_ISCTRE1126C17.50	ISCTR_11/2026_AVRUPA_OPSIYON	D_EQ	SSO	D_EQ_ECP	DE_ISCTR_ECP	ISCTR.E	30/11/2026	0.1	0.1	0	0	0	0	0	0	0	0	0	0	0	0					
07/10/2026	O_ISCTRE1126C18.00	ISCTR_11/2026_AVRUPA_OPSIYON	D_EQ	SSO	D_EQ_ECP	DE_ISCTR_ECP	ISCTR.E	30/11/2026	0.08	0.08	0	0	0	0	0	0	0	0	0	0	0	0					
07/10/2026	O_ISCTRE1126C18.50	ISCTR_11/2026_AVRUPA_OPSIYON	D_EQ	SSO	D_EQ_ECP	DE_ISCTR_ECP	ISCTR.E	30/11/2026	0.06	0.06	0	0	0	0	0	0	0	0	0	0	0	0					
07/10/2026	O_ISCTRE1126P10.00	ISCTR_11/2026_AVRUPA_OPSIYON	D_EQ	SSO	D_EQ_EPP	DE_ISCTR_EPP	ISCTR.E	30/11/2026	0.03	0.03	0	0	0	0	0	0	0	0	0	0	0	0					
07/10/2026	O_ISCTRE1126P10.50	ISCTR_11/2026_AVRUPA_OPSIYON	D_EQ	SSO	D_EQ_EPP	DE_ISCTR_EPP	ISCTR.E	30/11/2026	0.05	0.06	-16.67	0	0	0	0	0	0	0	0	0	0	0					
07/10/2026	O_ISCTRE1126P11.00	ISCTR_11/2026_AVRUPA_OPSIYON	D_EQ	SSO	D_EQ_EPP	DE_ISCTR_EPP	ISCTR.E	30/11/2026	0.09	0.1	-10	0	0	0	0	0	0	0	0	0	300	0					
07/10/2026	O_ISCTRE1126P11.50	ISCTR_11/2026_AVRUPA_OPSIYON	D_EQ	SSO	D_EQ_EPP	DE_ISCTR_EPP	ISCTR.E	30/11/2026	0.14	0.16	-12.5	0	0	0	0	0	0	0	0	0	0	0					
07/10/2026	O_ISCTRE1126P12.00	ISCTR_11/2026_AVRUPA_OPSIYON	D_EQ	SSO	D_EQ_EPP	DE_ISCTR_EPP	ISCTR.E	30/11/2026	0.22	0.24	-8.33	0	0	0	0	0	0	0	0	0	0	0					
07/10/2026	O_ISCTRE1126P12.50	ISCTR_11/2026_AVRUPA_OPSIYON	D_EQ	SSO	D_EQ_EPP	DE_ISCTR_EPP	ISCTR.E	30/11/2026	0.33	0.36	-8.33	0	0	0	0	0	0	0	0	0	0	0					
07/10/2026	O_ISCTRE1126P13.00	ISCTR_11/2026_AVRUPA_OPSIYON	D_EQ	SSO	D_EQ_EPP	DE_ISCTR_EPP	ISCTR.E	30/11/2026	0.48	0.52	-7.69	0	0	0	0	0	0	0	0	0	0	0					
07/10/2026	O_ISCTRE1126P13.50	ISCTR_11/2026_AVRUPA_OPSIYON	D_EQ	SSO	D_EQ_EPP	DE_ISCTR_EPP	ISCTR.E	30/11/2026	0.69	0.73	-5.48	0	0	0	0	0	0	0	0	0	0	0					
07/10/2026	O_ISCTRE1126P14.00	ISCTR_11/2026_AVRUPA_OPSIYON	D_EQ	SSO	D_EQ_EPP	DE_ISCTR_EPP	ISCTR.E	30/11/2026	0.95	1	-5	0	0	0	0	0	0	0	0	0	28500	0					
07/10/2026	O_ISCTRE1126P14.50	ISCTR_11/2026_AVRUPA_OPSIYON	D_EQ	SSO	D_EQ_EPP	DE_ISCTR_EPP	ISCTR.E	30/11/2026	1.25	1.32	-5.3	0	0	0	0	0	0	0	0	0	0	0					
07/10/2026	O_ISCTRE1126P15.00	ISCTR_11/2026_AVRUPA_OPSIYON	D_EQ	SSO	D_EQ_EPP	DE_ISCTR_EPP	ISCTR.E	30/11/2026	1.6	1.67	-4.19	0	0	0	0	0	0	0	0	0	0	0					
07/10/2026	O_ISCTRE1126P15.50	ISCTR_11/2026_AVRUPA_OPSIYON	D_EQ	SSO	D_EQ_EPP	DE_ISCTR_EPP	ISCTR.E	30/11/2026	1.98	2.06	-3.88	0	0	0	0	0	0	0	0	0	0	0					
07/10/2026	O_ISCTRE1126P16.00	ISCTR_11/2026_AVRUPA_OPSIYON	D_EQ	SSO	D_EQ_EPP	DE_ISCTR_EPP	ISCTR.E	30/11/2026	2.38	2.46	-3.25	0	0	0	0	0	0	0	0	0	0	0					
07/10/2026	O_ISCTRE1226C12.50	ISCTR_12/2026_AVRUPA_OPSIYON	D_EQ	SSO	D_EQ_ECP	DE_ISCTR_ECP	ISCTR.E	31/12/2026	2.07	2.01	2.99	0	0	0	0	0	0	0	0	0	0	0					
07/10/2026	O_ISCTRE1226C13.00	ISCTR_12/2026_AVRUPA_OPSIYON	D_EQ	SSO	D_EQ_ECP	DE_ISCTR_ECP	ISCTR.E	31/12/2026	1.74	1.68	3.57	0	0	0	0	0	0	0	0	0	0	0					
07/10/2026	O_ISCTRE1226C13.50	ISCTR_12/2026_AVRUPA_OPSIYON	D_EQ	SSO	D_EQ_ECP	DE_ISCTR_ECP	ISCTR.E	31/12/2026	1.45	1.39	4.32	0	0	0	0	0	0	0	0	0	0	0					
07/10/2026	O_ISCTRE1226C14.00	ISCTR_12/2026_AVRUPA_OPSIYON	D_EQ	SSO	D_EQ_ECP	DE_ISCTR_ECP	ISCTR.E	31/12/2026	1.19	1.15	3.48	0	0	0	0	0	0	0	0	0	0	0					
07/10/2026	O_ISCTRE1226C14.50	ISCTR_12/2026_AVRUPA_OPSIYON	D_EQ	SSO	D_EQ_ECP	DE_ISCTR_ECP	ISCTR.E	31/12/2026	0.98	0.94	4.26	0	0	0	0	0	0	0	0	0	0	0					
07/10/2026	O_ISCTRE1226C15.00	ISCTR_12/2026_AVRUPA_OPSIYON	D_EQ	SSO	D_EQ_ECP	DE_ISCTR_ECP	ISCTR.E	31/12/2026	0.81	0.78	3.85	0	0	0	0	0	0	0	0	0	0	0					
07/10/2026	O_ISCTRE1226C15.50	ISCTR_12/2026_AVRUPA_OPSIYON	D_EQ	SSO	D_EQ_ECP	DE_ISCTR_ECP	ISCTR.E	31/12/2026	0.67	0.65	3.08	0	0	0	0	0	0	0	0	0	0	0					
07/10/2026	O_ISCTRE1226C16.00	ISCTR_12/2026_AVRUPA_OPSIYON	D_EQ	SSO	D_EQ_ECP	DE_ISCTR_ECP	ISCTR.E	31/12/2026	0.56	0.54	3.7	0	0	0	0	0	0	0	0	0	0	0					
07/10/2026	O_ISCTRE1226C16.50	ISCTR_12/2026_AVRUPA_OPSIYON	D_EQ	SSO	D_EQ_ECP	DE_ISCTR_ECP	ISCTR.E	31/12/2026	0.47	0.45	4.44	0	0	0	0	0	0	0	0	0	0	0					
07/10/2026	O_ISCTRE1226C17.00	ISCTR_12/2026_AVRUPA_OPSIYON	D_EQ	SSO	D_EQ_ECP	DE_ISCTR_ECP	ISCTR.E	31/12/2026	0.39	0.38	2.63	0	0	0	0	0	0	0	0	0	0	0					
07/10/2026	O_ISCTRE1226P10.00	ISCTR_12/2026_AVRUPA_OPSIYON	D_EQ	SSO	D_EQ_EPP	DE_ISCTR_EPP	ISCTR.E	31/12/2026	0.05	0.05	0	0	0	0	0	0	0	0	0	0	0	0					
07/10/2026	O_ISCTRE1226P10.50	ISCTR_12/2026_AVRUPA_OPSIYON	D_EQ	SSO	D_EQ_EPP	DE_ISCTR_EPP	ISCTR.E	31/12/2026	0.08	0.08	0	0	0	0	0	0	0	0	0	0	0	0					
07/10/2026	O_ISCTRE1226P11.00	ISCTR_12/2026_AVRUPA_OPSIYON	D_EQ	SSO	D_EQ_EPP	DE_ISCTR_EPP	ISCTR.E	31/12/2026	0.12	0.12	0	0	0	0	0	0	0	0	0	0	0	0					
07/10/2026	O_ISCTRE1226P11.50	ISCTR_12/2026_AVRUPA_OPSIYON	D_EQ	SSO	D_EQ_EPP	DE_ISCTR_EPP	ISCTR.E	31/12/2026	0.17	0.18	-5.56	0	0	0	0	0	0	0	0	0	0	0					
07/10/2026	O_ISCTRE1226P12.00	ISCTR_12/2026_AVRUPA_OPSIYON	D_EQ	SSO	D_EQ_EPP	DE_ISCTR_EPP	ISCTR.E	31/12/2026	0.24	0.26	-7.69	0	0	0	0	0	0	0	0	0	0	0					
07/10/2026	O_ISCTRE1226P12.50	ISCTR_12/2026_AVRUPA_OPSIYON	D_EQ	SSO	D_EQ_EPP	DE_ISCTR_EPP	ISCTR.E	31/12/2026	0.33	0.35	-5.71	0	0	0	0	0	0	0	0	0	0	0					
07/10/2026	O_ISCTRE1226P13.00	ISCTR_12/2026_AVRUPA_OPSIYON	D_EQ	SSO	D_EQ_EPP	DE_ISCTR_EPP	ISCTR.E	31/12/2026	0.45	0.47	-4.26	0	0	0	0	0	0	0	0	0	0	0					
07/10/2026	O_ISCTRE1226P13.50	ISCTR_12/2026_AVRUPA_OPSIYON	D_EQ	SSO	D_EQ_EPP	DE_ISCTR_EPP	ISCTR.E	31/12/2026	0.6	0.64	-6.25	0	0	0	0	0	0	0	0	0	0	0					
07/10/2026	O_ISCTRE1226P14.00	ISCTR_12/2026_AVRUPA_OPSIYON	D_EQ	SSO	D_EQ_EPP	DE_ISCTR_EPP	ISCTR.E	31/12/2026	0.8	0.84	-4.76	0	0	0	0	0	0	0	0	0	0	0					
07/10/2026	O_ISCTRE1226P14.50	ISCTR_12/2026_AVRUPA_OPSIYON	D_EQ	SSO	D_EQ_EPP	DE_ISCTR_EPP	ISCTR.E	31/12/2026	1.03	1.08	-4.63	0	0	0	0	0	0	0	0	0	0	0					
07/10/2026	O_KCHOLE1026C205.00	KCHOL_10/2026_AVRUPA_OPSIYON	D_EQ	SSO	D_EQ_ECP	DE_KCHOL_ECP	KCHOL.E	30/10/2026	12.99	16.29	-20.26	0	0	0	0	0	0	0	0	0	30	0					
07/10/2026	O_KCHOLE1026C210.00	KCHOL_10/2026_AVRUPA_OPSIYON	D_EQ	SSO	D_EQ_ECP	DE_KCHOL_ECP	KCHOL.E	30/10/2026	9.89	12.81	-22.79	0	0	0	0	0	0	0	0	0	192	0					
07/10/2026	O_KCHOLE1026C215.00	KCHOL_10/2026_AVRUPA_OPSIYON	D_EQ	SSO	D_EQ_ECP	DE_KCHOL_ECP	KCHOL.E	30/10/2026	7.31	9.81	-25.48	0	0	0	0	0	0	0	0	0	139	0					
07/10/2026	O_KCHOLE1026C220.00	KCHOL_10/2026_AVRUPA_OPSIYON	D_EQ	SSO	D_EQ_ECP	DE_KCHOL_ECP	KCHOL.E	30/10/2026	5.25	7.31	-28.18	4.48	4.45	4.48	4.45	4.45	16456000	333034	748	24	748	678					
07/10/2026	O_KCHOLE1026C225.00	KCHOL_10/2026_AVRUPA_OPSIYON	D_EQ	SSO	D_EQ_ECP	DE_KCHOL_ECP	KCHOL.E	30/10/2026	3.68	5.31	-30.7	0	0	0	0	0	0	0	0	0	150	0					
07/10/2026	O_KCHOLE1026C230.00	KCHOL_10/2026_AVRUPA_OPSIYON	D_EQ	SSO	D_EQ_ECP	DE_KCHOL_ECP	KCHOL.E	30/10/2026	2.55	3.77	-32.36	0	0	0	0	0	0	0	0	0	209	0					
07/10/2026	O_KCHOLE1026C235.00	KCHOL_10/2026_AVRUPA_OPSIYON	D_EQ	SSO	D_EQ_ECP	DE_KCHOL_ECP	KCHOL.E	30/10/2026	1.74	2.66	-34.59	0	0	0	0	0	0	0	0	0	68	0					
07/10/2026	O_KCHOLE1026C240.00	KCHOL_10/2026_AVRUPA_OPSIYON	D_EQ	SSO	D_EQ_ECP	DE_KCHOL_ECP	KCHOL.E	30/10/2026	1.16	1.84	-36.96	0	0	0	0	0	0	0	0	0	68	0					
07/10/2026	O_KCHOLE1026C245.00	KCHOL_10/2026_AVRUPA_OPSIYON	D_EQ	SSO	D_EQ_ECP	DE_KCHOL_ECP	KCHOL.E	30/10/2026	0.77	1.26	-38.89	0	0	0	0	0	0	0	0	0	156	0					
07/10/2026	O_KCHOLE1026C250.00	KCHOL_10/2026_AVRUPA_OPSIYON	D_EQ	SSO	D_EQ_ECP	DE_KCHOL_ECP	KCHOL.E	30/10/2026	0.5	0.85	-41.18	0	0	0	0	0	0	0	0	0	144	0					
07/10/2026	O_KCHOLE1026C260.00	KCHOL_10/2026_AVRUPA_OPSIYON	D_EQ	SSO	D_EQ_ECP	DE_KCHOL_ECP	KCHOL.E	30/10/2026	0.21	0.38	-44.74	0	0	0	0	0	0	0	0	0	12	0					
07/10/2026	O_KCHOLE1026C270.00	KCHOL_10/2026_AVRUPA_OPSIYON	D_EQ	SSO	D_EQ_ECP	DE_KCHOL_ECP	KCHOL.E	30/10/2026	0.09	0.16	-43.75	0	0	0	0	0	0	0	0	0	172	0					
07/10/2026	O_KCHOLE1026C280.00	KCHOL_10/2026_AVRUPA_OPSIYON	D_EQ	SSO	D_EQ_ECP	DE_KCHOL_ECP	KCHOL.E	30/10/2026	0.04	0.07	-42.86	0	0	0	0	0	0	0	0	0	430	0					
07/10/2026	O_KCHOLE1026P180.00	KCHOL_10/2026_AVRUPA_OPSIYON	D_EQ	SSO	D_EQ_EPP	DE_KCHOL_EPP	KCHOL.E	30/10/2026	0.22	0.16	37.5	0	0	0	0	0	0	0	0	0	0	0					
07/10/2026	O_KCHOLE1026P185.00	KCHOL_10/2026_AVRUPA_OPSIYON	D_EQ	SSO	D_EQ_EPP	DE_KCHOL_EPP	KCHOL.E	30/10/2026	0.43	0.31	38.71	0	0	0	0	0	0	0	0	0	1	0					
07/10/2026	O_KCHOLE1026P190.00	KCHOL_10/2026_AVRUPA_OPSIYON	D_EQ	SSO	D_EQ_EPP	DE_KCHOL_EPP	KCHOL.E	30/10/2026	0.79	0.57	38.6	0	0	0	0	0	0	0	0	0	139	0					
07/10/2026	O_KCHOLE1026P195.00	KCHOL_10/2026_AVRUPA_OPSIYON	D_EQ	SSO	D_EQ_EPP	DE_KCHOL_EPP	KCHOL.E	30/10/2026	1.37	1	37	0	0	0	0	0	0	0	0	0	484	0					
07/10/2026	O_KCHOLE1026P200.00	KCHOL_10/2026_AVRUPA_OPSIYON	D_EQ	SSO	D_EQ_EPP	DE_KCHOL_EPP	KCHOL.E	30/10/2026	2.25	1.66	35.54	0	0	0	0	0	0	0	0	0	598	0					
07/10/2026	O_KCHOLE1026P205.00	KCHOL_10/2026_AVRUPA_OPSIYON	D_EQ	SSO	D_EQ_EPP	DE_KCHOL_EPP	KCHOL.E	30/10/2026	3.54	2.63	34.6	0	0	0	0	0	0	0	0	0	20	0					
07/10/2026	O_KCHOLE1026P210.00	KCHOL_10/2026_AVRUPA_OPSIYON	D_EQ	SSO	D_EQ_EPP	DE_KCHOL_EPP	KCHOL.E	30/10/2026	5.32	4.03	32.01	0	0	0	0	0	0	0	0	0	189	0					
07/10/2026	O_KCHOLE1026P215.00	KCHOL_10/2026_AVRUPA_OPSIYON	D_EQ	SSO	D_EQ_EPP	DE_KCHOL_EPP	KCHOL.E	30/10/2026	7.62	5.9	29.15	0	0	0	0	0	0	0	0	0	847	0					
07/10/2026	O_KCHOLE1026P220.00	KCHOL_10/2026_AVRUPA_OPSIYON	D_EQ	SSO	D_EQ_EPP	DE_KCHOL_EPP	KCHOL.E	30/10/2026	10.45	8.28	26.21	0	0	0	0	0	0	0	0	0	2350	0					
07/10/2026	O_KCHOLE1026P225.00	KCHOL_10/2026_AVRUPA_OPSIYON	D_EQ	SSO	D_EQ_EPP	DE_KCHOL_EPP	KCHOL.E	30/10/2026	13.75	11.16	23.21	0	0	0	0	0	0	0	0	0	240	0					
07/10/2026	O_KCHOLE1026P230.00	KCHOL_10/2026_AVRUPA_OPSIYON	D_EQ	SSO	D_EQ_EPP	DE_KCHOL_EPP	KCHOL.E	30/10/2026	17.51	14.5	20.76	0	0	0	0	0	0	0	0	0	176	0					
07/10/2026	O_KCHOLE1026P235.00	KCHOL_10/2026_AVRUPA_OPSIYON	D_EQ	SSO	D_EQ_EPP	DE_KCHOL_EPP	KCHOL.E	30/10/2026	21.58	18.26	18.18	0	0	0	0	0	0	0	0	0	33	0					
07/10/2026	O_KCHOLE1026P240.00	KCHOL_10/2026_AVRUPA_OPSIYON	D_EQ	SSO	D_EQ_EPP	DE_KCHOL_EPP	KCHOL.E	30/10/2026	25.88	22.32	15.95	0	0	0	0	0	0	0	0	0	20	0					
07/10/2026	O_KCHOLE1126C215.00	KCHOL_11/2026_AVRUPA_OPSIYON	D_EQ	SSO	D_EQ_ECP	DE_KCHOL_ECP	KCHOL.E	30/11/2026	14.72	17.54	-16.08	13.12	12.88	13.12	12.88	12.99	2150000	129895	100	4	100	100					
07/10/2026	O_KCHOLE1126C220.00	KCHOL_11/2026_AVRUPA_OPSIYON	D_EQ	SSO	D_EQ_ECP	DE_KCHOL_ECP	KCHOL.E	30/11/2026	12.21	14.75	-17.22	0	0	0	0	0	0	0	0	0	20	0					
07/10/2026	O_KCHOLE1126C225.00	KCHOL_11/2026_AVRUPA_OPSIYON	D_EQ	SSO	D_EQ_ECP	DE_KCHOL_ECP	KCHOL.E	30/11/2026	10.05	12.29	-18.23	0	0	0	0	0	0	0	0	0	700	0					
07/10/2026	O_KCHOLE1126C230.00	KCHOL_11/2026_AVRUPA_OPSIYON	D_EQ	SSO	D_EQ_ECP	DE_KCHOL_ECP	KCHOL.E	30/11/2026	8.19	10.17	-19.47	8.64	8.64	8.75	8.75	8.66	1610000	60650	70	4	80	70					
07/10/2026	O_KCHOLE1126C235.00	KCHOL_11/2026_AVRUPA_OPSIYON	D_EQ	SSO	D_EQ_ECP	DE_KCHOL_ECP	KCHOL.E	30/11/2026	6.72	8.34	-19.42	0	0	0	0	0	0	0	0	0	20	0					
07/10/2026	O_KCHOLE1126C240.00	KCHOL_11/2026_AVRUPA_OPSIYON	D_EQ	SSO	D_EQ_ECP	DE_KCHOL_ECP	KCHOL.E	30/11/2026	5.49	6.88	-20.2	0	0	0	0	0	0	0	0	0	10	0					
07/10/2026	O_KCHOLE1126C245.00	KCHOL_11/2026_AVRUPA_OPSIYON	D_EQ	SSO	D_EQ_ECP	DE_KCHOL_ECP	KCHOL.E	30/11/2026	4.47	5.66	-21.02	0	0	0	0	0	0	0	0	0	0	0					
07/10/2026	O_KCHOLE1126C250.00	KCHOL_11/2026_AVRUPA_OPSIYON	D_EQ	SSO	D_EQ_ECP	DE_KCHOL_ECP	KCHOL.E	30/11/2026	3.62	4.64	-21.98	0	0	0	0	0	0	0	0	0	0	0					
07/10/2026	O_KCHOLE1126C260.00	KCHOL_11/2026_AVRUPA_OPSIYON	D_EQ	SSO	D_EQ_ECP	DE_KCHOL_ECP	KCHOL.E	30/11/2026	2.38	3.09	-22.98	0	0	0	0	0	0	0	0	0	0	0					
07/10/2026	O_KCHOLE1126C270.00	KCHOL_11/2026_AVRUPA_OPSIYON	D_EQ	SSO	D_EQ_ECP	DE_KCHOL_ECP	KCHOL.E	30/11/2026	1.56	2.06	-24.27	0	0	0	0	0	0	0	0	0	10	0					
07/10/2026	O_KCHOLE1126C280.00	KCHOL_11/2026_AVRUPA_OPSIYON	D_EQ	SSO	D_EQ_ECP	DE_KCHOL_ECP	KCHOL.E	30/11/2026	1.02	1.37	-25.55	0	0	0	0	0	0	0	0	0	10	0					
07/10/2026	O_KCHOLE1126C290.00	KCHOL_11/2026_AVRUPA_OPSIYON	D_EQ	SSO	D_EQ_ECP	DE_KCHOL_ECP	KCHOL.E	30/11/2026	0.68	0.91	-25.27	0	0	0	0	0	0	0	0	0	0	0					
07/10/2026	O_KCHOLE1126P190.00	KCHOL_11/2026_AVRUPA_OPSIYON	D_EQ	SSO	D_EQ_EPP	DE_KCHOL_EPP	KCHOL.E	30/11/2026	1.99	1.61	23.6	2.3	2.24	2.3	2.24	2.25	3648000	43128	192	6	192	192					
07/10/2026	O_KCHOLE1126P195.00	KCHOL_11/2026_AVRUPA_OPSIYON	D_EQ	SSO	D_EQ_EPP	DE_KCHOL_EPP	KCHOL.E	30/11/2026	2.75	2.25	22.22	0	0	0	0	0	0	0	0	0	0	0					
07/10/2026	O_KCHOLE1126P200.00	KCHOL_11/2026_AVRUPA_OPSIYON	D_EQ	SSO	D_EQ_EPP	DE_KCHOL_EPP	KCHOL.E	30/11/2026	3.73	3.07	21.5	4.17	4.08	4.56	4.56	4.33	4000000	86522	200	10	66	66					
07/10/2026	O_KCHOLE1126P205.00	KCHOL_11/2026_AVRUPA_OPSIYON	D_EQ	SSO	D_EQ_EPP	DE_KCHOL_EPP	KCHOL.E	30/11/2026	4.95	4.1	20.73	0	0	0	0	0	0	0	0	0	0	0					
07/10/2026	O_KCHOLE1126P210.00	KCHOL_11/2026_AVRUPA_OPSIYON	D_EQ	SSO	D_EQ_EPP	DE_KCHOL_EPP	KCHOL.E	30/11/2026	6.48	5.37	20.67	0	0	0	0	0	0	0	0	0	10	0					
07/10/2026	O_KCHOLE1126P215.00	KCHOL_11/2026_AVRUPA_OPSIYON	D_EQ	SSO	D_EQ_EPP	DE_KCHOL_EPP	KCHOL.E	30/11/2026	8.37	6.97	20.09	9.44	9.2	9.44	9.2	9.37	2150000	93720	100	3	110	100					
07/10/2026	O_KCHOLE1126P220.00	KCHOL_11/2026_AVRUPA_OPSIYON	D_EQ	SSO	D_EQ_EPP	DE_KCHOL_EPP	KCHOL.E	30/11/2026	10.58	8.91	18.74	0	0	0	0	0	0	0	0	0	10	0					
07/10/2026	O_KCHOLE1126P225.00	KCHOL_11/2026_AVRUPA_OPSIYON	D_EQ	SSO	D_EQ_EPP	DE_KCHOL_EPP	KCHOL.E	30/11/2026	13.15	11.17	17.73	0	0	0	0	0	0	0	0	0	20	0					
07/10/2026	O_KCHOLE1126P230.00	KCHOL_11/2026_AVRUPA_OPSIYON	D_EQ	SSO	D_EQ_EPP	DE_KCHOL_EPP	KCHOL.E	30/11/2026	16.02	13.77	16.34	0	0	0	0	0	0	0	0	0	10	0					
07/10/2026	O_KCHOLE1126P235.00	KCHOL_11/2026_AVRUPA_OPSIYON	D_EQ	SSO	D_EQ_EPP	DE_KCHOL_EPP	KCHOL.E	30/11/2026	19.27	16.67	15.6	0	0	0	0	0	0	0	0	0	0	0					
07/10/2026	O_KCHOLE1126P240.00	KCHOL_11/2026_AVRUPA_OPSIYON	D_EQ	SSO	D_EQ_EPP	DE_KCHOL_EPP	KCHOL.E	30/11/2026	22.77	19.93	14.25	0	0	0	0	0	0	0	0	0	0	0					
07/10/2026	O_KCHOLE1126P245.00	KCHOL_11/2026_AVRUPA_OPSIYON	D_EQ	SSO	D_EQ_EPP	DE_KCHOL_EPP	KCHOL.E	30/11/2026	26.47	23.42	13.02	0	0	0	0	0	0	0	0	0	23	0					
07/10/2026	O_KCHOLE1226C220.00	KCHOL_12/2026_AVRUPA_OPSIYON	D_EQ	SSO	D_EQ_ECP	DE_KCHOL_ECP	KCHOL.E	31/12/2026	20.71	23.72	-12.69	0	0	0	0	0	0	0	0	0	0	0					
07/10/2026	O_KCHOLE1226C225.00	KCHOL_12/2026_AVRUPA_OPSIYON	D_EQ	SSO	D_EQ_ECP	DE_KCHOL_ECP	KCHOL.E	31/12/2026	18.11	20.91	-13.39	0	0	0	0	0	0	0	0	0	0	0					
07/10/2026	O_KCHOLE1226C230.00	KCHOL_12/2026_AVRUPA_OPSIYON	D_EQ	SSO	D_EQ_ECP	DE_KCHOL_ECP	KCHOL.E	31/12/2026	15.78	18.34	-13.96	0	0	0	0	0	0	0	0	0	0	0					
07/10/2026	O_KCHOLE1226C235.00	KCHOL_12/2026_AVRUPA_OPSIYON	D_EQ	SSO	D_EQ_ECP	DE_KCHOL_ECP	KCHOL.E	31/12/2026	13.69	16.03	-14.6	0	0	0	0	0	0	0	0	0	0	0					
07/10/2026	O_KCHOLE1226C240.00	KCHOL_12/2026_AVRUPA_OPSIYON	D_EQ	SSO	D_EQ_ECP	DE_KCHOL_ECP	KCHOL.E	31/12/2026	11.93	13.95	-14.48	0	0	0	0	0	0	0	0	0	0	0					
07/10/2026	O_KCHOLE1226C245.00	KCHOL_12/2026_AVRUPA_OPSIYON	D_EQ	SSO	D_EQ_ECP	DE_KCHOL_ECP	KCHOL.E	31/12/2026	10.4	12.22	-14.89	0	0	0	0	0	0	0	0	0	0	0					
07/10/2026	O_KCHOLE1226C250.00	KCHOL_12/2026_AVRUPA_OPSIYON	D_EQ	SSO	D_EQ_ECP	DE_KCHOL_ECP	KCHOL.E	31/12/2026	9.05	10.69	-15.34	0	0	0	0	0	0	0	0	0	0	0					
07/10/2026	O_KCHOLE1226C260.00	KCHOL_12/2026_AVRUPA_OPSIYON	D_EQ	SSO	D_EQ_ECP	DE_KCHOL_ECP	KCHOL.E	31/12/2026	6.84	8.16	-16.18	0	0	0	0	0	0	0	0	0	0	0					
07/10/2026	O_KCHOLE1226C270.00	KCHOL_12/2026_AVRUPA_OPSIYON	D_EQ	SSO	D_EQ_ECP	DE_KCHOL_ECP	KCHOL.E	31/12/2026	5.18	6.22	-16.72	0	0	0	0	0	0	0	0	0	0	0					
07/10/2026	O_KCHOLE1226P195.00	KCHOL_12/2026_AVRUPA_OPSIYON	D_EQ	SSO	D_EQ_EPP	DE_KCHOL_EPP	KCHOL.E	31/12/2026	2.87	2.44	17.62	0	0	0	0	0	0	0	0	0	0	0					
07/10/2026	O_KCHOLE1226P200.00	KCHOL_12/2026_AVRUPA_OPSIYON	D_EQ	SSO	D_EQ_EPP	DE_KCHOL_EPP	KCHOL.E	31/12/2026	3.66	3.13	16.93	0	0	0	0	0	0	0	0	0	0	0					
07/10/2026	O_KCHOLE1226P205.00	KCHOL_12/2026_AVRUPA_OPSIYON	D_EQ	SSO	D_EQ_EPP	DE_KCHOL_EPP	KCHOL.E	31/12/2026	4.62	3.96	16.67	0	0	0	0	0	0	0	0	0	0	0					
07/10/2026	O_KCHOLE1226P210.00	KCHOL_12/2026_AVRUPA_OPSIYON	D_EQ	SSO	D_EQ_EPP	DE_KCHOL_EPP	KCHOL.E	31/12/2026	5.75	4.94	16.4	0	0	0	0	0	0	0	0	0	0	0					
07/10/2026	O_KCHOLE1226P215.00	KCHOL_12/2026_AVRUPA_OPSIYON	D_EQ	SSO	D_EQ_EPP	DE_KCHOL_EPP	KCHOL.E	31/12/2026	7.11	6.11	16.37	0	0	0	0	0	0	0	0	0	0	0					
07/10/2026	O_KCHOLE1226P220.00	KCHOL_12/2026_AVRUPA_OPSIYON	D_EQ	SSO	D_EQ_EPP	DE_KCHOL_EPP	KCHOL.E	31/12/2026	8.76	7.52	16.49	0	0	0	0	0	0	0	0	0	0	0					
07/10/2026	O_KCHOLE1226P225.00	KCHOL_12/2026_AVRUPA_OPSIYON	D_EQ	SSO	D_EQ_EPP	DE_KCHOL_EPP	KCHOL.E	31/12/2026	10.65	9.2	15.76	0	0	0	0	0	0	0	0	0	0	0					
07/10/2026	O_KCHOLE1226P230.00	KCHOL_12/2026_AVRUPA_OPSIYON	D_EQ	SSO	D_EQ_EPP	DE_KCHOL_EPP	KCHOL.E	31/12/2026	12.82	11.11	15.39	0	0	0	0	0	0	0	0	0	0	0					
07/10/2026	O_KCHOLE1226P235.00	KCHOL_12/2026_AVRUPA_OPSIYON	D_EQ	SSO	D_EQ_EPP	DE_KCHOL_EPP	KCHOL.E	31/12/2026	15.21	13.3	14.36	0	0	0	0	0	0	0	0	0	0	0					
07/10/2026	O_KRDMDE1026C42.00	KRDMD_10/2026_AVRUPA_OPSIYON	D_EQ	SSO	D_EQ_ECP	DE_KRDMD_ECP	KRDMD.E	30/10/2026	3	4.15	-27.71	0	0	0	0	0	0	0	0	0	0	0					
07/10/2026	O_KRDMDE1026C43.00	KRDMD_10/2026_AVRUPA_OPSIYON	D_EQ	SSO	D_EQ_ECP	DE_KRDMD_ECP	KRDMD.E	30/10/2026	2.42	3.46	-30.06	2.36	2.14	2.36	2.14	2.16	1388900	69632	323	8	666	323					
07/10/2026	O_KRDMDE1026C44.00	KRDMD_10/2026_AVRUPA_OPSIYON	D_EQ	SSO	D_EQ_ECP	DE_KRDMD_ECP	KRDMD.E	30/10/2026	1.92	2.84	-32.39	0	0	0	0	0	0	0	0	0	643	0					
07/10/2026	O_KRDMDE1026C45.00	KRDMD_10/2026_AVRUPA_OPSIYON	D_EQ	SSO	D_EQ_ECP	DE_KRDMD_ECP	KRDMD.E	30/10/2026	1.5	2.3	-34.78	2.06	1.46	2.06	1.46	1.94	36000	1552	8	3	721	-2					
07/10/2026	O_KRDMDE1026C46.00	KRDMD_10/2026_AVRUPA_OPSIYON	D_EQ	SSO	D_EQ_ECP	DE_KRDMD_ECP	KRDMD.E	30/10/2026	1.14	1.84	-38.04	1.6	1.04	1.6	1.04	1.23	690000	18400	150	3	807	100					
07/10/2026	O_KRDMDE1026C47.00	KRDMD_10/2026_AVRUPA_OPSIYON	D_EQ	SSO	D_EQ_ECP	DE_KRDMD_ECP	KRDMD.E	30/10/2026	0.86	1.44	-40.28	1.48	1.48	1.48	1.48	1.48	235000	7400	50	1	413	50					
07/10/2026	O_KRDMDE1026C48.00	KRDMD_10/2026_AVRUPA_OPSIYON	D_EQ	SSO	D_EQ_ECP	DE_KRDMD_ECP	KRDMD.E	30/10/2026	0.64	1.11	-42.34	0	0	0	0	0	0	0	0	0	0	0					
07/10/2026	O_KRDMDE1026C49.00	KRDMD_10/2026_AVRUPA_OPSIYON	D_EQ	SSO	D_EQ_ECP	DE_KRDMD_ECP	KRDMD.E	30/10/2026	0.46	0.85	-45.88	0	0	0	0	0	0	0	0	0	25	0					
07/10/2026	O_KRDMDE1026C50.00	KRDMD_10/2026_AVRUPA_OPSIYON	D_EQ	SSO	D_EQ_ECP	DE_KRDMD_ECP	KRDMD.E	30/10/2026	0.33	0.64	-48.44	0	0	0	0	0	0	0	0	0	0	0					
07/10/2026	O_KRDMDE1026C52.00	KRDMD_10/2026_AVRUPA_OPSIYON	D_EQ	SSO	D_EQ_ECP	DE_KRDMD_ECP	KRDMD.E	30/10/2026	0.16	0.34	-52.94	0	0	0	0	0	0	0	0	0	425	0					
07/10/2026	O_KRDMDE1026C54.00	KRDMD_10/2026_AVRUPA_OPSIYON	D_EQ	SSO	D_EQ_ECP	DE_KRDMD_ECP	KRDMD.E	30/10/2026	0.07	0.17	-58.82	0	0	0	0	0	0	0	0	0	0	0					
07/10/2026	O_KRDMDE1026C56.00	KRDMD_10/2026_AVRUPA_OPSIYON	D_EQ	SSO	D_EQ_ECP	DE_KRDMD_ECP	KRDMD.E	30/10/2026	0.03	0.08	-62.5	0	0	0	0	0	0	0	0	0	413	0					
07/10/2026	O_KRDMDE1026C58.00	KRDMD_10/2026_AVRUPA_OPSIYON	D_EQ	SSO	D_EQ_ECP	DE_KRDMD_ECP	KRDMD.E	30/10/2026	0.01	0.04	-75	0	0	0	0	0	0	0	0	0	325	0					
07/10/2026	O_KRDMDE1026C60.00	KRDMD_10/2026_AVRUPA_OPSIYON	D_EQ	SSO	D_EQ_ECP	DE_KRDMD_ECP	KRDMD.E	30/10/2026	0.01	0.02	-50	0	0	0	0	0	0	0	0	0	75	0					
07/10/2026	O_KRDMDE1026C62.00	KRDMD_10/2026_AVRUPA_OPSIYON	D_EQ	SSO	D_EQ_ECP	DE_KRDMD_ECP	KRDMD.E	30/10/2026	0.01	0.01	0	0	0	0	0	0	0	0	0	0	35	0					
07/10/2026	O_KRDMDE1026P37.00	KRDMD_10/2026_AVRUPA_OPSIYON	D_EQ	SSO	D_EQ_EPP	DE_KRDMD_EPP	KRDMD.E	30/10/2026	0.12	0.07	71.43	0	0	0	0	0	0	0	0	0	0	0					
07/10/2026	O_KRDMDE1026P38.00	KRDMD_10/2026_AVRUPA_OPSIYON	D_EQ	SSO	D_EQ_EPP	DE_KRDMD_EPP	KRDMD.E	30/10/2026	0.21	0.12	75	0	0	0	0	0	0	0	0	0	318	0					
07/10/2026	O_KRDMDE1026P39.00	KRDMD_10/2026_AVRUPA_OPSIYON	D_EQ	SSO	D_EQ_EPP	DE_KRDMD_EPP	KRDMD.E	30/10/2026	0.34	0.2	70	0.36	0.36	0.36	0.36	0.36	390000	3600	100	2	319	100					
07/10/2026	O_KRDMDE1026P40.00	KRDMD_10/2026_AVRUPA_OPSIYON	D_EQ	SSO	D_EQ_EPP	DE_KRDMD_EPP	KRDMD.E	30/10/2026	0.52	0.32	62.5	0	0	0	0	0	0	0	0	0	300	0					
07/10/2026	O_KRDMDE1026P41.00	KRDMD_10/2026_AVRUPA_OPSIYON	D_EQ	SSO	D_EQ_EPP	DE_KRDMD_EPP	KRDMD.E	30/10/2026	0.77	0.49	57.14	0	0	0	0	0	0	0	0	0	250	0					
07/10/2026	O_KRDMDE1026P42.00	KRDMD_10/2026_AVRUPA_OPSIYON	D_EQ	SSO	D_EQ_EPP	DE_KRDMD_EPP	KRDMD.E	30/10/2026	1.09	0.71	53.52	1.18	1.18	1.3	1.24	1.22	12549600	359669	2988	8	2607	-2393					
07/10/2026	O_KRDMDE1026P43.00	KRDMD_10/2026_AVRUPA_OPSIYON	D_EQ	SSO	D_EQ_EPP	DE_KRDMD_EPP	KRDMD.E	30/10/2026	1.48	1	48	1.58	1.58	1.72	1.72	1.65	430000	16500	100	2	50	0					
07/10/2026	O_KRDMDE1026P44.00	KRDMD_10/2026_AVRUPA_OPSIYON	D_EQ	SSO	D_EQ_EPP	DE_KRDMD_EPP	KRDMD.E	30/10/2026	1.96	1.36	44.12	1.72	1.72	2.22	2.22	2.13	902000	43660	205	5	298	-195					
07/10/2026	O_KRDMDE1026P45.00	KRDMD_10/2026_AVRUPA_OPSIYON	D_EQ	SSO	D_EQ_EPP	DE_KRDMD_EPP	KRDMD.E	30/10/2026	2.51	1.79	40.22	2.2	2.18	2.64	2.64	2.41	472500	25290	105	3	525	0					
07/10/2026	O_KRDMDE1026P46.00	KRDMD_10/2026_AVRUPA_OPSIYON	D_EQ	SSO	D_EQ_EPP	DE_KRDMD_EPP	KRDMD.E	30/10/2026	3.14	2.3	36.52	2.63	2.62	3.28	3.28	2.91	1150000	72850	250	5	711	-50					
07/10/2026	O_KRDMDE1026P47.00	KRDMD_10/2026_AVRUPA_OPSIYON	D_EQ	SSO	D_EQ_EPP	DE_KRDMD_EPP	KRDMD.E	30/10/2026	3.83	2.88	32.99	3.4	3.4	4	4	3.53	1175000	88200	250	5	835	-150					
07/10/2026	O_KRDMDE1026P48.00	KRDMD_10/2026_AVRUPA_OPSIYON	D_EQ	SSO	D_EQ_EPP	DE_KRDMD_EPP	KRDMD.E	30/10/2026	4.58	3.53	29.75	4.1	4.1	4.98	4.92	4.62	1200000	115400	250	5	558	50					
07/10/2026	O_KRDMDE1026P49.00	KRDMD_10/2026_AVRUPA_OPSIYON	D_EQ	SSO	D_EQ_EPP	DE_KRDMD_EPP	KRDMD.E	30/10/2026	5.38	4.24	26.89	5.8	5.76	5.8	5.76	5.79	1715000	202600	350	7	1011	350					
07/10/2026	O_KRDMDE1026P50.00	KRDMD_10/2026_AVRUPA_OPSIYON	D_EQ	SSO	D_EQ_EPP	DE_KRDMD_EPP	KRDMD.E	30/10/2026	6.23	5	24.6	0	0	0	0	0	0	0	0	0	200	0					
07/10/2026	O_KRDMDE1026P52.00	KRDMD_10/2026_AVRUPA_OPSIYON	D_EQ	SSO	D_EQ_EPP	DE_KRDMD_EPP	KRDMD.E	30/10/2026	8.01	6.66	20.27	0	0	0	0	0	0	0	0	0	0	0					
07/10/2026	O_KRDMDE1126C43.00	KRDMD_11/2026_AVRUPA_OPSIYON	D_EQ	SSO	D_EQ_ECP	DE_KRDMD_ECP	KRDMD.E	30/11/2026	4.16	5.24	-20.61	0	0	0	0	0	0	0	0	0	1	0					
07/10/2026	O_KRDMDE1126C44.00	KRDMD_11/2026_AVRUPA_OPSIYON	D_EQ	SSO	D_EQ_ECP	DE_KRDMD_ECP	KRDMD.E	30/11/2026	3.63	4.64	-21.77	0	0	0	0	0	0	0	0	0	0	0					
07/10/2026	O_KRDMDE1126C45.00	KRDMD_11/2026_AVRUPA_OPSIYON	D_EQ	SSO	D_EQ_ECP	DE_KRDMD_ECP	KRDMD.E	30/11/2026	3.15	4.08	-22.79	0	0	0	0	0	0	0	0	0	0	0					
07/10/2026	O_KRDMDE1126C46.00	KRDMD_11/2026_AVRUPA_OPSIYON	D_EQ	SSO	D_EQ_ECP	DE_KRDMD_ECP	KRDMD.E	30/11/2026	2.71	3.57	-24.09	0	0	0	0	0	0	0	0	0	0	0					
07/10/2026	O_KRDMDE1126C47.00	KRDMD_11/2026_AVRUPA_OPSIYON	D_EQ	SSO	D_EQ_ECP	DE_KRDMD_ECP	KRDMD.E	30/11/2026	2.32	3.11	-25.4	0	0	0	0	0	0	0	0	0	0	0					
07/10/2026	O_KRDMDE1126C48.00	KRDMD_11/2026_AVRUPA_OPSIYON	D_EQ	SSO	D_EQ_ECP	DE_KRDMD_ECP	KRDMD.E	30/11/2026	1.98	2.69	-26.39	0	0	0	0	0	0	0	0	0	0	0					
07/10/2026	O_KRDMDE1126C49.00	KRDMD_11/2026_AVRUPA_OPSIYON	D_EQ	SSO	D_EQ_ECP	DE_KRDMD_ECP	KRDMD.E	30/11/2026	1.68	2.32	-27.59	0	0	0	0	0	0	0	0	0	0	0					
07/10/2026	O_KRDMDE1126C50.00	KRDMD_11/2026_AVRUPA_OPSIYON	D_EQ	SSO	D_EQ_ECP	DE_KRDMD_ECP	KRDMD.E	30/11/2026	1.41	1.98	-28.79	0	0	0	0	0	0	0	0	0	0	0					
07/10/2026	O_KRDMDE1126C52.00	KRDMD_11/2026_AVRUPA_OPSIYON	D_EQ	SSO	D_EQ_ECP	DE_KRDMD_ECP	KRDMD.E	30/11/2026	0.99	1.43	-30.77	0	0	0	0	0	0	0	0	0	0	0					
07/10/2026	O_KRDMDE1126C54.00	KRDMD_11/2026_AVRUPA_OPSIYON	D_EQ	SSO	D_EQ_ECP	DE_KRDMD_ECP	KRDMD.E	30/11/2026	0.68	1.02	-33.33	0	0	0	0	0	0	0	0	0	0	0					
07/10/2026	O_KRDMDE1126C56.00	KRDMD_11/2026_AVRUPA_OPSIYON	D_EQ	SSO	D_EQ_ECP	DE_KRDMD_ECP	KRDMD.E	30/11/2026	0.45	0.71	-36.62	0	0	0	0	0	0	0	0	0	0	0					
07/10/2026	O_KRDMDE1126C58.00	KRDMD_11/2026_AVRUPA_OPSIYON	D_EQ	SSO	D_EQ_ECP	DE_KRDMD_ECP	KRDMD.E	30/11/2026	0.3	0.49	-38.78	0	0	0	0	0	0	0	0	0	0	0					
07/10/2026	O_KRDMDE1126C60.00	KRDMD_11/2026_AVRUPA_OPSIYON	D_EQ	SSO	D_EQ_ECP	DE_KRDMD_ECP	KRDMD.E	30/11/2026	0.2	0.33	-39.39	0	0	0	0	0	0	0	0	0	0	0					
07/10/2026	O_KRDMDE1126C62.00	KRDMD_11/2026_AVRUPA_OPSIYON	D_EQ	SSO	D_EQ_ECP	DE_KRDMD_ECP	KRDMD.E	30/11/2026	0.13	0.22	-40.91	0	0	0	0	0	0	0	0	0	0	0					
07/10/2026	O_KRDMDE1126C64.00	KRDMD_11/2026_AVRUPA_OPSIYON	D_EQ	SSO	D_EQ_ECP	DE_KRDMD_ECP	KRDMD.E	30/11/2026	0.08	0.14	-42.86	0	0	0	0	0	0	0	0	0	0	0					
07/10/2026	O_KRDMDE1126P38.00	KRDMD_11/2026_AVRUPA_OPSIYON	D_EQ	SSO	D_EQ_EPP	DE_KRDMD_EPP	KRDMD.E	30/11/2026	0.54	0.38	42.11	0	0	0	0	0	0	0	0	0	0	0					
07/10/2026	O_KRDMDE1126P39.00	KRDMD_11/2026_AVRUPA_OPSIYON	D_EQ	SSO	D_EQ_EPP	DE_KRDMD_EPP	KRDMD.E	30/11/2026	0.72	0.52	38.46	0	0	0	0	0	0	0	0	0	0	0					
07/10/2026	O_KRDMDE1126P40.00	KRDMD_11/2026_AVRUPA_OPSIYON	D_EQ	SSO	D_EQ_EPP	DE_KRDMD_EPP	KRDMD.E	30/11/2026	0.95	0.69	37.68	0	0	0	0	0	0	0	0	0	0	0					
07/10/2026	O_KRDMDE1126P41.00	KRDMD_11/2026_AVRUPA_OPSIYON	D_EQ	SSO	D_EQ_EPP	DE_KRDMD_EPP	KRDMD.E	30/11/2026	1.22	0.9	35.56	0	0	0	0	0	0	0	0	0	0	0					
07/10/2026	O_KRDMDE1126P42.00	KRDMD_11/2026_AVRUPA_OPSIYON	D_EQ	SSO	D_EQ_EPP	DE_KRDMD_EPP	KRDMD.E	30/11/2026	1.53	1.15	33.04	0	0	0	0	0	0	0	0	0	0	0					
07/10/2026	O_KRDMDE1126P43.00	KRDMD_11/2026_AVRUPA_OPSIYON	D_EQ	SSO	D_EQ_EPP	DE_KRDMD_EPP	KRDMD.E	30/11/2026	1.89	1.45	30.34	0	0	0	0	0	0	0	0	0	0	0					
07/10/2026	O_KRDMDE1126P44.00	KRDMD_11/2026_AVRUPA_OPSIYON	D_EQ	SSO	D_EQ_EPP	DE_KRDMD_EPP	KRDMD.E	30/11/2026	2.31	1.79	29.05	0	0	0	0	0	0	0	0	0	0	0					
07/10/2026	O_KRDMDE1126P45.00	KRDMD_11/2026_AVRUPA_OPSIYON	D_EQ	SSO	D_EQ_EPP	DE_KRDMD_EPP	KRDMD.E	30/11/2026	2.77	2.18	27.06	0	0	0	0	0	0	0	0	0	0	0					
07/10/2026	O_KRDMDE1126P46.00	KRDMD_11/2026_AVRUPA_OPSIYON	D_EQ	SSO	D_EQ_EPP	DE_KRDMD_EPP	KRDMD.E	30/11/2026	3.28	2.61	25.67	0	0	0	0	0	0	0	0	0	2	0					
07/10/2026	O_KRDMDE1126P47.00	KRDMD_11/2026_AVRUPA_OPSIYON	D_EQ	SSO	D_EQ_EPP	DE_KRDMD_EPP	KRDMD.E	30/11/2026	3.84	3.09	24.27	0	0	0	0	0	0	0	0	0	1	0					
07/10/2026	O_KRDMDE1126P48.00	KRDMD_11/2026_AVRUPA_OPSIYON	D_EQ	SSO	D_EQ_EPP	DE_KRDMD_EPP	KRDMD.E	30/11/2026	4.44	3.62	22.65	0	0	0	0	0	0	0	0	0	0	0					
07/10/2026	O_KRDMDE1126P49.00	KRDMD_11/2026_AVRUPA_OPSIYON	D_EQ	SSO	D_EQ_EPP	DE_KRDMD_EPP	KRDMD.E	30/11/2026	5.08	4.19	21.24	0	0	0	0	0	0	0	0	0	0	0					
07/10/2026	O_KRDMDE1126P50.00	KRDMD_11/2026_AVRUPA_OPSIYON	D_EQ	SSO	D_EQ_EPP	DE_KRDMD_EPP	KRDMD.E	30/11/2026	5.76	4.8	20	0	0	0	0	0	0	0	0	0	0	0					
07/10/2026	O_KRDMDE1126P52.00	KRDMD_11/2026_AVRUPA_OPSIYON	D_EQ	SSO	D_EQ_EPP	DE_KRDMD_EPP	KRDMD.E	30/11/2026	7.22	6.14	17.59	0	0	0	0	0	0	0	0	0	0	0					
07/10/2026	O_KRDMDE1126P54.00	KRDMD_11/2026_AVRUPA_OPSIYON	D_EQ	SSO	D_EQ_EPP	DE_KRDMD_EPP	KRDMD.E	30/11/2026	8.8	7.61	15.64	0	0	0	0	0	0	0	0	0	0	0					
07/10/2026	O_KRDMDE1226C46.00	KRDMD_12/2026_AVRUPA_OPSIYON	D_EQ	SSO	D_EQ_ECP	DE_KRDMD_ECP	KRDMD.E	31/12/2026	4.5	5.5	-18.18	0	0	0	0	0	0	0	0	0	0	0					
07/10/2026	O_KRDMDE1226C47.00	KRDMD_12/2026_AVRUPA_OPSIYON	D_EQ	SSO	D_EQ_ECP	DE_KRDMD_ECP	KRDMD.E	31/12/2026	4.05	4.99	-18.84	0	0	0	0	0	0	0	0	0	0	0					
07/10/2026	O_KRDMDE1226C48.00	KRDMD_12/2026_AVRUPA_OPSIYON	D_EQ	SSO	D_EQ_ECP	DE_KRDMD_ECP	KRDMD.E	31/12/2026	3.63	4.52	-19.69	0	0	0	0	0	0	0	0	0	0	0					
07/10/2026	O_KRDMDE1226C49.00	KRDMD_12/2026_AVRUPA_OPSIYON	D_EQ	SSO	D_EQ_ECP	DE_KRDMD_ECP	KRDMD.E	31/12/2026	3.24	4.07	-20.39	0	0	0	0	0	0	0	0	0	0	0					
07/10/2026	O_KRDMDE1226C50.00	KRDMD_12/2026_AVRUPA_OPSIYON	D_EQ	SSO	D_EQ_ECP	DE_KRDMD_ECP	KRDMD.E	31/12/2026	2.89	3.67	-21.25	0	0	0	0	0	0	0	0	0	0	0					
07/10/2026	O_KRDMDE1226C52.00	KRDMD_12/2026_AVRUPA_OPSIYON	D_EQ	SSO	D_EQ_ECP	DE_KRDMD_ECP	KRDMD.E	31/12/2026	2.28	2.94	-22.45	0	0	0	0	0	0	0	0	0	0	0					
07/10/2026	O_KRDMDE1226C54.00	KRDMD_12/2026_AVRUPA_OPSIYON	D_EQ	SSO	D_EQ_ECP	DE_KRDMD_ECP	KRDMD.E	31/12/2026	1.77	2.34	-24.36	0	0	0	0	0	0	0	0	0	0	0					
07/10/2026	O_KRDMDE1226C56.00	KRDMD_12/2026_AVRUPA_OPSIYON	D_EQ	SSO	D_EQ_ECP	DE_KRDMD_ECP	KRDMD.E	31/12/2026	1.37	1.84	-25.54	0	0	0	0	0	0	0	0	0	0	0					
07/10/2026	O_KRDMDE1226C58.00	KRDMD_12/2026_AVRUPA_OPSIYON	D_EQ	SSO	D_EQ_ECP	DE_KRDMD_ECP	KRDMD.E	31/12/2026	1.05	1.44	-27.08	0	0	0	0	0	0	0	0	0	0	0					
07/10/2026	O_KRDMDE1226C60.00	KRDMD_12/2026_AVRUPA_OPSIYON	D_EQ	SSO	D_EQ_ECP	DE_KRDMD_ECP	KRDMD.E	31/12/2026	0.79	1.11	-28.83	0	0	0	0	0	0	0	0	0	0	0					
07/10/2026	O_KRDMDE1226P41.00	KRDMD_12/2026_AVRUPA_OPSIYON	D_EQ	SSO	D_EQ_EPP	DE_KRDMD_EPP	KRDMD.E	31/12/2026	1.23	0.96	28.13	0	0	0	0	0	0	0	0	0	0	0					
07/10/2026	O_KRDMDE1226P42.00	KRDMD_12/2026_AVRUPA_OPSIYON	D_EQ	SSO	D_EQ_EPP	DE_KRDMD_EPP	KRDMD.E	31/12/2026	1.49	1.18	26.27	0	0	0	0	0	0	0	0	0	0	0					
07/10/2026	O_KRDMDE1226P43.00	KRDMD_12/2026_AVRUPA_OPSIYON	D_EQ	SSO	D_EQ_EPP	DE_KRDMD_EPP	KRDMD.E	31/12/2026	1.79	1.43	25.17	0	0	0	0	0	0	0	0	0	0	0					
07/10/2026	O_KRDMDE1226P44.00	KRDMD_12/2026_AVRUPA_OPSIYON	D_EQ	SSO	D_EQ_EPP	DE_KRDMD_EPP	KRDMD.E	31/12/2026	2.13	1.71	24.56	0	0	0	0	0	0	0	0	0	0	0					
07/10/2026	O_KRDMDE1226P45.00	KRDMD_12/2026_AVRUPA_OPSIYON	D_EQ	SSO	D_EQ_EPP	DE_KRDMD_EPP	KRDMD.E	31/12/2026	2.5	2.03	23.15	0	0	0	0	0	0	0	0	0	0	0					
07/10/2026	O_KRDMDE1226P46.00	KRDMD_12/2026_AVRUPA_OPSIYON	D_EQ	SSO	D_EQ_EPP	DE_KRDMD_EPP	KRDMD.E	31/12/2026	2.91	2.38	22.27	0	0	0	0	0	0	0	0	0	0	0					
07/10/2026	O_KRDMDE1226P47.00	KRDMD_12/2026_AVRUPA_OPSIYON	D_EQ	SSO	D_EQ_EPP	DE_KRDMD_EPP	KRDMD.E	31/12/2026	3.35	2.77	20.94	0	0	0	0	0	0	0	0	0	0	0					
07/10/2026	O_KRDMDE1226P48.00	KRDMD_12/2026_AVRUPA_OPSIYON	D_EQ	SSO	D_EQ_EPP	DE_KRDMD_EPP	KRDMD.E	31/12/2026	3.83	3.19	20.06	0	0	0	0	0	0	0	0	0	0	0					
07/10/2026	O_KRDMDE1226P49.00	KRDMD_12/2026_AVRUPA_OPSIYON	D_EQ	SSO	D_EQ_EPP	DE_KRDMD_EPP	KRDMD.E	31/12/2026	4.35	3.64	19.51	0	0	0	0	0	0	0	0	0	0	0					
07/10/2026	O_KRDMDE1226P50.00	KRDMD_12/2026_AVRUPA_OPSIYON	D_EQ	SSO	D_EQ_EPP	DE_KRDMD_EPP	KRDMD.E	31/12/2026	4.89	4.13	18.4	0	0	0	0	0	0	0	0	0	0	0					
07/10/2026	O_PETKME1026C19.00	PETKM_10/2026_AVRUPA_OPSIYON	D_EQ	SSO	D_EQ_ECP	DE_PETKM_ECP	PETKM.E	30/10/2026	1.9	1.69	12.43	2.11	2.11	2.11	2.11	2.11	570000	63300	300	2	550	0					
07/10/2026	O_PETKME1026C19.50	PETKM_10/2026_AVRUPA_OPSIYON	D_EQ	SSO	D_EQ_ECP	DE_PETKM_ECP	PETKM.E	30/10/2026	1.56	1.37	13.87	0	0	0	0	0	0	0	0	0	210	0					
07/10/2026	O_PETKME1026C20.00	PETKM_10/2026_AVRUPA_OPSIYON	D_EQ	SSO	D_EQ_ECP	DE_PETKM_ECP	PETKM.E	30/10/2026	1.26	1.1	14.55	0	0	0	0	0	0	0	0	0	351	0					
07/10/2026	O_PETKME1026C20.50	PETKM_10/2026_AVRUPA_OPSIYON	D_EQ	SSO	D_EQ_ECP	DE_PETKM_ECP	PETKM.E	30/10/2026	1	0.87	14.94	0	0	0	0	0	0	0	0	0	300	0					
07/10/2026	O_PETKME1026C21.00	PETKM_10/2026_AVRUPA_OPSIYON	D_EQ	SSO	D_EQ_ECP	DE_PETKM_ECP	PETKM.E	30/10/2026	0.78	0.67	16.42	0.76	0.76	0.76	0.76	0.76	42000	1520	20	1	250	0					
07/10/2026	O_PETKME1026C21.50	PETKM_10/2026_AVRUPA_OPSIYON	D_EQ	SSO	D_EQ_ECP	DE_PETKM_ECP	PETKM.E	30/10/2026	0.6	0.51	17.65	0	0	0	0	0	0	0	0	0	600	0					
07/10/2026	O_PETKME1026C22.00	PETKM_10/2026_AVRUPA_OPSIYON	D_EQ	SSO	D_EQ_ECP	DE_PETKM_ECP	PETKM.E	30/10/2026	0.46	0.39	17.95	0	0	0	0	0	0	0	0	0	5000	0					
07/10/2026	O_PETKME1026C22.50	PETKM_10/2026_AVRUPA_OPSIYON	D_EQ	SSO	D_EQ_ECP	DE_PETKM_ECP	PETKM.E	30/10/2026	0.34	0.29	17.24	0	0	0	0	0	0	0	0	0	50	0					
07/10/2026	O_PETKME1026C23.00	PETKM_10/2026_AVRUPA_OPSIYON	D_EQ	SSO	D_EQ_ECP	DE_PETKM_ECP	PETKM.E	30/10/2026	0.25	0.21	19.05	0	0	0	0	0	0	0	0	0	3480	0					
07/10/2026	O_PETKME1026C23.50	PETKM_10/2026_AVRUPA_OPSIYON	D_EQ	SSO	D_EQ_ECP	DE_PETKM_ECP	PETKM.E	30/10/2026	0.18	0.15	20	0	0	0	0	0	0	0	0	0	55	0					
07/10/2026	O_PETKME1026C24.00	PETKM_10/2026_AVRUPA_OPSIYON	D_EQ	SSO	D_EQ_ECP	DE_PETKM_ECP	PETKM.E	30/10/2026	0.13	0.11	18.18	0	0	0	0	0	0	0	0	0	1476	0					
07/10/2026	O_PETKME1026C24.50	PETKM_10/2026_AVRUPA_OPSIYON	D_EQ	SSO	D_EQ_ECP	DE_PETKM_ECP	PETKM.E	30/10/2026	0.09	0.08	12.5	0	0	0	0	0	0	0	0	0	2390	0					
07/10/2026	O_PETKME1026C25.00	PETKM_10/2026_AVRUPA_OPSIYON	D_EQ	SSO	D_EQ_ECP	DE_PETKM_ECP	PETKM.E	30/10/2026	0.07	0.05	40	0.14	0.12	0.14	0.12	0.13	17500	94	7	7	1175	7					
07/10/2026	O_PETKME1026C26.00	PETKM_10/2026_AVRUPA_OPSIYON	D_EQ	SSO	D_EQ_ECP	DE_PETKM_ECP	PETKM.E	30/10/2026	0.03	0.03	0	0	0	0	0	0	0	0	0	0	10000	0					
07/10/2026	O_PETKME1026C27.00	PETKM_10/2026_AVRUPA_OPSIYON	D_EQ	SSO	D_EQ_ECP	DE_PETKM_ECP	PETKM.E	30/10/2026	0.01	0.01	0	0	0	0	0	0	0	0	0	0	514	0					
07/10/2026	O_PETKME1026C28.00	PETKM_10/2026_AVRUPA_OPSIYON	D_EQ	SSO	D_EQ_ECP	DE_PETKM_ECP	PETKM.E	30/10/2026	0.01	0.01	0	0	0	0	0	0	0	0	0	0	37	0					
07/10/2026	O_PETKME1026C29.00	PETKM_10/2026_AVRUPA_OPSIYON	D_EQ	SSO	D_EQ_ECP	DE_PETKM_ECP	PETKM.E	30/10/2026	0.01	0.01	0	0	0	0	0	0	0	0	0	0	50	0					
07/10/2026	O_PETKME1026C30.00	PETKM_10/2026_AVRUPA_OPSIYON	D_EQ	SSO	D_EQ_ECP	DE_PETKM_ECP	PETKM.E	30/10/2026	0.01	0.01	0	0	0	0	0	0	0	0	0	0	81	0					
07/10/2026	O_PETKME1026C31.00	PETKM_10/2026_AVRUPA_OPSIYON	D_EQ	SSO	D_EQ_ECP	DE_PETKM_ECP	PETKM.E	30/10/2026	0.01	0.01	0	0	0	0	0	0	0	0	0	0	57	0					
07/10/2026	O_PETKME1026C32.00	PETKM_10/2026_AVRUPA_OPSIYON	D_EQ	SSO	D_EQ_ECP	DE_PETKM_ECP	PETKM.E	30/10/2026	0.01	0.01	0	0	0	0	0	0	0	0	0	0	51	0					
07/10/2026	O_PETKME1026C33.00	PETKM_10/2026_AVRUPA_OPSIYON	D_EQ	SSO	D_EQ_ECP	DE_PETKM_ECP	PETKM.E	30/10/2026	0.01	0.01	0	0	0	0	0	0	0	0	0	0	41	0					
07/10/2026	O_PETKME1026P16.50	PETKM_10/2026_AVRUPA_OPSIYON	D_EQ	SSO	D_EQ_EPP	DE_PETKM_EPP	PETKM.E	30/10/2026	0.03	0.05	-40	0	0	0	0	0	0	0	0	0	540	0					
07/10/2026	O_PETKME1026P17.00	PETKM_10/2026_AVRUPA_OPSIYON	D_EQ	SSO	D_EQ_EPP	DE_PETKM_EPP	PETKM.E	30/10/2026	0.06	0.08	-25	0.1	0.1	0.1	0.1	0.1	3400	20	2	2	1527	2					
07/10/2026	O_PETKME1026P17.50	PETKM_10/2026_AVRUPA_OPSIYON	D_EQ	SSO	D_EQ_EPP	DE_PETKM_EPP	PETKM.E	30/10/2026	0.1	0.13	-23.08	0.16	0.16	0.2	0.2	0.18	35000	362	20	20	904	20					
07/10/2026	O_PETKME1026P18.00	PETKM_10/2026_AVRUPA_OPSIYON	D_EQ	SSO	D_EQ_EPP	DE_PETKM_EPP	PETKM.E	30/10/2026	0.15	0.2	-25	0.29	0.29	0.29	0.29	0.29	1800	29	1	1	426	1					
07/10/2026	O_PETKME1026P18.50	PETKM_10/2026_AVRUPA_OPSIYON	D_EQ	SSO	D_EQ_EPP	DE_PETKM_EPP	PETKM.E	30/10/2026	0.24	0.31	-22.58	0.36	0.36	0.36	0.36	0.36	27750	540	15	10	193	15					
07/10/2026	O_PETKME1026P19.00	PETKM_10/2026_AVRUPA_OPSIYON	D_EQ	SSO	D_EQ_EPP	DE_PETKM_EPP	PETKM.E	30/10/2026	0.35	0.44	-20.45	0.46	0.46	0.5	0.5	0.48	20900	532	11	11	351	11					
07/10/2026	O_PETKME1026P19.50	PETKM_10/2026_AVRUPA_OPSIYON	D_EQ	SSO	D_EQ_EPP	DE_PETKM_EPP	PETKM.E	30/10/2026	0.5	0.61	-18.03	0.66	0.64	0.66	0.64	0.65	3900	130	2	2	200	0					
07/10/2026	O_PETKME1026P20.00	PETKM_10/2026_AVRUPA_OPSIYON	D_EQ	SSO	D_EQ_EPP	DE_PETKM_EPP	PETKM.E	30/10/2026	0.69	0.83	-16.87	1	0.84	1	0.84	0.9	30000	1346	15	15	10096	-15					
07/10/2026	O_PETKME1026P20.50	PETKM_10/2026_AVRUPA_OPSIYON	D_EQ	SSO	D_EQ_EPP	DE_PETKM_EPP	PETKM.E	30/10/2026	0.92	1.08	-14.81	0	0	0	0	0	0	0	0	0	862	0					
07/10/2026	O_PETKME1026P21.00	PETKM_10/2026_AVRUPA_OPSIYON	D_EQ	SSO	D_EQ_EPP	DE_PETKM_EPP	PETKM.E	30/10/2026	1.19	1.37	-13.14	0	0	0	0	0	0	0	0	0	1098	0					
07/10/2026	O_PETKME1026P21.50	PETKM_10/2026_AVRUPA_OPSIYON	D_EQ	SSO	D_EQ_EPP	DE_PETKM_EPP	PETKM.E	30/10/2026	1.49	1.7	-12.35	0	0	0	0	0	0	0	0	0	917	0					
07/10/2026	O_PETKME1026P22.00	PETKM_10/2026_AVRUPA_OPSIYON	D_EQ	SSO	D_EQ_EPP	DE_PETKM_EPP	PETKM.E	30/10/2026	1.84	2.06	-10.68	0	0	0	0	0	0	0	0	0	664	0					
07/10/2026	O_PETKME1026P22.50	PETKM_10/2026_AVRUPA_OPSIYON	D_EQ	SSO	D_EQ_EPP	DE_PETKM_EPP	PETKM.E	30/10/2026	2.21	2.45	-9.8	0	0	0	0	0	0	0	0	0	200	0					
07/10/2026	O_PETKME1026P23.00	PETKM_10/2026_AVRUPA_OPSIYON	D_EQ	SSO	D_EQ_EPP	DE_PETKM_EPP	PETKM.E	30/10/2026	2.61	2.86	-8.74	0	0	0	0	0	0	0	0	0	400	0					
07/10/2026	O_PETKME1026P23.50	PETKM_10/2026_AVRUPA_OPSIYON	D_EQ	SSO	D_EQ_EPP	DE_PETKM_EPP	PETKM.E	30/10/2026	3.03	3.29	-7.9	0	0	0	0	0	0	0	0	0	350	0					
07/10/2026	O_PETKME1026P24.00	PETKM_10/2026_AVRUPA_OPSIYON	D_EQ	SSO	D_EQ_EPP	DE_PETKM_EPP	PETKM.E	30/10/2026	3.46	3.74	-7.49	0	0	0	0	0	0	0	0	0	150	0					
07/10/2026	O_PETKME1026P24.50	PETKM_10/2026_AVRUPA_OPSIYON	D_EQ	SSO	D_EQ_EPP	DE_PETKM_EPP	PETKM.E	30/10/2026	3.91	4.19	-6.68	0	0	0	0	0	0	0	0	0	463	0					
07/10/2026	O_PETKME1026P25.00	PETKM_10/2026_AVRUPA_OPSIYON	D_EQ	SSO	D_EQ_EPP	DE_PETKM_EPP	PETKM.E	30/10/2026	4.37	4.66	-6.22	0	0	0	0	0	0	0	0	0	1076	0					
07/10/2026	O_PETKME1026P26.00	PETKM_10/2026_AVRUPA_OPSIYON	D_EQ	SSO	D_EQ_EPP	DE_PETKM_EPP	PETKM.E	30/10/2026	5.32	5.6	-5	0	0	0	0	0	0	0	0	0	405	0					
07/10/2026	O_PETKME1026P27.00	PETKM_10/2026_AVRUPA_OPSIYON	D_EQ	SSO	D_EQ_EPP	DE_PETKM_EPP	PETKM.E	30/10/2026	6.28	6.57	-4.41	0	0	0	0	0	0	0	0	0	600	0					
07/10/2026	O_PETKME1026P28.00	PETKM_10/2026_AVRUPA_OPSIYON	D_EQ	SSO	D_EQ_EPP	DE_PETKM_EPP	PETKM.E	30/10/2026	7.24	7.53	-3.85	0	0	0	0	0	0	0	0	0	250	0					
07/10/2026	O_PETKME1126C19.50	PETKM_11/2026_AVRUPA_OPSIYON	D_EQ	SSO	D_EQ_ECP	DE_PETKM_ECP	PETKM.E	30/11/2026	2.4	2.2	9.09	0	0	0	0	0	0	0	0	0	0	0					
07/10/2026	O_PETKME1126C20.00	PETKM_11/2026_AVRUPA_OPSIYON	D_EQ	SSO	D_EQ_ECP	DE_PETKM_ECP	PETKM.E	30/11/2026	2.11	1.92	9.9	0	0	0	0	0	0	0	0	0	0	0					
07/10/2026	O_PETKME1126C20.50	PETKM_11/2026_AVRUPA_OPSIYON	D_EQ	SSO	D_EQ_ECP	DE_PETKM_ECP	PETKM.E	30/11/2026	1.84	1.66	10.84	0	0	0	0	0	0	0	0	0	0	0					
07/10/2026	O_PETKME1126C21.00	PETKM_11/2026_AVRUPA_OPSIYON	D_EQ	SSO	D_EQ_ECP	DE_PETKM_ECP	PETKM.E	30/11/2026	1.59	1.43	11.19	0	0	0	0	0	0	0	0	0	0	0					
07/10/2026	O_PETKME1126C21.50	PETKM_11/2026_AVRUPA_OPSIYON	D_EQ	SSO	D_EQ_ECP	DE_PETKM_ECP	PETKM.E	30/11/2026	1.37	1.23	11.38	0	0	0	0	0	0	0	0	0	0	0					
07/10/2026	O_PETKME1126C22.00	PETKM_11/2026_AVRUPA_OPSIYON	D_EQ	SSO	D_EQ_ECP	DE_PETKM_ECP	PETKM.E	30/11/2026	1.18	1.05	12.38	0	0	0	0	0	0	0	0	0	0	0					
07/10/2026	O_PETKME1126C22.50	PETKM_11/2026_AVRUPA_OPSIYON	D_EQ	SSO	D_EQ_ECP	DE_PETKM_ECP	PETKM.E	30/11/2026	1.01	0.9	12.22	0	0	0	0	0	0	0	0	0	0	0					
07/10/2026	O_PETKME1126C23.00	PETKM_11/2026_AVRUPA_OPSIYON	D_EQ	SSO	D_EQ_ECP	DE_PETKM_ECP	PETKM.E	30/11/2026	0.86	0.76	13.16	0	0	0	0	0	0	0	0	0	0	0					
07/10/2026	O_PETKME1126C23.50	PETKM_11/2026_AVRUPA_OPSIYON	D_EQ	SSO	D_EQ_ECP	DE_PETKM_ECP	PETKM.E	30/11/2026	0.73	0.65	12.31	0	0	0	0	0	0	0	0	0	0	0					
07/10/2026	O_PETKME1126C24.00	PETKM_11/2026_AVRUPA_OPSIYON	D_EQ	SSO	D_EQ_ECP	DE_PETKM_ECP	PETKM.E	30/11/2026	0.62	0.54	14.81	0	0	0	0	0	0	0	0	0	0	0					
07/10/2026	O_PETKME1126C24.50	PETKM_11/2026_AVRUPA_OPSIYON	D_EQ	SSO	D_EQ_ECP	DE_PETKM_ECP	PETKM.E	30/11/2026	0.52	0.46	13.04	0	0	0	0	0	0	0	0	0	0	0					
07/10/2026	O_PETKME1126C25.00	PETKM_11/2026_AVRUPA_OPSIYON	D_EQ	SSO	D_EQ_ECP	DE_PETKM_ECP	PETKM.E	30/11/2026	0.44	0.38	15.79	0	0	0	0	0	0	0	0	0	15	0					
07/10/2026	O_PETKME1126C26.00	PETKM_11/2026_AVRUPA_OPSIYON	D_EQ	SSO	D_EQ_ECP	DE_PETKM_ECP	PETKM.E	30/11/2026	0.31	0.27	14.81	0	0	0	0	0	0	0	0	0	38	0					
07/10/2026	O_PETKME1126C27.00	PETKM_11/2026_AVRUPA_OPSIYON	D_EQ	SSO	D_EQ_ECP	DE_PETKM_ECP	PETKM.E	30/11/2026	0.21	0.19	10.53	0	0	0	0	0	0	0	0	0	28	0					
07/10/2026	O_PETKME1126C28.00	PETKM_11/2026_AVRUPA_OPSIYON	D_EQ	SSO	D_EQ_ECP	DE_PETKM_ECP	PETKM.E	30/11/2026	0.15	0.13	15.38	0	0	0	0	0	0	0	0	0	0	0					
07/10/2026	O_PETKME1126C29.00	PETKM_11/2026_AVRUPA_OPSIYON	D_EQ	SSO	D_EQ_ECP	DE_PETKM_ECP	PETKM.E	30/11/2026	0.1	0.09	11.11	0	0	0	0	0	0	0	0	0	0	0					
07/10/2026	O_PETKME1126C30.00	PETKM_11/2026_AVRUPA_OPSIYON	D_EQ	SSO	D_EQ_ECP	DE_PETKM_ECP	PETKM.E	30/11/2026	0.07	0.06	16.67	0	0	0	0	0	0	0	0	0	0	0					
07/10/2026	O_PETKME1126C31.00	PETKM_11/2026_AVRUPA_OPSIYON	D_EQ	SSO	D_EQ_ECP	DE_PETKM_ECP	PETKM.E	30/11/2026	0.05	0.04	25	0	0	0	0	0	0	0	0	0	0	0					
07/10/2026	O_PETKME1126C32.00	PETKM_11/2026_AVRUPA_OPSIYON	D_EQ	SSO	D_EQ_ECP	DE_PETKM_ECP	PETKM.E	30/11/2026	0.03	0.03	0	0	0	0	0	0	0	0	0	0	0	0					
07/10/2026	O_PETKME1126C33.00	PETKM_11/2026_AVRUPA_OPSIYON	D_EQ	SSO	D_EQ_ECP	DE_PETKM_ECP	PETKM.E	30/11/2026	0.02	0.02	0	0	0	0	0	0	0	0	0	0	0	0					
07/10/2026	O_PETKME1126C34.00	PETKM_11/2026_AVRUPA_OPSIYON	D_EQ	SSO	D_EQ_ECP	DE_PETKM_ECP	PETKM.E	30/11/2026	0.02	0.01	100	0	0	0	0	0	0	0	0	0	0	0					
07/10/2026	O_PETKME1126P17.00	PETKM_11/2026_AVRUPA_OPSIYON	D_EQ	SSO	D_EQ_EPP	DE_PETKM_EPP	PETKM.E	30/11/2026	0.19	0.23	-17.39	0.2	0.2	0.2	0.2	0.2	5100	60	3	3	37	3					
07/10/2026	O_PETKME1126P17.50	PETKM_11/2026_AVRUPA_OPSIYON	D_EQ	SSO	D_EQ_EPP	DE_PETKM_EPP	PETKM.E	30/11/2026	0.26	0.31	-16.13	0	0	0	0	0	0	0	0	0	0	0					
07/10/2026	O_PETKME1126P18.00	PETKM_11/2026_AVRUPA_OPSIYON	D_EQ	SSO	D_EQ_EPP	DE_PETKM_EPP	PETKM.E	30/11/2026	0.35	0.4	-12.5	0	0	0	0	0	0	0	0	0	0	0					
07/10/2026	O_PETKME1126P18.50	PETKM_11/2026_AVRUPA_OPSIYON	D_EQ	SSO	D_EQ_EPP	DE_PETKM_EPP	PETKM.E	30/11/2026	0.46	0.52	-11.54	0	0	0	0	0	0	0	0	0	0	0					
07/10/2026	O_PETKME1126P19.00	PETKM_11/2026_AVRUPA_OPSIYON	D_EQ	SSO	D_EQ_EPP	DE_PETKM_EPP	PETKM.E	30/11/2026	0.59	0.67	-11.94	0	0	0	0	0	0	0	0	0	0	0					
07/10/2026	O_PETKME1126P19.50	PETKM_11/2026_AVRUPA_OPSIYON	D_EQ	SSO	D_EQ_EPP	DE_PETKM_EPP	PETKM.E	30/11/2026	0.74	0.83	-10.84	0	0	0	0	0	0	0	0	0	0	0					
07/10/2026	O_PETKME1126P20.00	PETKM_11/2026_AVRUPA_OPSIYON	D_EQ	SSO	D_EQ_EPP	DE_PETKM_EPP	PETKM.E	30/11/2026	0.91	1.02	-10.78	1	0.96	1.02	1	0.98	32000	1569	16	16	2	-9					
07/10/2026	O_PETKME1126P20.50	PETKM_11/2026_AVRUPA_OPSIYON	D_EQ	SSO	D_EQ_EPP	DE_PETKM_EPP	PETKM.E	30/11/2026	1.12	1.24	-9.68	0	0	0	0	0	0	0	0	0	0	0					
07/10/2026	O_PETKME1126P21.00	PETKM_11/2026_AVRUPA_OPSIYON	D_EQ	SSO	D_EQ_EPP	DE_PETKM_EPP	PETKM.E	30/11/2026	1.34	1.49	-10.07	0	0	0	0	0	0	0	0	0	0	0					
07/10/2026	O_PETKME1126P21.50	PETKM_11/2026_AVRUPA_OPSIYON	D_EQ	SSO	D_EQ_EPP	DE_PETKM_EPP	PETKM.E	30/11/2026	1.6	1.75	-8.57	0	0	0	0	0	0	0	0	0	0	0					
07/10/2026	O_PETKME1126P22.00	PETKM_11/2026_AVRUPA_OPSIYON	D_EQ	SSO	D_EQ_EPP	DE_PETKM_EPP	PETKM.E	30/11/2026	1.87	2.05	-8.78	0	0	0	0	0	0	0	0	0	10	0					
07/10/2026	O_PETKME1126P22.50	PETKM_11/2026_AVRUPA_OPSIYON	D_EQ	SSO	D_EQ_EPP	DE_PETKM_EPP	PETKM.E	30/11/2026	2.18	2.37	-8.02	0	0	0	0	0	0	0	0	0	0	0					
07/10/2026	O_PETKME1126P23.00	PETKM_11/2026_AVRUPA_OPSIYON	D_EQ	SSO	D_EQ_EPP	DE_PETKM_EPP	PETKM.E	30/11/2026	2.5	2.7	-7.41	0	0	0	0	0	0	0	0	0	0	0					
07/10/2026	O_PETKME1126P23.50	PETKM_11/2026_AVRUPA_OPSIYON	D_EQ	SSO	D_EQ_EPP	DE_PETKM_EPP	PETKM.E	30/11/2026	2.85	3.06	-6.86	0	0	0	0	0	0	0	0	0	0	0					
07/10/2026	O_PETKME1126P24.00	PETKM_11/2026_AVRUPA_OPSIYON	D_EQ	SSO	D_EQ_EPP	DE_PETKM_EPP	PETKM.E	30/11/2026	3.21	3.43	-6.41	0	0	0	0	0	0	0	0	0	0	0					
07/10/2026	O_PETKME1126P24.50	PETKM_11/2026_AVRUPA_OPSIYON	D_EQ	SSO	D_EQ_EPP	DE_PETKM_EPP	PETKM.E	30/11/2026	3.58	3.81	-6.04	0	0	0	0	0	0	0	0	0	0	0					
07/10/2026	O_PETKME1126P25.00	PETKM_11/2026_AVRUPA_OPSIYON	D_EQ	SSO	D_EQ_EPP	DE_PETKM_EPP	PETKM.E	30/11/2026	3.97	4.21	-5.7	0	0	0	0	0	0	0	0	0	0	0					
07/10/2026	O_PETKME1126P26.00	PETKM_11/2026_AVRUPA_OPSIYON	D_EQ	SSO	D_EQ_EPP	DE_PETKM_EPP	PETKM.E	30/11/2026	4.79	5.04	-4.96	0	0	0	0	0	0	0	0	0	0	0					
07/10/2026	O_PETKME1126P27.00	PETKM_11/2026_AVRUPA_OPSIYON	D_EQ	SSO	D_EQ_EPP	DE_PETKM_EPP	PETKM.E	30/11/2026	5.64	5.9	-4.41	0	0	0	0	0	0	0	0	0	0	0					
07/10/2026	O_PETKME1126P28.00	PETKM_11/2026_AVRUPA_OPSIYON	D_EQ	SSO	D_EQ_EPP	DE_PETKM_EPP	PETKM.E	30/11/2026	6.52	6.79	-3.98	0	0	0	0	0	0	0	0	0	0	0					
07/10/2026	O_PETKME1126P29.00	PETKM_11/2026_AVRUPA_OPSIYON	D_EQ	SSO	D_EQ_EPP	DE_PETKM_EPP	PETKM.E	30/11/2026	7.42	7.69	-3.51	0	0	0	0	0	0	0	0	0	0	0					
07/10/2026	O_PETKME1226C20.00	PETKM_12/2026_AVRUPA_OPSIYON	D_EQ	SSO	D_EQ_ECP	DE_PETKM_ECP	PETKM.E	31/12/2026	3.02	2.81	7.47	0	0	0	0	0	0	0	0	0	0	0					
07/10/2026	O_PETKME1226C20.50	PETKM_12/2026_AVRUPA_OPSIYON	D_EQ	SSO	D_EQ_ECP	DE_PETKM_ECP	PETKM.E	31/12/2026	2.74	2.54	7.87	0	0	0	0	0	0	0	0	0	0	0					
07/10/2026	O_PETKME1226C21.00	PETKM_12/2026_AVRUPA_OPSIYON	D_EQ	SSO	D_EQ_ECP	DE_PETKM_ECP	PETKM.E	31/12/2026	2.47	2.29	7.86	0	0	0	0	0	0	0	0	0	0	0					
07/10/2026	O_PETKME1226C21.50	PETKM_12/2026_AVRUPA_OPSIYON	D_EQ	SSO	D_EQ_ECP	DE_PETKM_ECP	PETKM.E	31/12/2026	2.23	2.05	8.78	0	0	0	0	0	0	0	0	0	0	0					
07/10/2026	O_PETKME1226C22.00	PETKM_12/2026_AVRUPA_OPSIYON	D_EQ	SSO	D_EQ_ECP	DE_PETKM_ECP	PETKM.E	31/12/2026	2	1.84	8.7	0	0	0	0	0	0	0	0	0	0	0					
07/10/2026	O_PETKME1226C22.50	PETKM_12/2026_AVRUPA_OPSIYON	D_EQ	SSO	D_EQ_ECP	DE_PETKM_ECP	PETKM.E	31/12/2026	1.8	1.65	9.09	0	0	0	0	0	0	0	0	0	0	0					
07/10/2026	O_PETKME1226C23.00	PETKM_12/2026_AVRUPA_OPSIYON	D_EQ	SSO	D_EQ_ECP	DE_PETKM_ECP	PETKM.E	31/12/2026	1.61	1.47	9.52	0	0	0	0	0	0	0	0	0	0	0					
07/10/2026	O_PETKME1226C23.50	PETKM_12/2026_AVRUPA_OPSIYON	D_EQ	SSO	D_EQ_ECP	DE_PETKM_ECP	PETKM.E	31/12/2026	1.44	1.32	9.09	0	0	0	0	0	0	0	0	0	0	0					
07/10/2026	O_PETKME1226C24.00	PETKM_12/2026_AVRUPA_OPSIYON	D_EQ	SSO	D_EQ_ECP	DE_PETKM_ECP	PETKM.E	31/12/2026	1.29	1.17	10.26	0	0	0	0	0	0	0	0	0	0	0					
07/10/2026	O_PETKME1226C24.50	PETKM_12/2026_AVRUPA_OPSIYON	D_EQ	SSO	D_EQ_ECP	DE_PETKM_ECP	PETKM.E	31/12/2026	1.15	1.04	10.58	0	0	0	0	0	0	0	0	0	0	0					
07/10/2026	O_PETKME1226P17.50	PETKM_12/2026_AVRUPA_OPSIYON	D_EQ	SSO	D_EQ_EPP	DE_PETKM_EPP	PETKM.E	31/12/2026	0.32	0.36	-11.11	0	0	0	0	0	0	0	0	0	0	0					
07/10/2026	O_PETKME1226P18.00	PETKM_12/2026_AVRUPA_OPSIYON	D_EQ	SSO	D_EQ_EPP	DE_PETKM_EPP	PETKM.E	31/12/2026	0.4	0.45	-11.11	0	0	0	0	0	0	0	0	0	0	0					
07/10/2026	O_PETKME1226P18.50	PETKM_12/2026_AVRUPA_OPSIYON	D_EQ	SSO	D_EQ_EPP	DE_PETKM_EPP	PETKM.E	31/12/2026	0.5	0.55	-9.09	0	0	0	0	0	0	0	0	0	0	0					
07/10/2026	O_PETKME1226P19.00	PETKM_12/2026_AVRUPA_OPSIYON	D_EQ	SSO	D_EQ_EPP	DE_PETKM_EPP	PETKM.E	31/12/2026	0.61	0.68	-10.29	0	0	0	0	0	0	0	0	0	0	0					
07/10/2026	O_PETKME1226P19.50	PETKM_12/2026_AVRUPA_OPSIYON	D_EQ	SSO	D_EQ_EPP	DE_PETKM_EPP	PETKM.E	31/12/2026	0.74	0.82	-9.76	0	0	0	0	0	0	0	0	0	0	0					
07/10/2026	O_PETKME1226P20.00	PETKM_12/2026_AVRUPA_OPSIYON	D_EQ	SSO	D_EQ_EPP	DE_PETKM_EPP	PETKM.E	31/12/2026	0.89	0.97	-8.25	0	0	0	0	0	0	0	0	0	0	0					
07/10/2026	O_PETKME1226P20.50	PETKM_12/2026_AVRUPA_OPSIYON	D_EQ	SSO	D_EQ_EPP	DE_PETKM_EPP	PETKM.E	31/12/2026	1.05	1.15	-8.7	0	0	0	0	0	0	0	0	0	0	0					
07/10/2026	O_PETKME1226P21.00	PETKM_12/2026_AVRUPA_OPSIYON	D_EQ	SSO	D_EQ_EPP	DE_PETKM_EPP	PETKM.E	31/12/2026	1.24	1.35	-8.15	0	0	0	0	0	0	0	0	0	0	0					
07/10/2026	O_PETKME1226P21.50	PETKM_12/2026_AVRUPA_OPSIYON	D_EQ	SSO	D_EQ_EPP	DE_PETKM_EPP	PETKM.E	31/12/2026	1.44	1.57	-8.28	0	0	0	0	0	0	0	0	0	0	0					
07/10/2026	O_PETKME1226P22.00	PETKM_12/2026_AVRUPA_OPSIYON	D_EQ	SSO	D_EQ_EPP	DE_PETKM_EPP	PETKM.E	31/12/2026	1.67	1.8	-7.22	0	0	0	0	0	0	0	0	0	0	0					
07/10/2026	O_PGSUSE1026C135.00	PGSUS_10/2026_AVRUPA_OPSIYON	D_EQ	SSO	D_EQ_ECP	DE_PGSUS_ECP	PGSUS.E	30/10/2026	7.66	10.49	-26.98	0	0	0	0	0	0	0	0	0	20	0					
07/10/2026	O_PGSUSE1026C140.00	PGSUS_10/2026_AVRUPA_OPSIYON	D_EQ	SSO	D_EQ_ECP	DE_PGSUS_ECP	PGSUS.E	30/10/2026	4.96	7.26	-31.68	0	0	0	0	0	0	0	0	0	8	0					
07/10/2026	O_PGSUSE1026C145.00	PGSUS_10/2026_AVRUPA_OPSIYON	D_EQ	SSO	D_EQ_ECP	DE_PGSUS_ECP	PGSUS.E	30/10/2026	3.01	4.73	-36.36	2.96	2.96	2.96	2.96	2.96	14500	296	1	1	75	-1					
07/10/2026	O_PGSUSE1026C150.00	PGSUS_10/2026_AVRUPA_OPSIYON	D_EQ	SSO	D_EQ_ECP	DE_PGSUS_ECP	PGSUS.E	30/10/2026	1.7	2.9	-41.38	0	0	0	0	0	0	0	0	0	539	0					
07/10/2026	O_PGSUSE1026C155.00	PGSUS_10/2026_AVRUPA_OPSIYON	D_EQ	SSO	D_EQ_ECP	DE_PGSUS_ECP	PGSUS.E	30/10/2026	0.91	1.68	-45.83	0	0	0	0	0	0	0	0	0	548	0					
07/10/2026	O_PGSUSE1026C160.00	PGSUS_10/2026_AVRUPA_OPSIYON	D_EQ	SSO	D_EQ_ECP	DE_PGSUS_ECP	PGSUS.E	30/10/2026	0.45	0.92	-51.09	0	0	0	0	0	0	0	0	0	70	0					
07/10/2026	O_PGSUSE1026C165.00	PGSUS_10/2026_AVRUPA_OPSIYON	D_EQ	SSO	D_EQ_ECP	DE_PGSUS_ECP	PGSUS.E	30/10/2026	0.21	0.47	-55.32	0	0	0	0	0	0	0	0	0	110	0					
07/10/2026	O_PGSUSE1026C170.00	PGSUS_10/2026_AVRUPA_OPSIYON	D_EQ	SSO	D_EQ_ECP	DE_PGSUS_ECP	PGSUS.E	30/10/2026	0.09	0.23	-60.87	0	0	0	0	0	0	0	0	0	315	0					
07/10/2026	O_PGSUSE1026C175.00	PGSUS_10/2026_AVRUPA_OPSIYON	D_EQ	SSO	D_EQ_ECP	DE_PGSUS_ECP	PGSUS.E	30/10/2026	0.04	0.11	-63.64	0	0	0	0	0	0	0	0	0	189	0					
07/10/2026	O_PGSUSE1026C180.00	PGSUS_10/2026_AVRUPA_OPSIYON	D_EQ	SSO	D_EQ_ECP	DE_PGSUS_ECP	PGSUS.E	30/10/2026	0.02	0.05	-60	0	0	0	0	0	0	0	0	0	841	0					
07/10/2026	O_PGSUSE1026C185.00	PGSUS_10/2026_AVRUPA_OPSIYON	D_EQ	SSO	D_EQ_ECP	DE_PGSUS_ECP	PGSUS.E	30/10/2026	0.01	0.02	-50	0	0	0	0	0	0	0	0	0	252	0					
07/10/2026	O_PGSUSE1026C190.00	PGSUS_10/2026_AVRUPA_OPSIYON	D_EQ	SSO	D_EQ_ECP	DE_PGSUS_ECP	PGSUS.E	30/10/2026	0.01	0.01	0	0	0	0	0	0	0	0	0	0	263	0					
07/10/2026	O_PGSUSE1026C195.00	PGSUS_10/2026_AVRUPA_OPSIYON	D_EQ	SSO	D_EQ_ECP	DE_PGSUS_ECP	PGSUS.E	30/10/2026	0.01	0.01	0	0	0	0	0	0	0	0	0	0	0	0					
07/10/2026	O_PGSUSE1026C200.00	PGSUS_10/2026_AVRUPA_OPSIYON	D_EQ	SSO	D_EQ_ECP	DE_PGSUS_ECP	PGSUS.E	30/10/2026	0.01	0.01	0	0	0	0	0	0	0	0	0	0	0	0					
07/10/2026	O_PGSUSE1026P110.00	PGSUS_10/2026_AVRUPA_OPSIYON	D_EQ	SSO	D_EQ_EPP	DE_PGSUS_EPP	PGSUS.E	30/10/2026	0.02	0.01	100	0	0	0	0	0	0	0	0	0	0	0					
07/10/2026	O_PGSUSE1026P115.00	PGSUS_10/2026_AVRUPA_OPSIYON	D_EQ	SSO	D_EQ_EPP	DE_PGSUS_EPP	PGSUS.E	30/10/2026	0.08	0.04	100	0	0	0	0	0	0	0	0	0	0	0					
07/10/2026	O_PGSUSE1026P120.00	PGSUS_10/2026_AVRUPA_OPSIYON	D_EQ	SSO	D_EQ_EPP	DE_PGSUS_EPP	PGSUS.E	30/10/2026	0.25	0.14	78.57	0	0	0	0	0	0	0	0	0	0	0					
07/10/2026	O_PGSUSE1026P125.00	PGSUS_10/2026_AVRUPA_OPSIYON	D_EQ	SSO	D_EQ_EPP	DE_PGSUS_EPP	PGSUS.E	30/10/2026	0.67	0.39	71.79	0	0	0	0	0	0	0	0	0	24	0					
07/10/2026	O_PGSUSE1026P130.00	PGSUS_10/2026_AVRUPA_OPSIYON	D_EQ	SSO	D_EQ_EPP	DE_PGSUS_EPP	PGSUS.E	30/10/2026	1.52	0.94	61.7	0	0	0	0	0	0	0	0	0	5	0					
07/10/2026	O_PGSUSE1026P135.00	PGSUS_10/2026_AVRUPA_OPSIYON	D_EQ	SSO	D_EQ_EPP	DE_PGSUS_EPP	PGSUS.E	30/10/2026	2.97	1.96	51.53	3.28	3.28	3.28	3.28	3.28	27000	656	2	1	132	2					
07/10/2026	O_PGSUSE1026P140.00	PGSUS_10/2026_AVRUPA_OPSIYON	D_EQ	SSO	D_EQ_EPP	DE_PGSUS_EPP	PGSUS.E	30/10/2026	5.15	3.61	42.66	0	0	0	0	0	0	0	0	0	11	0					
07/10/2026	O_PGSUSE1026P145.00	PGSUS_10/2026_AVRUPA_OPSIYON	D_EQ	SSO	D_EQ_EPP	DE_PGSUS_EPP	PGSUS.E	30/10/2026	8.08	5.96	35.57	0	0	0	0	0	0	0	0	0	35	0					
07/10/2026	O_PGSUSE1026P150.00	PGSUS_10/2026_AVRUPA_OPSIYON	D_EQ	SSO	D_EQ_EPP	DE_PGSUS_EPP	PGSUS.E	30/10/2026	11.66	9	29.56	0	0	0	0	0	0	0	0	0	60	0					
07/10/2026	O_PGSUSE1026P155.00	PGSUS_10/2026_AVRUPA_OPSIYON	D_EQ	SSO	D_EQ_EPP	DE_PGSUS_EPP	PGSUS.E	30/10/2026	15.74	12.66	24.33	0	0	0	0	0	0	0	0	0	11	0					
07/10/2026	O_PGSUSE1026P160.00	PGSUS_10/2026_AVRUPA_OPSIYON	D_EQ	SSO	D_EQ_EPP	DE_PGSUS_EPP	PGSUS.E	30/10/2026	20.17	16.77	20.27	0	0	0	0	0	0	0	0	0	77	0					
07/10/2026	O_PGSUSE1026P165.00	PGSUS_10/2026_AVRUPA_OPSIYON	D_EQ	SSO	D_EQ_EPP	DE_PGSUS_EPP	PGSUS.E	30/10/2026	24.81	21.2	17.03	0	0	0	0	0	0	0	0	0	10	0					
07/10/2026	O_PGSUSE1026P170.00	PGSUS_10/2026_AVRUPA_OPSIYON	D_EQ	SSO	D_EQ_EPP	DE_PGSUS_EPP	PGSUS.E	30/10/2026	29.57	25.84	14.43	0	0	0	0	0	0	0	0	0	0	0					
07/10/2026	O_PGSUSE1026P175.00	PGSUS_10/2026_AVRUPA_OPSIYON	D_EQ	SSO	D_EQ_EPP	DE_PGSUS_EPP	PGSUS.E	30/10/2026	34.4	30.59	12.46	0	0	0	0	0	0	0	0	0	250	0					
07/10/2026	O_PGSUSE1126C140.00	PGSUS_11/2026_AVRUPA_OPSIYON	D_EQ	SSO	D_EQ_ECP	DE_PGSUS_ECP	PGSUS.E	30/11/2026	9.88	12.43	-20.51	0	0	0	0	0	0	0	0	0	0	0					
07/10/2026	O_PGSUSE1126C145.00	PGSUS_11/2026_AVRUPA_OPSIYON	D_EQ	SSO	D_EQ_ECP	DE_PGSUS_ECP	PGSUS.E	30/11/2026	7.47	9.67	-22.75	0	0	0	0	0	0	0	0	0	0	0					
07/10/2026	O_PGSUSE1126C150.00	PGSUS_11/2026_AVRUPA_OPSIYON	D_EQ	SSO	D_EQ_ECP	DE_PGSUS_ECP	PGSUS.E	30/11/2026	5.53	7.36	-24.86	0	0	0	0	0	0	0	0	0	0	0					
07/10/2026	O_PGSUSE1126C155.00	PGSUS_11/2026_AVRUPA_OPSIYON	D_EQ	SSO	D_EQ_ECP	DE_PGSUS_ECP	PGSUS.E	30/11/2026	4	5.48	-27.01	0	0	0	0	0	0	0	0	0	700	0					
07/10/2026	O_PGSUSE1126C160.00	PGSUS_11/2026_AVRUPA_OPSIYON	D_EQ	SSO	D_EQ_ECP	DE_PGSUS_ECP	PGSUS.E	30/11/2026	2.84	4.01	-29.18	0	0	0	0	0	0	0	0	0	0	0					
07/10/2026	O_PGSUSE1126C165.00	PGSUS_11/2026_AVRUPA_OPSIYON	D_EQ	SSO	D_EQ_ECP	DE_PGSUS_ECP	PGSUS.E	30/11/2026	1.97	2.87	-31.36	0	0	0	0	0	0	0	0	0	0	0					
07/10/2026	O_PGSUSE1126C170.00	PGSUS_11/2026_AVRUPA_OPSIYON	D_EQ	SSO	D_EQ_ECP	DE_PGSUS_ECP	PGSUS.E	30/11/2026	1.34	2.02	-33.66	0	0	0	0	0	0	0	0	0	0	0					
07/10/2026	O_PGSUSE1126C175.00	PGSUS_11/2026_AVRUPA_OPSIYON	D_EQ	SSO	D_EQ_ECP	DE_PGSUS_ECP	PGSUS.E	30/11/2026	0.9	1.4	-35.71	0	0	0	0	0	0	0	0	0	0	0					
07/10/2026	O_PGSUSE1126C180.00	PGSUS_11/2026_AVRUPA_OPSIYON	D_EQ	SSO	D_EQ_ECP	DE_PGSUS_ECP	PGSUS.E	30/11/2026	0.59	0.95	-37.89	0	0	0	0	0	0	0	0	0	0	0					
07/10/2026	O_PGSUSE1126C185.00	PGSUS_11/2026_AVRUPA_OPSIYON	D_EQ	SSO	D_EQ_ECP	DE_PGSUS_ECP	PGSUS.E	30/11/2026	0.39	0.64	-39.06	0	0	0	0	0	0	0	0	0	0	0					
07/10/2026	O_PGSUSE1126C190.00	PGSUS_11/2026_AVRUPA_OPSIYON	D_EQ	SSO	D_EQ_ECP	DE_PGSUS_ECP	PGSUS.E	30/11/2026	0.25	0.42	-40.48	0	0	0	0	0	0	0	0	0	0	0					
07/10/2026	O_PGSUSE1126C195.00	PGSUS_11/2026_AVRUPA_OPSIYON	D_EQ	SSO	D_EQ_ECP	DE_PGSUS_ECP	PGSUS.E	30/11/2026	0.16	0.28	-42.86	0	0	0	0	0	0	0	0	0	0	0					
07/10/2026	O_PGSUSE1126P115.00	PGSUS_11/2026_AVRUPA_OPSIYON	D_EQ	SSO	D_EQ_EPP	DE_PGSUS_EPP	PGSUS.E	30/11/2026	0.42	0.28	50	0	0	0	0	0	0	0	0	0	0	0					
07/10/2026	O_PGSUSE1126P120.00	PGSUS_11/2026_AVRUPA_OPSIYON	D_EQ	SSO	D_EQ_EPP	DE_PGSUS_EPP	PGSUS.E	30/11/2026	0.82	0.57	43.86	0	0	0	0	0	0	0	0	0	8	0					
07/10/2026	O_PGSUSE1126P125.00	PGSUS_11/2026_AVRUPA_OPSIYON	D_EQ	SSO	D_EQ_EPP	DE_PGSUS_EPP	PGSUS.E	30/11/2026	1.48	1.05	40.95	0	0	0	0	0	0	0	0	0	0	0					
07/10/2026	O_PGSUSE1126P130.00	PGSUS_11/2026_AVRUPA_OPSIYON	D_EQ	SSO	D_EQ_EPP	DE_PGSUS_EPP	PGSUS.E	30/11/2026	2.48	1.82	36.26	0	0	0	0	0	0	0	0	0	0	0					
07/10/2026	O_PGSUSE1126P135.00	PGSUS_11/2026_AVRUPA_OPSIYON	D_EQ	SSO	D_EQ_EPP	DE_PGSUS_EPP	PGSUS.E	30/11/2026	3.87	2.93	32.08	0	0	0	0	0	0	0	0	0	0	0					
07/10/2026	O_PGSUSE1126P140.00	PGSUS_11/2026_AVRUPA_OPSIYON	D_EQ	SSO	D_EQ_EPP	DE_PGSUS_EPP	PGSUS.E	30/11/2026	5.72	4.44	28.83	0	0	0	0	0	0	0	0	0	0	0					
07/10/2026	O_PGSUSE1126P145.00	PGSUS_11/2026_AVRUPA_OPSIYON	D_EQ	SSO	D_EQ_EPP	DE_PGSUS_EPP	PGSUS.E	30/11/2026	8.05	6.4	25.78	0	0	0	0	0	0	0	0	0	0	0					
07/10/2026	O_PGSUSE1126P150.00	PGSUS_11/2026_AVRUPA_OPSIYON	D_EQ	SSO	D_EQ_EPP	DE_PGSUS_EPP	PGSUS.E	30/11/2026	10.83	8.81	22.93	0	0	0	0	0	0	0	0	0	0	0					
07/10/2026	O_PGSUSE1126P155.00	PGSUS_11/2026_AVRUPA_OPSIYON	D_EQ	SSO	D_EQ_EPP	DE_PGSUS_EPP	PGSUS.E	30/11/2026	14.03	11.65	20.43	0	0	0	0	0	0	0	0	0	0	0					
07/10/2026	O_PGSUSE1126P160.00	PGSUS_11/2026_AVRUPA_OPSIYON	D_EQ	SSO	D_EQ_EPP	DE_PGSUS_EPP	PGSUS.E	30/11/2026	17.59	14.9	18.05	0	0	0	0	0	0	0	0	0	0	0					
07/10/2026	O_PGSUSE1126P165.00	PGSUS_11/2026_AVRUPA_OPSIYON	D_EQ	SSO	D_EQ_EPP	DE_PGSUS_EPP	PGSUS.E	30/11/2026	21.45	18.49	16.01	0	0	0	0	0	0	0	0	0	0	0					
07/10/2026	O_PGSUSE1126P170.00	PGSUS_11/2026_AVRUPA_OPSIYON	D_EQ	SSO	D_EQ_EPP	DE_PGSUS_EPP	PGSUS.E	30/11/2026	25.55	22.36	14.27	0	0	0	0	0	0	0	0	0	0	0					
07/10/2026	O_PGSUSE1226C145.00	PGSUS_12/2026_AVRUPA_OPSIYON	D_EQ	SSO	D_EQ_ECP	DE_PGSUS_ECP	PGSUS.E	31/12/2026	12.92	15.53	-16.81	0	0	0	0	0	0	0	0	0	0	0					
07/10/2026	O_PGSUSE1226C150.00	PGSUS_12/2026_AVRUPA_OPSIYON	D_EQ	SSO	D_EQ_ECP	DE_PGSUS_ECP	PGSUS.E	31/12/2026	10.54	12.88	-18.17	0	0	0	0	0	0	0	0	0	0	0					
07/10/2026	O_PGSUSE1226C155.00	PGSUS_12/2026_AVRUPA_OPSIYON	D_EQ	SSO	D_EQ_ECP	DE_PGSUS_ECP	PGSUS.E	31/12/2026	8.5	10.55	-19.43	0	0	0	0	0	0	0	0	0	0	0					
07/10/2026	O_PGSUSE1226C160.00	PGSUS_12/2026_AVRUPA_OPSIYON	D_EQ	SSO	D_EQ_ECP	DE_PGSUS_ECP	PGSUS.E	31/12/2026	6.78	8.56	-20.79	0	0	0	0	0	0	0	0	0	0	0					
07/10/2026	O_PGSUSE1226C165.00	PGSUS_12/2026_AVRUPA_OPSIYON	D_EQ	SSO	D_EQ_ECP	DE_PGSUS_ECP	PGSUS.E	31/12/2026	5.35	6.87	-22.13	0	0	0	0	0	0	0	0	0	0	0					
07/10/2026	O_PGSUSE1226C170.00	PGSUS_12/2026_AVRUPA_OPSIYON	D_EQ	SSO	D_EQ_ECP	DE_PGSUS_ECP	PGSUS.E	31/12/2026	4.18	5.47	-23.58	0	0	0	0	0	0	0	0	0	0	0					
07/10/2026	O_PGSUSE1226C175.00	PGSUS_12/2026_AVRUPA_OPSIYON	D_EQ	SSO	D_EQ_ECP	DE_PGSUS_ECP	PGSUS.E	31/12/2026	3.24	4.31	-24.83	0	0	0	0	0	0	0	0	0	0	0					
07/10/2026	O_PGSUSE1226C180.00	PGSUS_12/2026_AVRUPA_OPSIYON	D_EQ	SSO	D_EQ_ECP	DE_PGSUS_ECP	PGSUS.E	31/12/2026	2.48	3.36	-26.19	0	0	0	0	0	0	0	0	0	0	0					
07/10/2026	O_PGSUSE1226C185.00	PGSUS_12/2026_AVRUPA_OPSIYON	D_EQ	SSO	D_EQ_ECP	DE_PGSUS_ECP	PGSUS.E	31/12/2026	1.89	2.6	-27.31	0	0	0	0	0	0	0	0	0	0	0					
07/10/2026	O_PGSUSE1226P120.00	PGSUS_12/2026_AVRUPA_OPSIYON	D_EQ	SSO	D_EQ_EPP	DE_PGSUS_EPP	PGSUS.E	31/12/2026	0.96	0.71	35.21	0	0	0	0	0	0	0	0	0	0	0					
07/10/2026	O_PGSUSE1226P125.00	PGSUS_12/2026_AVRUPA_OPSIYON	D_EQ	SSO	D_EQ_EPP	DE_PGSUS_EPP	PGSUS.E	31/12/2026	1.56	1.17	33.33	0	0	0	0	0	0	0	0	0	0	0					
07/10/2026	O_PGSUSE1226P130.00	PGSUS_12/2026_AVRUPA_OPSIYON	D_EQ	SSO	D_EQ_EPP	DE_PGSUS_EPP	PGSUS.E	31/12/2026	2.39	1.84	29.89	0	0	0	0	0	0	0	0	0	0	0					
07/10/2026	O_PGSUSE1226P135.00	PGSUS_12/2026_AVRUPA_OPSIYON	D_EQ	SSO	D_EQ_EPP	DE_PGSUS_EPP	PGSUS.E	31/12/2026	3.5	2.75	27.27	0	0	0	0	0	0	0	0	0	0	0					
07/10/2026	O_PGSUSE1226P140.00	PGSUS_12/2026_AVRUPA_OPSIYON	D_EQ	SSO	D_EQ_EPP	DE_PGSUS_EPP	PGSUS.E	31/12/2026	4.93	3.94	25.13	0	0	0	0	0	0	0	0	0	0	0					
07/10/2026	O_PGSUSE1226P145.00	PGSUS_12/2026_AVRUPA_OPSIYON	D_EQ	SSO	D_EQ_EPP	DE_PGSUS_EPP	PGSUS.E	31/12/2026	6.69	5.44	22.98	0	0	0	0	0	0	0	0	0	0	0					
07/10/2026	O_PGSUSE1226P150.00	PGSUS_12/2026_AVRUPA_OPSIYON	D_EQ	SSO	D_EQ_EPP	DE_PGSUS_EPP	PGSUS.E	31/12/2026	8.8	7.27	21.05	0	0	0	0	0	0	0	0	0	0	0					
07/10/2026	O_PGSUSE1226P155.00	PGSUS_12/2026_AVRUPA_OPSIYON	D_EQ	SSO	D_EQ_EPP	DE_PGSUS_EPP	PGSUS.E	31/12/2026	11.25	9.43	19.3	0	0	0	0	0	0	0	0	0	0	0					
07/10/2026	O_PGSUSE1226P160.00	PGSUS_12/2026_AVRUPA_OPSIYON	D_EQ	SSO	D_EQ_EPP	DE_PGSUS_EPP	PGSUS.E	31/12/2026	14.03	11.93	17.6	0	0	0	0	0	0	0	0	0	0	0					
07/10/2026	O_P_USDTRYKE1026C50000	FIZ. USDTRY_10/2026_AVRUPA_OPSIYON	D_CR	PCO	D_CR_ECP	DE_USDTRYKP_ECP	USDTRYKP.CX	30/10/2026	293.6	309.5	-5.14	0	0	0	0	0	0	0	0	0	0	0					
07/10/2026	O_P_USDTRYKE1026P50000	FIZ. USDTRY_10/2026_AVRUPA_OPSIYON	D_CR	PCO	D_CR_EPP	DE_USDTRYKP_EPP	USDTRYKP.CX	30/10/2026	297.1	293.7	1.16	0	0	0	0	0	0	0	0	0	0	0					
07/10/2026	O_P_USDTRYKE1126C51000	FIZ. USDTRY_11/2026_AVRUPA_OPSIYON	D_CR	PCO	D_CR_ECP	DE_USDTRYKP_ECP	USDTRYKP.CX	30/11/2026	551	551.5	-0.09	0	0	0	0	0	0	0	0	0	0	0					
07/10/2026	O_P_USDTRYKE1126P51000	FIZ. USDTRY_11/2026_AVRUPA_OPSIYON	D_CR	PCO	D_CR_EPP	DE_USDTRYKP_EPP	USDTRYKP.CX	30/11/2026	400.9	382.2	4.89	0	0	0	0	0	0	0	0	0	0	0					
07/10/2026	O_SAHOLE1026C100.00	SAHOL_10/2026_AVRUPA_OPSIYON	D_EQ	SSO	D_EQ_ECP	DE_SAHOL_ECP	SAHOL.E	30/10/2026	0.94	1.27	-25.98	0	0	0	0	0	0	0	0	0	2425	0					
07/10/2026	O_SAHOLE1026C105.00	SAHOL_10/2026_AVRUPA_OPSIYON	D_EQ	SSO	D_EQ_ECP	DE_SAHOL_ECP	SAHOL.E	30/10/2026	0.4	0.58	-31.03	0	0	0	0	0	0	0	0	0	4968	0					
07/10/2026	O_SAHOLE1026C110.00	SAHOL_10/2026_AVRUPA_OPSIYON	D_EQ	SSO	D_EQ_ECP	DE_SAHOL_ECP	SAHOL.E	30/10/2026	0.16	0.24	-33.33	0	0	0	0	0	0	0	0	0	1200	0					
07/10/2026	O_SAHOLE1026C115.00	SAHOL_10/2026_AVRUPA_OPSIYON	D_EQ	SSO	D_EQ_ECP	DE_SAHOL_ECP	SAHOL.E	30/10/2026	0.06	0.09	-33.33	0	0	0	0	0	0	0	0	0	1568	0					
07/10/2026	O_SAHOLE1026C120.00	SAHOL_10/2026_AVRUPA_OPSIYON	D_EQ	SSO	D_EQ_ECP	DE_SAHOL_ECP	SAHOL.E	30/10/2026	0.02	0.03	-33.33	0	0	0	0	0	0	0	0	0	1600	0					
07/10/2026	O_SAHOLE1026C125.00	SAHOL_10/2026_AVRUPA_OPSIYON	D_EQ	SSO	D_EQ_ECP	DE_SAHOL_ECP	SAHOL.E	30/10/2026	0.01	0.01	0	0	0	0	0	0	0	0	0	0	0	0					
07/10/2026	O_SAHOLE1026C130.00	SAHOL_10/2026_AVRUPA_OPSIYON	D_EQ	SSO	D_EQ_ECP	DE_SAHOL_ECP	SAHOL.E	30/10/2026	0.01	0.01	0	0	0	0	0	0	0	0	0	0	0	0					
07/10/2026	O_SAHOLE1026C86.00	SAHOL_10/2026_AVRUPA_OPSIYON	D_EQ	SSO	D_EQ_ECP	DE_SAHOL_ECP	SAHOL.E	30/10/2026	5.96	6.92	-13.87	0	0	0	0	0	0	0	0	0	38	0					
07/10/2026	O_SAHOLE1026C88.00	SAHOL_10/2026_AVRUPA_OPSIYON	D_EQ	SSO	D_EQ_ECP	DE_SAHOL_ECP	SAHOL.E	30/10/2026	4.82	5.69	-15.29	4.12	4.12	4.12	4.12	4.12	880000	41200	100	10	102	100					
07/10/2026	O_SAHOLE1026C90.00	SAHOL_10/2026_AVRUPA_OPSIYON	D_EQ	SSO	D_EQ_ECP	DE_SAHOL_ECP	SAHOL.E	30/10/2026	3.83	4.6	-16.74	3.08	3.08	3.08	3.08	3.08	630000	21560	70	7	110	70					
07/10/2026	O_SAHOLE1026C92.00	SAHOL_10/2026_AVRUPA_OPSIYON	D_EQ	SSO	D_EQ_ECP	DE_SAHOL_ECP	SAHOL.E	30/10/2026	2.99	3.67	-18.53	2.24	2.24	2.24	2.24	2.24	92000	2240	10	1	204	0					
07/10/2026	O_SAHOLE1026C94.00	SAHOL_10/2026_AVRUPA_OPSIYON	D_EQ	SSO	D_EQ_ECP	DE_SAHOL_ECP	SAHOL.E	30/10/2026	2.3	2.88	-20.14	1.16	1.16	1.16	1.16	1.16	14100000	174000	1500	27	1500	1402					
07/10/2026	O_SAHOLE1026C96.00	SAHOL_10/2026_AVRUPA_OPSIYON	D_EQ	SSO	D_EQ_ECP	DE_SAHOL_ECP	SAHOL.E	30/10/2026	1.74	2.23	-21.97	0	0	0	0	0	0	0	0	0	98	0					
07/10/2026	O_SAHOLE1026C98.00	SAHOL_10/2026_AVRUPA_OPSIYON	D_EQ	SSO	D_EQ_ECP	DE_SAHOL_ECP	SAHOL.E	30/10/2026	1.29	1.69	-23.67	0	0	0	0	0	0	0	0	0	98	0					
07/10/2026	O_SAHOLE1026P100.00	SAHOL_10/2026_AVRUPA_OPSIYON	D_EQ	SSO	D_EQ_EPP	DE_SAHOL_EPP	SAHOL.E	30/10/2026	10.98	10	9.8	0	0	0	0	0	0	0	0	0	100	0					
07/10/2026	O_SAHOLE1026P105.00	SAHOL_10/2026_AVRUPA_OPSIYON	D_EQ	SSO	D_EQ_EPP	DE_SAHOL_EPP	SAHOL.E	30/10/2026	15.32	14.19	7.96	0	0	0	0	0	0	0	0	0	4300	0					
07/10/2026	O_SAHOLE1026P76.00	SAHOL_10/2026_AVRUPA_OPSIYON	D_EQ	SSO	D_EQ_EPP	DE_SAHOL_EPP	SAHOL.E	30/10/2026	0.29	0.24	20.83	0	0	0	0	0	0	0	0	0	0	0					
07/10/2026	O_SAHOLE1026P78.00	SAHOL_10/2026_AVRUPA_OPSIYON	D_EQ	SSO	D_EQ_EPP	DE_SAHOL_EPP	SAHOL.E	30/10/2026	0.48	0.4	20	0	0	0	0	0	0	0	0	0	125	0					
07/10/2026	O_SAHOLE1026P80.00	SAHOL_10/2026_AVRUPA_OPSIYON	D_EQ	SSO	D_EQ_EPP	DE_SAHOL_EPP	SAHOL.E	30/10/2026	0.76	0.64	18.75	0	0	0	0	0	0	0	0	0	42	0					
07/10/2026	O_SAHOLE1026P82.00	SAHOL_10/2026_AVRUPA_OPSIYON	D_EQ	SSO	D_EQ_EPP	DE_SAHOL_EPP	SAHOL.E	30/10/2026	1.15	0.97	18.56	0	0	0	0	0	0	0	0	0	2138	0					
07/10/2026	O_SAHOLE1026P84.00	SAHOL_10/2026_AVRUPA_OPSIYON	D_EQ	SSO	D_EQ_EPP	DE_SAHOL_EPP	SAHOL.E	30/10/2026	1.67	1.42	17.61	0	0	0	0	0	0	0	0	0	3330	0					
07/10/2026	O_SAHOLE1026P86.00	SAHOL_10/2026_AVRUPA_OPSIYON	D_EQ	SSO	D_EQ_EPP	DE_SAHOL_EPP	SAHOL.E	30/10/2026	2.32	2	16	0	0	0	0	0	0	0	0	0	2973	0					
07/10/2026	O_SAHOLE1026P88.00	SAHOL_10/2026_AVRUPA_OPSIYON	D_EQ	SSO	D_EQ_EPP	DE_SAHOL_EPP	SAHOL.E	30/10/2026	3.13	2.71	15.5	0	0	0	0	0	0	0	0	0	9791	0					
07/10/2026	O_SAHOLE1026P90.00	SAHOL_10/2026_AVRUPA_OPSIYON	D_EQ	SSO	D_EQ_EPP	DE_SAHOL_EPP	SAHOL.E	30/10/2026	4.1	3.58	14.53	0	0	0	0	0	0	0	0	0	5646	0					
07/10/2026	O_SAHOLE1026P92.00	SAHOL_10/2026_AVRUPA_OPSIYON	D_EQ	SSO	D_EQ_EPP	DE_SAHOL_EPP	SAHOL.E	30/10/2026	5.22	4.6	13.48	4.07	4.07	4.07	4.07	4.07	92000	4070	10	1	1212	-10					
07/10/2026	O_SAHOLE1026P94.00	SAHOL_10/2026_AVRUPA_OPSIYON	D_EQ	SSO	D_EQ_EPP	DE_SAHOL_EPP	SAHOL.E	30/10/2026	6.48	5.76	12.5	5.68	5.6	5.68	5.6	5.66	658000	39600	70	7	1180	0					
07/10/2026	O_SAHOLE1026P96.00	SAHOL_10/2026_AVRUPA_OPSIYON	D_EQ	SSO	D_EQ_EPP	DE_SAHOL_EPP	SAHOL.E	30/10/2026	7.87	7.06	11.47	0	0	0	0	0	0	0	0	0	80	0					
07/10/2026	O_SAHOLE1026P98.00	SAHOL_10/2026_AVRUPA_OPSIYON	D_EQ	SSO	D_EQ_EPP	DE_SAHOL_EPP	SAHOL.E	30/10/2026	9.37	8.47	10.63	0	0	0	0	0	0	0	0	0	128	0					
07/10/2026	O_SAHOLE1126C100.00	SAHOL_11/2026_AVRUPA_OPSIYON	D_EQ	SSO	D_EQ_ECP	DE_SAHOL_ECP	SAHOL.E	30/11/2026	3.43	3.97	-13.6	0	0	0	0	0	0	0	0	0	0	0					
07/10/2026	O_SAHOLE1126C105.00	SAHOL_11/2026_AVRUPA_OPSIYON	D_EQ	SSO	D_EQ_ECP	DE_SAHOL_ECP	SAHOL.E	30/11/2026	2.23	2.63	-15.21	0	0	0	0	0	0	0	0	0	1011	0					
07/10/2026	O_SAHOLE1126C110.00	SAHOL_11/2026_AVRUPA_OPSIYON	D_EQ	SSO	D_EQ_ECP	DE_SAHOL_ECP	SAHOL.E	30/11/2026	1.41	1.7	-17.06	0	0	0	0	0	0	0	0	0	0	0					
07/10/2026	O_SAHOLE1126C115.00	SAHOL_11/2026_AVRUPA_OPSIYON	D_EQ	SSO	D_EQ_ECP	DE_SAHOL_ECP	SAHOL.E	30/11/2026	0.86	1.07	-19.63	0	0	0	0	0	0	0	0	0	0	0					
07/10/2026	O_SAHOLE1126C120.00	SAHOL_11/2026_AVRUPA_OPSIYON	D_EQ	SSO	D_EQ_ECP	DE_SAHOL_ECP	SAHOL.E	30/11/2026	0.52	0.65	-20	0	0	0	0	0	0	0	0	0	0	0					
07/10/2026	O_SAHOLE1126C125.00	SAHOL_11/2026_AVRUPA_OPSIYON	D_EQ	SSO	D_EQ_ECP	DE_SAHOL_ECP	SAHOL.E	30/11/2026	0.3	0.39	-23.08	0	0	0	0	0	0	0	0	0	0	0					
07/10/2026	O_SAHOLE1126C130.00	SAHOL_11/2026_AVRUPA_OPSIYON	D_EQ	SSO	D_EQ_ECP	DE_SAHOL_ECP	SAHOL.E	30/11/2026	0.17	0.23	-26.09	0	0	0	0	0	0	0	0	0	0	0					
07/10/2026	O_SAHOLE1126C135.00	SAHOL_11/2026_AVRUPA_OPSIYON	D_EQ	SSO	D_EQ_ECP	DE_SAHOL_ECP	SAHOL.E	30/11/2026	0.1	0.13	-23.08	0	0	0	0	0	0	0	0	0	0	0					
07/10/2026	O_SAHOLE1126C88.00	SAHOL_11/2026_AVRUPA_OPSIYON	D_EQ	SSO	D_EQ_ECP	DE_SAHOL_ECP	SAHOL.E	30/11/2026	8.37	9.27	-9.71	0	0	0	0	0	0	0	0	0	0	0					
07/10/2026	O_SAHOLE1126C90.00	SAHOL_11/2026_AVRUPA_OPSIYON	D_EQ	SSO	D_EQ_ECP	DE_SAHOL_ECP	SAHOL.E	30/11/2026	7.31	8.16	-10.42	0	0	0	0	0	0	0	0	0	0	0					
07/10/2026	O_SAHOLE1126C92.00	SAHOL_11/2026_AVRUPA_OPSIYON	D_EQ	SSO	D_EQ_ECP	DE_SAHOL_ECP	SAHOL.E	30/11/2026	6.36	7.14	-10.92	0	0	0	0	0	0	0	0	0	0	0					
07/10/2026	O_SAHOLE1126C94.00	SAHOL_11/2026_AVRUPA_OPSIYON	D_EQ	SSO	D_EQ_ECP	DE_SAHOL_ECP	SAHOL.E	30/11/2026	5.49	6.21	-11.59	0	0	0	0	0	0	0	0	0	0	0					
07/10/2026	O_SAHOLE1126C96.00	SAHOL_11/2026_AVRUPA_OPSIYON	D_EQ	SSO	D_EQ_ECP	DE_SAHOL_ECP	SAHOL.E	30/11/2026	4.72	5.38	-12.27	0	0	0	0	0	0	0	0	0	0	0					
07/10/2026	O_SAHOLE1126C98.00	SAHOL_11/2026_AVRUPA_OPSIYON	D_EQ	SSO	D_EQ_ECP	DE_SAHOL_ECP	SAHOL.E	30/11/2026	4.03	4.63	-12.96	0	0	0	0	0	0	0	0	0	0	0					
07/10/2026	O_SAHOLE1126P100.00	SAHOL_11/2026_AVRUPA_OPSIYON	D_EQ	SSO	D_EQ_EPP	DE_SAHOL_EPP	SAHOL.E	30/11/2026	10.36	9.6	7.92	0	0	0	0	0	0	0	0	0	0	0					
07/10/2026	O_SAHOLE1126P105.00	SAHOL_11/2026_AVRUPA_OPSIYON	D_EQ	SSO	D_EQ_EPP	DE_SAHOL_EPP	SAHOL.E	30/11/2026	13.89	12.99	6.93	0	0	0	0	0	0	0	0	0	0	0					
07/10/2026	O_SAHOLE1126P110.00	SAHOL_11/2026_AVRUPA_OPSIYON	D_EQ	SSO	D_EQ_EPP	DE_SAHOL_EPP	SAHOL.E	30/11/2026	17.79	16.78	6.02	0	0	0	0	0	0	0	0	0	0	0					
07/10/2026	O_SAHOLE1126P78.00	SAHOL_11/2026_AVRUPA_OPSIYON	D_EQ	SSO	D_EQ_EPP	DE_SAHOL_EPP	SAHOL.E	30/11/2026	1.18	1.03	14.56	0	0	0	0	0	0	0	0	0	40	0					
07/10/2026	O_SAHOLE1126P80.00	SAHOL_11/2026_AVRUPA_OPSIYON	D_EQ	SSO	D_EQ_EPP	DE_SAHOL_EPP	SAHOL.E	30/11/2026	1.56	1.38	13.04	0	0	0	0	0	0	0	0	0	0	0					
07/10/2026	O_SAHOLE1126P82.00	SAHOL_11/2026_AVRUPA_OPSIYON	D_EQ	SSO	D_EQ_EPP	DE_SAHOL_EPP	SAHOL.E	30/11/2026	2.02	1.8	12.22	0	0	0	0	0	0	0	0	0	0	0					
07/10/2026	O_SAHOLE1126P84.00	SAHOL_11/2026_AVRUPA_OPSIYON	D_EQ	SSO	D_EQ_EPP	DE_SAHOL_EPP	SAHOL.E	30/11/2026	2.58	2.3	12.17	0	0	0	0	0	0	0	0	0	0	0					
07/10/2026	O_SAHOLE1126P86.00	SAHOL_11/2026_AVRUPA_OPSIYON	D_EQ	SSO	D_EQ_EPP	DE_SAHOL_EPP	SAHOL.E	30/11/2026	3.22	2.89	11.42	0	0	0	0	0	0	0	0	0	900	0					
07/10/2026	O_SAHOLE1126P88.00	SAHOL_11/2026_AVRUPA_OPSIYON	D_EQ	SSO	D_EQ_EPP	DE_SAHOL_EPP	SAHOL.E	30/11/2026	3.96	3.57	10.92	0	0	0	0	0	0	0	0	0	0	0					
07/10/2026	O_SAHOLE1126P90.00	SAHOL_11/2026_AVRUPA_OPSIYON	D_EQ	SSO	D_EQ_EPP	DE_SAHOL_EPP	SAHOL.E	30/11/2026	4.79	4.35	10.11	0	0	0	0	0	0	0	0	0	0	0					
07/10/2026	O_SAHOLE1126P92.00	SAHOL_11/2026_AVRUPA_OPSIYON	D_EQ	SSO	D_EQ_EPP	DE_SAHOL_EPP	SAHOL.E	30/11/2026	5.73	5.22	9.77	0	0	0	0	0	0	0	0	0	0	0					
07/10/2026	O_SAHOLE1126P94.00	SAHOL_11/2026_AVRUPA_OPSIYON	D_EQ	SSO	D_EQ_EPP	DE_SAHOL_EPP	SAHOL.E	30/11/2026	6.75	6.18	9.22	0	0	0	0	0	0	0	0	0	0	0					
07/10/2026	O_SAHOLE1126P96.00	SAHOL_11/2026_AVRUPA_OPSIYON	D_EQ	SSO	D_EQ_EPP	DE_SAHOL_EPP	SAHOL.E	30/11/2026	7.87	7.23	8.85	0	0	0	0	0	0	0	0	0	0	0					
07/10/2026	O_SAHOLE1126P98.00	SAHOL_11/2026_AVRUPA_OPSIYON	D_EQ	SSO	D_EQ_EPP	DE_SAHOL_EPP	SAHOL.E	30/11/2026	9.07	8.38	8.23	0	0	0	0	0	0	0	0	0	0	0					
07/10/2026	O_SAHOLE1226C100.00	SAHOL_12/2026_AVRUPA_OPSIYON	D_EQ	SSO	D_EQ_ECP	DE_SAHOL_ECP	SAHOL.E	31/12/2026	6.62	7.33	-9.69	0	0	0	0	0	0	0	0	0	0	0					
07/10/2026	O_SAHOLE1226C105.00	SAHOL_12/2026_AVRUPA_OPSIYON	D_EQ	SSO	D_EQ_ECP	DE_SAHOL_ECP	SAHOL.E	31/12/2026	4.97	5.56	-10.61	0	0	0	0	0	0	0	0	0	0	0					
07/10/2026	O_SAHOLE1226C110.00	SAHOL_12/2026_AVRUPA_OPSIYON	D_EQ	SSO	D_EQ_ECP	DE_SAHOL_ECP	SAHOL.E	31/12/2026	3.67	4.15	-11.57	0	0	0	0	0	0	0	0	0	0	0					
07/10/2026	O_SAHOLE1226C115.00	SAHOL_12/2026_AVRUPA_OPSIYON	D_EQ	SSO	D_EQ_ECP	DE_SAHOL_ECP	SAHOL.E	31/12/2026	2.67	3.06	-12.75	0	0	0	0	0	0	0	0	0	0	0					
07/10/2026	O_SAHOLE1226C120.00	SAHOL_12/2026_AVRUPA_OPSIYON	D_EQ	SSO	D_EQ_ECP	DE_SAHOL_ECP	SAHOL.E	31/12/2026	1.92	2.22	-13.51	0	0	0	0	0	0	0	0	0	0	0					
07/10/2026	O_SAHOLE1226C90.00	SAHOL_12/2026_AVRUPA_OPSIYON	D_EQ	SSO	D_EQ_ECP	DE_SAHOL_ECP	SAHOL.E	31/12/2026	11.16	12.1	-7.77	0	0	0	0	0	0	0	0	0	0	0					
07/10/2026	O_SAHOLE1226C92.00	SAHOL_12/2026_AVRUPA_OPSIYON	D_EQ	SSO	D_EQ_ECP	DE_SAHOL_ECP	SAHOL.E	31/12/2026	10.11	11	-8.09	0	0	0	0	0	0	0	0	0	0	0					
07/10/2026	O_SAHOLE1226C94.00	SAHOL_12/2026_AVRUPA_OPSIYON	D_EQ	SSO	D_EQ_ECP	DE_SAHOL_ECP	SAHOL.E	31/12/2026	9.14	9.98	-8.42	0	0	0	0	0	0	0	0	0	0	0					
07/10/2026	O_SAHOLE1226C96.00	SAHOL_12/2026_AVRUPA_OPSIYON	D_EQ	SSO	D_EQ_ECP	DE_SAHOL_ECP	SAHOL.E	31/12/2026	8.23	9.03	-8.86	0	0	0	0	0	0	0	0	0	0	0					
07/10/2026	O_SAHOLE1226C98.00	SAHOL_12/2026_AVRUPA_OPSIYON	D_EQ	SSO	D_EQ_ECP	DE_SAHOL_ECP	SAHOL.E	31/12/2026	7.39	8.15	-9.33	0	0	0	0	0	0	0	0	0	0	0					
07/10/2026	O_SAHOLE1226P80.00	SAHOL_12/2026_AVRUPA_OPSIYON	D_EQ	SSO	D_EQ_EPP	DE_SAHOL_EPP	SAHOL.E	31/12/2026	1.7	1.53	11.11	0	0	0	0	0	0	0	0	0	0	0					
07/10/2026	O_SAHOLE1226P82.00	SAHOL_12/2026_AVRUPA_OPSIYON	D_EQ	SSO	D_EQ_EPP	DE_SAHOL_EPP	SAHOL.E	31/12/2026	2.11	1.91	10.47	0	0	0	0	0	0	0	0	0	0	0					
07/10/2026	O_SAHOLE1226P84.00	SAHOL_12/2026_AVRUPA_OPSIYON	D_EQ	SSO	D_EQ_EPP	DE_SAHOL_EPP	SAHOL.E	31/12/2026	2.59	2.35	10.21	0	0	0	0	0	0	0	0	0	0	0					
07/10/2026	O_SAHOLE1226P86.00	SAHOL_12/2026_AVRUPA_OPSIYON	D_EQ	SSO	D_EQ_EPP	DE_SAHOL_EPP	SAHOL.E	31/12/2026	3.13	2.85	9.82	0	0	0	0	0	0	0	0	0	0	0					
07/10/2026	O_SAHOLE1226P88.00	SAHOL_12/2026_AVRUPA_OPSIYON	D_EQ	SSO	D_EQ_EPP	DE_SAHOL_EPP	SAHOL.E	31/12/2026	3.74	3.42	9.36	0	0	0	0	0	0	0	0	0	0	0					
07/10/2026	O_SAHOLE1226P90.00	SAHOL_12/2026_AVRUPA_OPSIYON	D_EQ	SSO	D_EQ_EPP	DE_SAHOL_EPP	SAHOL.E	31/12/2026	4.42	4.05	9.14	0	0	0	0	0	0	0	0	0	0	0					
07/10/2026	O_SAHOLE1226P92.00	SAHOL_12/2026_AVRUPA_OPSIYON	D_EQ	SSO	D_EQ_EPP	DE_SAHOL_EPP	SAHOL.E	31/12/2026	5.17	4.75	8.84	0	0	0	0	0	0	0	0	0	0	0					
07/10/2026	O_SAHOLE1226P94.00	SAHOL_12/2026_AVRUPA_OPSIYON	D_EQ	SSO	D_EQ_EPP	DE_SAHOL_EPP	SAHOL.E	31/12/2026	5.99	5.53	8.32	0	0	0	0	0	0	0	0	0	0	0					
07/10/2026	O_SAHOLE1226P96.00	SAHOL_12/2026_AVRUPA_OPSIYON	D_EQ	SSO	D_EQ_EPP	DE_SAHOL_EPP	SAHOL.E	31/12/2026	6.88	6.37	8.01	0	0	0	0	0	0	0	0	0	0	0					
07/10/2026	O_SAHOLE1226P98.00	SAHOL_12/2026_AVRUPA_OPSIYON	D_EQ	SSO	D_EQ_EPP	DE_SAHOL_EPP	SAHOL.E	31/12/2026	7.84	7.28	7.69	0	0	0	0	0	0	0	0	0	0	0					
07/10/2026	O_SISEE1026C37.00	SISE_10/2026_AVRUPA_OPSIYON	D_EQ	SSO	D_EQ_ECP	DE_SISE_ECP	SISE.E	30/10/2026	2.24	2.61	-14.18	2.28	2.12	2.28	2.12	2.2	370000	22000	100	2	618	0					
07/10/2026	O_SISEE1026C38.00	SISE_10/2026_AVRUPA_OPSIYON	D_EQ	SSO	D_EQ_ECP	DE_SISE_ECP	SISE.E	30/10/2026	1.67	1.98	-15.66	1.7	1.7	1.7	1.7	1.7	760000	34000	200	4	600	98					
07/10/2026	O_SISEE1026C39.00	SISE_10/2026_AVRUPA_OPSIYON	D_EQ	SSO	D_EQ_ECP	DE_SISE_ECP	SISE.E	30/10/2026	1.2	1.46	-17.81	0	0	0	0	0	0	0	0	0	200	0					
07/10/2026	O_SISEE1026C40.00	SISE_10/2026_AVRUPA_OPSIYON	D_EQ	SSO	D_EQ_ECP	DE_SISE_ECP	SISE.E	30/10/2026	0.84	1.05	-20	0	0	0	0	0	0	0	0	0	56	0					
07/10/2026	O_SISEE1026C41.00	SISE_10/2026_AVRUPA_OPSIYON	D_EQ	SSO	D_EQ_ECP	DE_SISE_ECP	SISE.E	30/10/2026	0.59	0.75	-21.33	0	0	0	0	0	0	0	0	0	50	0					
07/10/2026	O_SISEE1026C42.00	SISE_10/2026_AVRUPA_OPSIYON	D_EQ	SSO	D_EQ_ECP	DE_SISE_ECP	SISE.E	30/10/2026	0.41	0.53	-22.64	0	0	0	0	0	0	0	0	0	100	0					
07/10/2026	O_SISEE1026C43.00	SISE_10/2026_AVRUPA_OPSIYON	D_EQ	SSO	D_EQ_ECP	DE_SISE_ECP	SISE.E	30/10/2026	0.28	0.37	-24.32	0	0	0	0	0	0	0	0	0	2550	0					
07/10/2026	O_SISEE1026C44.00	SISE_10/2026_AVRUPA_OPSIYON	D_EQ	SSO	D_EQ_ECP	DE_SISE_ECP	SISE.E	30/10/2026	0.19	0.26	-26.92	0	0	0	0	0	0	0	0	0	456	0					
07/10/2026	O_SISEE1026C45.00	SISE_10/2026_AVRUPA_OPSIYON	D_EQ	SSO	D_EQ_ECP	DE_SISE_ECP	SISE.E	30/10/2026	0.13	0.18	-27.78	0	0	0	0	0	0	0	0	0	133	0					
07/10/2026	O_SISEE1026C46.00	SISE_10/2026_AVRUPA_OPSIYON	D_EQ	SSO	D_EQ_ECP	DE_SISE_ECP	SISE.E	30/10/2026	0.09	0.12	-25	0	0	0	0	0	0	0	0	0	200	0					
07/10/2026	O_SISEE1026C47.00	SISE_10/2026_AVRUPA_OPSIYON	D_EQ	SSO	D_EQ_ECP	DE_SISE_ECP	SISE.E	30/10/2026	0.06	0.09	-33.33	0	0	0	0	0	0	0	0	0	50	0					
07/10/2026	O_SISEE1026C48.00	SISE_10/2026_AVRUPA_OPSIYON	D_EQ	SSO	D_EQ_ECP	DE_SISE_ECP	SISE.E	30/10/2026	0.04	0.06	-33.33	0.06	0.06	0.06	0.06	0.06	14400	18	3	1	841	-3					
07/10/2026	O_SISEE1026C49.00	SISE_10/2026_AVRUPA_OPSIYON	D_EQ	SSO	D_EQ_ECP	DE_SISE_ECP	SISE.E	30/10/2026	0.03	0.04	-25	0	0	0	0	0	0	0	0	0	400	0					
07/10/2026	O_SISEE1026C50.00	SISE_10/2026_AVRUPA_OPSIYON	D_EQ	SSO	D_EQ_ECP	DE_SISE_ECP	SISE.E	30/10/2026	0.02	0.03	-33.33	0	0	0	0	0	0	0	0	0	466	0					
07/10/2026	O_SISEE1026C52.00	SISE_10/2026_AVRUPA_OPSIYON	D_EQ	SSO	D_EQ_ECP	DE_SISE_ECP	SISE.E	30/10/2026	0.01	0.01	0	0	0	0	0	0	0	0	0	0	0	0					
07/10/2026	O_SISEE1026C54.00	SISE_10/2026_AVRUPA_OPSIYON	D_EQ	SSO	D_EQ_ECP	DE_SISE_ECP	SISE.E	30/10/2026	0.01	0.01	0	0	0	0	0	0	0	0	0	0	325	0					
07/10/2026	O_SISEE1026C56.00	SISE_10/2026_AVRUPA_OPSIYON	D_EQ	SSO	D_EQ_ECP	DE_SISE_ECP	SISE.E	30/10/2026	0.01	0.01	0	0	0	0	0	0	0	0	0	0	2600	0					
07/10/2026	O_SISEE1026C58.00	SISE_10/2026_AVRUPA_OPSIYON	D_EQ	SSO	D_EQ_ECP	DE_SISE_ECP	SISE.E	30/10/2026	0.01	0.01	0	0	0	0	0	0	0	0	0	0	0	0					
07/10/2026	O_SISEE1026P32.00	SISE_10/2026_AVRUPA_OPSIYON	D_EQ	SSO	D_EQ_EPP	DE_SISE_EPP	SISE.E	30/10/2026	0.06	0.05	20	0	0	0	0	0	0	0	0	0	0	0					
07/10/2026	O_SISEE1026P33.00	SISE_10/2026_AVRUPA_OPSIYON	D_EQ	SSO	D_EQ_EPP	DE_SISE_EPP	SISE.E	30/10/2026	0.11	0.09	22.22	0	0	0	0	0	0	0	0	0	0	0					
07/10/2026	O_SISEE1026P34.00	SISE_10/2026_AVRUPA_OPSIYON	D_EQ	SSO	D_EQ_EPP	DE_SISE_EPP	SISE.E	30/10/2026	0.19	0.16	18.75	0	0	0	0	0	0	0	0	0	10	0					
07/10/2026	O_SISEE1026P35.00	SISE_10/2026_AVRUPA_OPSIYON	D_EQ	SSO	D_EQ_EPP	DE_SISE_EPP	SISE.E	30/10/2026	0.32	0.28	14.29	0.36	0.36	0.36	0.36	0.36	5250000	54000	1500	13	1559	1500					
07/10/2026	O_SISEE1026P36.00	SISE_10/2026_AVRUPA_OPSIYON	D_EQ	SSO	D_EQ_EPP	DE_SISE_EPP	SISE.E	30/10/2026	0.52	0.45	15.56	0	0	0	0	0	0	0	0	0	3207	0					
07/10/2026	O_SISEE1026P37.00	SISE_10/2026_AVRUPA_OPSIYON	D_EQ	SSO	D_EQ_EPP	DE_SISE_EPP	SISE.E	30/10/2026	0.81	0.69	17.39	0	0	0	0	0	0	0	0	0	1717	0					
07/10/2026	O_SISEE1026P38.00	SISE_10/2026_AVRUPA_OPSIYON	D_EQ	SSO	D_EQ_EPP	DE_SISE_EPP	SISE.E	30/10/2026	1.21	1.04	16.35	0	0	0	0	0	0	0	0	0	2985	0					
07/10/2026	O_SISEE1026P39.00	SISE_10/2026_AVRUPA_OPSIYON	D_EQ	SSO	D_EQ_EPP	DE_SISE_EPP	SISE.E	30/10/2026	1.72	1.5	14.67	0	0	0	0	0	0	0	0	0	400	0					
07/10/2026	O_SISEE1026P40.00	SISE_10/2026_AVRUPA_OPSIYON	D_EQ	SSO	D_EQ_EPP	DE_SISE_EPP	SISE.E	30/10/2026	2.34	2.07	13.04	2.28	2.28	2.28	2.28	2.28	80000	4560	20	1	332	0					
07/10/2026	O_SISEE1026P41.00	SISE_10/2026_AVRUPA_OPSIYON	D_EQ	SSO	D_EQ_EPP	DE_SISE_EPP	SISE.E	30/10/2026	3.06	2.73	12.09	0	0	0	0	0	0	0	0	0	50	0					
07/10/2026	O_SISEE1026P42.00	SISE_10/2026_AVRUPA_OPSIYON	D_EQ	SSO	D_EQ_EPP	DE_SISE_EPP	SISE.E	30/10/2026	3.86	3.49	10.6	0	0	0	0	0	0	0	0	0	50	0					
07/10/2026	O_SISEE1026P43.00	SISE_10/2026_AVRUPA_OPSIYON	D_EQ	SSO	D_EQ_EPP	DE_SISE_EPP	SISE.E	30/10/2026	4.71	4.31	9.28	0	0	0	0	0	0	0	0	0	50	0					
07/10/2026	O_SISEE1026P44.00	SISE_10/2026_AVRUPA_OPSIYON	D_EQ	SSO	D_EQ_EPP	DE_SISE_EPP	SISE.E	30/10/2026	5.59	5.17	8.12	0	0	0	0	0	0	0	0	0	533	0					
07/10/2026	O_SISEE1026P45.00	SISE_10/2026_AVRUPA_OPSIYON	D_EQ	SSO	D_EQ_EPP	DE_SISE_EPP	SISE.E	30/10/2026	6.51	6.07	7.25	0	0	0	0	0	0	0	0	0	1480	0					
07/10/2026	O_SISEE1026P46.00	SISE_10/2026_AVRUPA_OPSIYON	D_EQ	SSO	D_EQ_EPP	DE_SISE_EPP	SISE.E	30/10/2026	7.44	6.99	6.44	0	0	0	0	0	0	0	0	0	600	0					
07/10/2026	O_SISEE1026P47.00	SISE_10/2026_AVRUPA_OPSIYON	D_EQ	SSO	D_EQ_EPP	DE_SISE_EPP	SISE.E	30/10/2026	8.39	7.93	5.8	0	0	0	0	0	0	0	0	0	100	0					
07/10/2026	O_SISEE1026P48.00	SISE_10/2026_AVRUPA_OPSIYON	D_EQ	SSO	D_EQ_EPP	DE_SISE_EPP	SISE.E	30/10/2026	9.35	8.87	5.41	0	0	0	0	0	0	0	0	0	150	0					
07/10/2026	O_SISEE1026P49.00	SISE_10/2026_AVRUPA_OPSIYON	D_EQ	SSO	D_EQ_EPP	DE_SISE_EPP	SISE.E	30/10/2026	10.31	9.83	4.88	0	0	0	0	0	0	0	0	0	150	0					
07/10/2026	O_SISEE1126C38.00	SISE_11/2026_AVRUPA_OPSIYON	D_EQ	SSO	D_EQ_ECP	DE_SISE_ECP	SISE.E	30/11/2026	3.07	3.41	-9.97	0	0	0	0	0	0	0	0	0	1000	0					
07/10/2026	O_SISEE1126C39.00	SISE_11/2026_AVRUPA_OPSIYON	D_EQ	SSO	D_EQ_ECP	DE_SISE_ECP	SISE.E	30/11/2026	2.54	2.85	-10.88	0	0	0	0	0	0	0	0	0	0	0					
07/10/2026	O_SISEE1126C40.00	SISE_11/2026_AVRUPA_OPSIYON	D_EQ	SSO	D_EQ_ECP	DE_SISE_ECP	SISE.E	30/11/2026	2.08	2.35	-11.49	0	0	0	0	0	0	0	0	0	0	0					
07/10/2026	O_SISEE1126C41.00	SISE_11/2026_AVRUPA_OPSIYON	D_EQ	SSO	D_EQ_ECP	DE_SISE_ECP	SISE.E	30/11/2026	1.7	1.93	-11.92	0	0	0	0	0	0	0	0	0	0	0					
07/10/2026	O_SISEE1126C42.00	SISE_11/2026_AVRUPA_OPSIYON	D_EQ	SSO	D_EQ_ECP	DE_SISE_ECP	SISE.E	30/11/2026	1.4	1.58	-11.39	0	0	0	0	0	0	0	0	0	0	0					
07/10/2026	O_SISEE1126C43.00	SISE_11/2026_AVRUPA_OPSIYON	D_EQ	SSO	D_EQ_ECP	DE_SISE_ECP	SISE.E	30/11/2026	1.15	1.31	-12.21	0	0	0	0	0	0	0	0	0	0	0					
07/10/2026	O_SISEE1126C44.00	SISE_11/2026_AVRUPA_OPSIYON	D_EQ	SSO	D_EQ_ECP	DE_SISE_ECP	SISE.E	30/11/2026	0.95	1.09	-12.84	0	0	0	0	0	0	0	0	0	0	0					
07/10/2026	O_SISEE1126C45.00	SISE_11/2026_AVRUPA_OPSIYON	D_EQ	SSO	D_EQ_ECP	DE_SISE_ECP	SISE.E	30/11/2026	0.79	0.9	-12.22	0	0	0	0	0	0	0	0	0	0	0					
07/10/2026	O_SISEE1126C46.00	SISE_11/2026_AVRUPA_OPSIYON	D_EQ	SSO	D_EQ_ECP	DE_SISE_ECP	SISE.E	30/11/2026	0.65	0.75	-13.33	0	0	0	0	0	0	0	0	0	0	0					
07/10/2026	O_SISEE1126C47.00	SISE_11/2026_AVRUPA_OPSIYON	D_EQ	SSO	D_EQ_ECP	DE_SISE_ECP	SISE.E	30/11/2026	0.54	0.62	-12.9	0	0	0	0	0	0	0	0	0	0	0					
07/10/2026	O_SISEE1126C48.00	SISE_11/2026_AVRUPA_OPSIYON	D_EQ	SSO	D_EQ_ECP	DE_SISE_ECP	SISE.E	30/11/2026	0.45	0.52	-13.46	0	0	0	0	0	0	0	0	0	0	0					
07/10/2026	O_SISEE1126C49.00	SISE_11/2026_AVRUPA_OPSIYON	D_EQ	SSO	D_EQ_ECP	DE_SISE_ECP	SISE.E	30/11/2026	0.38	0.43	-11.63	0	0	0	0	0	0	0	0	0	0	0					
07/10/2026	O_SISEE1126C50.00	SISE_11/2026_AVRUPA_OPSIYON	D_EQ	SSO	D_EQ_ECP	DE_SISE_ECP	SISE.E	30/11/2026	0.32	0.36	-11.11	0	0	0	0	0	0	0	0	0	0	0					
07/10/2026	O_SISEE1126C52.00	SISE_11/2026_AVRUPA_OPSIYON	D_EQ	SSO	D_EQ_ECP	DE_SISE_ECP	SISE.E	30/11/2026	0.23	0.26	-11.54	0	0	0	0	0	0	0	0	0	0	0					
07/10/2026	O_SISEE1126C54.00	SISE_11/2026_AVRUPA_OPSIYON	D_EQ	SSO	D_EQ_ECP	DE_SISE_ECP	SISE.E	30/11/2026	0.17	0.19	-10.53	0	0	0	0	0	0	0	0	0	0	0					
07/10/2026	O_SISEE1126C56.00	SISE_11/2026_AVRUPA_OPSIYON	D_EQ	SSO	D_EQ_ECP	DE_SISE_ECP	SISE.E	30/11/2026	0.12	0.14	-14.29	0	0	0	0	0	0	0	0	0	0	0					
07/10/2026	O_SISEE1126C58.00	SISE_11/2026_AVRUPA_OPSIYON	D_EQ	SSO	D_EQ_ECP	DE_SISE_ECP	SISE.E	30/11/2026	0.1	0.11	-9.09	0	0	0	0	0	0	0	0	0	0	0					
07/10/2026	O_SISEE1126C60.00	SISE_11/2026_AVRUPA_OPSIYON	D_EQ	SSO	D_EQ_ECP	DE_SISE_ECP	SISE.E	30/11/2026	0.07	0.08	-12.5	0	0	0	0	0	0	0	0	0	0	0					
07/10/2026	O_SISEE1126P33.00	SISE_11/2026_AVRUPA_OPSIYON	D_EQ	SSO	D_EQ_EPP	DE_SISE_EPP	SISE.E	30/11/2026	0.33	0.3	10	0	0	0	0	0	0	0	0	0	50	0					
07/10/2026	O_SISEE1126P34.00	SISE_11/2026_AVRUPA_OPSIYON	D_EQ	SSO	D_EQ_EPP	DE_SISE_EPP	SISE.E	30/11/2026	0.46	0.42	9.52	0	0	0	0	0	0	0	0	0	0	0					
07/10/2026	O_SISEE1126P35.00	SISE_11/2026_AVRUPA_OPSIYON	D_EQ	SSO	D_EQ_EPP	DE_SISE_EPP	SISE.E	30/11/2026	0.63	0.57	10.53	0	0	0	0	0	0	0	0	0	0	0					
07/10/2026	O_SISEE1126P36.00	SISE_11/2026_AVRUPA_OPSIYON	D_EQ	SSO	D_EQ_EPP	DE_SISE_EPP	SISE.E	30/11/2026	0.84	0.76	10.53	0	0	0	0	0	0	0	0	0	0	0					
07/10/2026	O_SISEE1126P37.00	SISE_11/2026_AVRUPA_OPSIYON	D_EQ	SSO	D_EQ_EPP	DE_SISE_EPP	SISE.E	30/11/2026	1.1	1	10	0	0	0	0	0	0	0	0	0	0	0					
07/10/2026	O_SISEE1126P38.00	SISE_11/2026_AVRUPA_OPSIYON	D_EQ	SSO	D_EQ_EPP	DE_SISE_EPP	SISE.E	30/11/2026	1.44	1.29	11.63	0	0	0	0	0	0	0	0	0	2	0					
07/10/2026	O_SISEE1126P39.00	SISE_11/2026_AVRUPA_OPSIYON	D_EQ	SSO	D_EQ_EPP	DE_SISE_EPP	SISE.E	30/11/2026	1.85	1.68	10.12	0	0	0	0	0	0	0	0	0	2	0					
07/10/2026	O_SISEE1126P40.00	SISE_11/2026_AVRUPA_OPSIYON	D_EQ	SSO	D_EQ_EPP	DE_SISE_EPP	SISE.E	30/11/2026	2.34	2.12	10.38	0	0	0	0	0	0	0	0	0	2	0					
07/10/2026	O_SISEE1126P41.00	SISE_11/2026_AVRUPA_OPSIYON	D_EQ	SSO	D_EQ_EPP	DE_SISE_EPP	SISE.E	30/11/2026	2.89	2.65	9.06	0	0	0	0	0	0	0	0	0	0	0					
07/10/2026	O_SISEE1126P42.00	SISE_11/2026_AVRUPA_OPSIYON	D_EQ	SSO	D_EQ_EPP	DE_SISE_EPP	SISE.E	30/11/2026	3.54	3.25	8.92	0	0	0	0	0	0	0	0	0	0	0					
07/10/2026	O_SISEE1126P43.00	SISE_11/2026_AVRUPA_OPSIYON	D_EQ	SSO	D_EQ_EPP	DE_SISE_EPP	SISE.E	30/11/2026	4.24	3.92	8.16	0	0	0	0	0	0	0	0	0	0	0					
07/10/2026	O_SISEE1126P44.00	SISE_11/2026_AVRUPA_OPSIYON	D_EQ	SSO	D_EQ_EPP	DE_SISE_EPP	SISE.E	30/11/2026	4.99	4.64	7.54	0	0	0	0	0	0	0	0	0	0	0					
07/10/2026	O_SISEE1126P45.00	SISE_11/2026_AVRUPA_OPSIYON	D_EQ	SSO	D_EQ_EPP	DE_SISE_EPP	SISE.E	30/11/2026	5.77	5.4	6.85	0	0	0	0	0	0	0	0	0	0	0					
07/10/2026	O_SISEE1126P46.00	SISE_11/2026_AVRUPA_OPSIYON	D_EQ	SSO	D_EQ_EPP	DE_SISE_EPP	SISE.E	30/11/2026	6.58	6.19	6.3	0	0	0	0	0	0	0	0	0	0	0					
07/10/2026	O_SISEE1126P47.00	SISE_11/2026_AVRUPA_OPSIYON	D_EQ	SSO	D_EQ_EPP	DE_SISE_EPP	SISE.E	30/11/2026	7.41	7.01	5.71	0	0	0	0	0	0	0	0	0	0	0					
07/10/2026	O_SISEE1126P48.00	SISE_11/2026_AVRUPA_OPSIYON	D_EQ	SSO	D_EQ_EPP	DE_SISE_EPP	SISE.E	30/11/2026	8.27	7.85	5.35	0	0	0	0	0	0	0	0	0	0	0					
07/10/2026	O_SISEE1126P49.00	SISE_11/2026_AVRUPA_OPSIYON	D_EQ	SSO	D_EQ_EPP	DE_SISE_EPP	SISE.E	30/11/2026	9.14	8.71	4.94	0	0	0	0	0	0	0	0	0	0	0					
07/10/2026	O_SISEE1126P50.00	SISE_11/2026_AVRUPA_OPSIYON	D_EQ	SSO	D_EQ_EPP	DE_SISE_EPP	SISE.E	30/11/2026	10.02	9.58	4.59	0	0	0	0	0	0	0	0	0	0	0					
07/10/2026	O_SISEE1226C39.00	SISE_12/2026_AVRUPA_OPSIYON	D_EQ	SSO	D_EQ_ECP	DE_SISE_ECP	SISE.E	31/12/2026	4.12	4.47	-7.83	0	0	0	0	0	0	0	0	0	0	0					
07/10/2026	O_SISEE1226C40.00	SISE_12/2026_AVRUPA_OPSIYON	D_EQ	SSO	D_EQ_ECP	DE_SISE_ECP	SISE.E	31/12/2026	3.58	3.91	-8.44	0	0	0	0	0	0	0	0	0	0	0					
07/10/2026	O_SISEE1226C41.00	SISE_12/2026_AVRUPA_OPSIYON	D_EQ	SSO	D_EQ_ECP	DE_SISE_ECP	SISE.E	31/12/2026	3.11	3.41	-8.8	0	0	0	0	0	0	0	0	0	0	0					
07/10/2026	O_SISEE1226C42.00	SISE_12/2026_AVRUPA_OPSIYON	D_EQ	SSO	D_EQ_ECP	DE_SISE_ECP	SISE.E	31/12/2026	2.69	2.96	-9.12	0	0	0	0	0	0	0	0	0	0	0					
07/10/2026	O_SISEE1226C43.00	SISE_12/2026_AVRUPA_OPSIYON	D_EQ	SSO	D_EQ_ECP	DE_SISE_ECP	SISE.E	31/12/2026	2.35	2.58	-8.91	0	0	0	0	0	0	0	0	0	0	0					
07/10/2026	O_SISEE1226C44.00	SISE_12/2026_AVRUPA_OPSIYON	D_EQ	SSO	D_EQ_ECP	DE_SISE_ECP	SISE.E	31/12/2026	2.06	2.26	-8.85	0	0	0	0	0	0	0	0	0	0	0					
07/10/2026	O_SISEE1226C45.00	SISE_12/2026_AVRUPA_OPSIYON	D_EQ	SSO	D_EQ_ECP	DE_SISE_ECP	SISE.E	31/12/2026	1.81	1.99	-9.05	0	0	0	0	0	0	0	0	0	0	0					
07/10/2026	O_SISEE1226C46.00	SISE_12/2026_AVRUPA_OPSIYON	D_EQ	SSO	D_EQ_ECP	DE_SISE_ECP	SISE.E	31/12/2026	1.6	1.75	-8.57	0	0	0	0	0	0	0	0	0	0	0					
07/10/2026	O_SISEE1226C47.00	SISE_12/2026_AVRUPA_OPSIYON	D_EQ	SSO	D_EQ_ECP	DE_SISE_ECP	SISE.E	31/12/2026	1.41	1.55	-9.03	0	0	0	0	0	0	0	0	0	0	0					
07/10/2026	O_SISEE1226P34.00	SISE_12/2026_AVRUPA_OPSIYON	D_EQ	SSO	D_EQ_EPP	DE_SISE_EPP	SISE.E	31/12/2026	0.53	0.49	8.16	0	0	0	0	0	0	0	0	0	0	0					
07/10/2026	O_SISEE1226P35.00	SISE_12/2026_AVRUPA_OPSIYON	D_EQ	SSO	D_EQ_EPP	DE_SISE_EPP	SISE.E	31/12/2026	0.67	0.62	8.06	0	0	0	0	0	0	0	0	0	0	0					
07/10/2026	O_SISEE1226P36.00	SISE_12/2026_AVRUPA_OPSIYON	D_EQ	SSO	D_EQ_EPP	DE_SISE_EPP	SISE.E	31/12/2026	0.84	0.78	7.69	0	0	0	0	0	0	0	0	0	0	0					
07/10/2026	O_SISEE1226P37.00	SISE_12/2026_AVRUPA_OPSIYON	D_EQ	SSO	D_EQ_EPP	DE_SISE_EPP	SISE.E	31/12/2026	1.05	0.97	8.25	0	0	0	0	0	0	0	0	0	0	0					
07/10/2026	O_SISEE1226P38.00	SISE_12/2026_AVRUPA_OPSIYON	D_EQ	SSO	D_EQ_EPP	DE_SISE_EPP	SISE.E	31/12/2026	1.29	1.19	8.4	0	0	0	0	0	0	0	0	0	0	0					
07/10/2026	O_SISEE1226P39.00	SISE_12/2026_AVRUPA_OPSIYON	D_EQ	SSO	D_EQ_EPP	DE_SISE_EPP	SISE.E	31/12/2026	1.6	1.46	9.59	0	0	0	0	0	0	0	0	0	0	0					
07/10/2026	O_SISEE1226P40.00	SISE_12/2026_AVRUPA_OPSIYON	D_EQ	SSO	D_EQ_EPP	DE_SISE_EPP	SISE.E	31/12/2026	1.96	1.8	8.89	0	0	0	0	0	0	0	0	0	0	0					
07/10/2026	O_SISEE1226P41.00	SISE_12/2026_AVRUPA_OPSIYON	D_EQ	SSO	D_EQ_EPP	DE_SISE_EPP	SISE.E	31/12/2026	2.39	2.19	9.13	0	0	0	0	0	0	0	0	0	0	0					
07/10/2026	O_SISEE1226P42.00	SISE_12/2026_AVRUPA_OPSIYON	D_EQ	SSO	D_EQ_EPP	DE_SISE_EPP	SISE.E	31/12/2026	2.86	2.65	7.92	0	0	0	0	0	0	0	0	0	0	0					
07/10/2026	O_TAVHLE1026C250.00	TAVHL_10/2026_AVRUPA_OPSIYON	D_EQ	SSO	D_EQ_ECP	DE_TAVHL_ECP	TAVHL.E	30/10/2026	32.76	33.32	-1.68	0	0	0	0	0	0	0	0	0	0	0					
07/10/2026	O_TAVHLE1026C260.00	TAVHL_10/2026_AVRUPA_OPSIYON	D_EQ	SSO	D_EQ_ECP	DE_TAVHL_ECP	TAVHL.E	30/10/2026	24.56	25.15	-2.35	0	0	0	0	0	0	0	0	0	19	0					
07/10/2026	O_TAVHLE1026C270.00	TAVHL_10/2026_AVRUPA_OPSIYON	D_EQ	SSO	D_EQ_ECP	DE_TAVHL_ECP	TAVHL.E	30/10/2026	17.44	18.01	-3.16	0	0	0	0	0	0	0	0	0	200	0					
07/10/2026	O_TAVHLE1026C280.00	TAVHL_10/2026_AVRUPA_OPSIYON	D_EQ	SSO	D_EQ_ECP	DE_TAVHL_ECP	TAVHL.E	30/10/2026	11.73	12.26	-4.32	10.4	10.08	10.8	10.8	10.5	1400000	52480	50	5	235	50					
07/10/2026	O_TAVHLE1026C290.00	TAVHL_10/2026_AVRUPA_OPSIYON	D_EQ	SSO	D_EQ_ECP	DE_TAVHL_ECP	TAVHL.E	30/10/2026	7.51	7.96	-5.65	0	0	0	0	0	0	0	0	0	60	0					
07/10/2026	O_TAVHLE1026C300.00	TAVHL_10/2026_AVRUPA_OPSIYON	D_EQ	SSO	D_EQ_ECP	DE_TAVHL_ECP	TAVHL.E	30/10/2026	4.65	5	-7	3.05	3.05	3.05	3.05	3.05	30000	305	1	1	1236	1					
07/10/2026	O_TAVHLE1026C310.00	TAVHL_10/2026_AVRUPA_OPSIYON	D_EQ	SSO	D_EQ_ECP	DE_TAVHL_ECP	TAVHL.E	30/10/2026	2.84	3.1	-8.39	0	0	0	0	0	0	0	0	0	110	0					
07/10/2026	O_TAVHLE1026C320.00	TAVHL_10/2026_AVRUPA_OPSIYON	D_EQ	SSO	D_EQ_ECP	DE_TAVHL_ECP	TAVHL.E	30/10/2026	1.7	1.89	-10.05	0	0	0	0	0	0	0	0	0	58	0					
07/10/2026	O_TAVHLE1026C330.00	TAVHL_10/2026_AVRUPA_OPSIYON	D_EQ	SSO	D_EQ_ECP	DE_TAVHL_ECP	TAVHL.E	30/10/2026	1.01	1.14	-11.4	0	0	0	0	0	0	0	0	0	20	0					
07/10/2026	O_TAVHLE1026C340.00	TAVHL_10/2026_AVRUPA_OPSIYON	D_EQ	SSO	D_EQ_ECP	DE_TAVHL_ECP	TAVHL.E	30/10/2026	0.59	0.68	-13.24	0	0	0	0	0	0	0	0	0	20	0					
07/10/2026	O_TAVHLE1026C350.00	TAVHL_10/2026_AVRUPA_OPSIYON	D_EQ	SSO	D_EQ_ECP	DE_TAVHL_ECP	TAVHL.E	30/10/2026	0.35	0.41	-14.63	0	0	0	0	0	0	0	0	0	20	0					
07/10/2026	O_TAVHLE1026C360.00	TAVHL_10/2026_AVRUPA_OPSIYON	D_EQ	SSO	D_EQ_ECP	DE_TAVHL_ECP	TAVHL.E	30/10/2026	0.21	0.24	-12.5	0	0	0	0	0	0	0	0	0	0	0					
07/10/2026	O_TAVHLE1026C370.00	TAVHL_10/2026_AVRUPA_OPSIYON	D_EQ	SSO	D_EQ_ECP	DE_TAVHL_ECP	TAVHL.E	30/10/2026	0.12	0.15	-20	0	0	0	0	0	0	0	0	0	0	0					
07/10/2026	O_TAVHLE1026P225.00	TAVHL_10/2026_AVRUPA_OPSIYON	D_EQ	SSO	D_EQ_EPP	DE_TAVHL_EPP	TAVHL.E	30/10/2026	0.18	0.2	-10	0	0	0	0	0	0	0	0	0	4	0					
07/10/2026	O_TAVHLE1026P230.00	TAVHL_10/2026_AVRUPA_OPSIYON	D_EQ	SSO	D_EQ_EPP	DE_TAVHL_EPP	TAVHL.E	30/10/2026	0.3	0.32	-6.25	0	0	0	0	0	0	0	0	0	40	0					
07/10/2026	O_TAVHLE1026P235.00	TAVHL_10/2026_AVRUPA_OPSIYON	D_EQ	SSO	D_EQ_EPP	DE_TAVHL_EPP	TAVHL.E	30/10/2026	0.47	0.51	-7.84	0	0	0	0	0	0	0	0	0	80	0					
07/10/2026	O_TAVHLE1026P240.00	TAVHL_10/2026_AVRUPA_OPSIYON	D_EQ	SSO	D_EQ_EPP	DE_TAVHL_EPP	TAVHL.E	30/10/2026	0.73	0.77	-5.19	0	0	0	0	0	0	0	0	0	10	0					
07/10/2026	O_TAVHLE1026P245.00	TAVHL_10/2026_AVRUPA_OPSIYON	D_EQ	SSO	D_EQ_EPP	DE_TAVHL_EPP	TAVHL.E	30/10/2026	1.09	1.14	-4.39	0	0	0	0	0	0	0	0	0	25	0					
07/10/2026	O_TAVHLE1026P250.00	TAVHL_10/2026_AVRUPA_OPSIYON	D_EQ	SSO	D_EQ_EPP	DE_TAVHL_EPP	TAVHL.E	30/10/2026	1.59	1.65	-3.64	0	0	0	0	0	0	0	0	0	200	0					
07/10/2026	O_TAVHLE1026P260.00	TAVHL_10/2026_AVRUPA_OPSIYON	D_EQ	SSO	D_EQ_EPP	DE_TAVHL_EPP	TAVHL.E	30/10/2026	3.16	3.23	-2.17	0	0	0	0	0	0	0	0	0	40	0					
07/10/2026	O_TAVHLE1026P270.00	TAVHL_10/2026_AVRUPA_OPSIYON	D_EQ	SSO	D_EQ_EPP	DE_TAVHL_EPP	TAVHL.E	30/10/2026	5.8	5.85	-0.85	0	0	0	0	0	0	0	0	0	54	0					
07/10/2026	O_TAVHLE1026P280.00	TAVHL_10/2026_AVRUPA_OPSIYON	D_EQ	SSO	D_EQ_EPP	DE_TAVHL_EPP	TAVHL.E	30/10/2026	9.85	9.85	0	10.8	10.24	10.8	10.24	10.35	1400000	51760	50	5	120	50					
07/10/2026	O_TAVHLE1026P290.00	TAVHL_10/2026_AVRUPA_OPSIYON	D_EQ	SSO	D_EQ_EPP	DE_TAVHL_EPP	TAVHL.E	30/10/2026	15.4	15.3	0.65	0	0	0	0	0	0	0	0	0	6	0					
07/10/2026	O_TAVHLE1026P300.00	TAVHL_10/2026_AVRUPA_OPSIYON	D_EQ	SSO	D_EQ_EPP	DE_TAVHL_EPP	TAVHL.E	30/10/2026	22.31	22.1	0.95	0	0	0	0	0	0	0	0	0	20	0					
07/10/2026	O_TAVHLE1026P310.00	TAVHL_10/2026_AVRUPA_OPSIYON	D_EQ	SSO	D_EQ_EPP	DE_TAVHL_EPP	TAVHL.E	30/10/2026	30.26	29.95	1.04	0	0	0	0	0	0	0	0	0	10	0					
07/10/2026	O_TAVHLE1026P320.00	TAVHL_10/2026_AVRUPA_OPSIYON	D_EQ	SSO	D_EQ_EPP	DE_TAVHL_EPP	TAVHL.E	30/10/2026	38.88	38.49	1.01	0	0	0	0	0	0	0	0	0	0	0					
07/10/2026	O_TAVHLE1126C260.00	TAVHL_11/2026_AVRUPA_OPSIYON	D_EQ	SSO	D_EQ_ECP	DE_TAVHL_ECP	TAVHL.E	30/11/2026	35.02	35.54	-1.46	0	0	0	0	0	0	0	0	0	1	0					
07/10/2026	O_TAVHLE1126C270.00	TAVHL_11/2026_AVRUPA_OPSIYON	D_EQ	SSO	D_EQ_ECP	DE_TAVHL_ECP	TAVHL.E	30/11/2026	28.08	28.6	-1.82	0	0	0	0	0	0	0	0	0	0	0					
07/10/2026	O_TAVHLE1126C280.00	TAVHL_11/2026_AVRUPA_OPSIYON	D_EQ	SSO	D_EQ_ECP	DE_TAVHL_ECP	TAVHL.E	30/11/2026	22.1	22.58	-2.13	0	0	0	0	0	0	0	0	0	1	0					
07/10/2026	O_TAVHLE1126C290.00	TAVHL_11/2026_AVRUPA_OPSIYON	D_EQ	SSO	D_EQ_ECP	DE_TAVHL_ECP	TAVHL.E	30/11/2026	17.09	17.52	-2.45	0	0	0	0	0	0	0	0	0	0	0					
07/10/2026	O_TAVHLE1126C300.00	TAVHL_11/2026_AVRUPA_OPSIYON	D_EQ	SSO	D_EQ_ECP	DE_TAVHL_ECP	TAVHL.E	30/11/2026	13.04	13.43	-2.9	0	0	0	0	0	0	0	0	0	0	0					
07/10/2026	O_TAVHLE1126C310.00	TAVHL_11/2026_AVRUPA_OPSIYON	D_EQ	SSO	D_EQ_ECP	DE_TAVHL_ECP	TAVHL.E	30/11/2026	10.03	10.35	-3.09	0	0	0	0	0	0	0	0	0	0	0					
07/10/2026	O_TAVHLE1126C320.00	TAVHL_11/2026_AVRUPA_OPSIYON	D_EQ	SSO	D_EQ_ECP	DE_TAVHL_ECP	TAVHL.E	30/11/2026	7.72	7.99	-3.38	0	0	0	0	0	0	0	0	0	0	0					
07/10/2026	O_TAVHLE1126C330.00	TAVHL_11/2026_AVRUPA_OPSIYON	D_EQ	SSO	D_EQ_ECP	DE_TAVHL_ECP	TAVHL.E	30/11/2026	5.94	6.17	-3.73	0	0	0	0	0	0	0	0	0	0	0					
07/10/2026	O_TAVHLE1126C340.00	TAVHL_11/2026_AVRUPA_OPSIYON	D_EQ	SSO	D_EQ_ECP	DE_TAVHL_ECP	TAVHL.E	30/11/2026	4.57	4.76	-3.99	0	0	0	0	0	0	0	0	0	0	0					
07/10/2026	O_TAVHLE1126C350.00	TAVHL_11/2026_AVRUPA_OPSIYON	D_EQ	SSO	D_EQ_ECP	DE_TAVHL_ECP	TAVHL.E	30/11/2026	3.54	3.69	-4.07	0	0	0	0	0	0	0	0	0	0	0					
07/10/2026	O_TAVHLE1126C360.00	TAVHL_11/2026_AVRUPA_OPSIYON	D_EQ	SSO	D_EQ_ECP	DE_TAVHL_ECP	TAVHL.E	30/11/2026	2.75	2.87	-4.18	0	0	0	0	0	0	0	0	0	0	0					
07/10/2026	O_TAVHLE1126P230.00	TAVHL_11/2026_AVRUPA_OPSIYON	D_EQ	SSO	D_EQ_EPP	DE_TAVHL_EPP	TAVHL.E	30/11/2026	1.44	1.46	-1.37	0	0	0	0	0	0	0	0	0	0	0					
07/10/2026	O_TAVHLE1126P235.00	TAVHL_11/2026_AVRUPA_OPSIYON	D_EQ	SSO	D_EQ_EPP	DE_TAVHL_EPP	TAVHL.E	30/11/2026	1.85	1.87	-1.07	0	0	0	0	0	0	0	0	0	0	0					
07/10/2026	O_TAVHLE1126P240.00	TAVHL_11/2026_AVRUPA_OPSIYON	D_EQ	SSO	D_EQ_EPP	DE_TAVHL_EPP	TAVHL.E	30/11/2026	2.36	2.38	-0.84	0	0	0	0	0	0	0	0	0	0	0					
07/10/2026	O_TAVHLE1126P245.00	TAVHL_11/2026_AVRUPA_OPSIYON	D_EQ	SSO	D_EQ_EPP	DE_TAVHL_EPP	TAVHL.E	30/11/2026	2.97	2.99	-0.67	0	0	0	0	0	0	0	0	0	0	0					
07/10/2026	O_TAVHLE1126P250.00	TAVHL_11/2026_AVRUPA_OPSIYON	D_EQ	SSO	D_EQ_EPP	DE_TAVHL_EPP	TAVHL.E	30/11/2026	3.69	3.71	-0.54	0	0	0	0	0	0	0	0	0	0	0					
07/10/2026	O_TAVHLE1126P260.00	TAVHL_11/2026_AVRUPA_OPSIYON	D_EQ	SSO	D_EQ_EPP	DE_TAVHL_EPP	TAVHL.E	30/11/2026	5.56	5.57	-0.18	0	0	0	0	0	0	0	0	0	0	0					
07/10/2026	O_TAVHLE1126P270.00	TAVHL_11/2026_AVRUPA_OPSIYON	D_EQ	SSO	D_EQ_EPP	DE_TAVHL_EPP	TAVHL.E	30/11/2026	8.07	8.07	0	0	0	0	0	0	0	0	0	0	0	0					
07/10/2026	O_TAVHLE1126P280.00	TAVHL_11/2026_AVRUPA_OPSIYON	D_EQ	SSO	D_EQ_EPP	DE_TAVHL_EPP	TAVHL.E	30/11/2026	11.54	11.49	0.44	0	0	0	0	0	0	0	0	0	0	0					
07/10/2026	O_TAVHLE1126P290.00	TAVHL_11/2026_AVRUPA_OPSIYON	D_EQ	SSO	D_EQ_EPP	DE_TAVHL_EPP	TAVHL.E	30/11/2026	15.98	15.89	0.57	0	0	0	0	0	0	0	0	0	0	0					
07/10/2026	O_TAVHLE1126P300.00	TAVHL_11/2026_AVRUPA_OPSIYON	D_EQ	SSO	D_EQ_EPP	DE_TAVHL_EPP	TAVHL.E	30/11/2026	21.39	21.24	0.71	0	0	0	0	0	0	0	0	0	0	0					
07/10/2026	O_TAVHLE1126P310.00	TAVHL_11/2026_AVRUPA_OPSIYON	D_EQ	SSO	D_EQ_EPP	DE_TAVHL_EPP	TAVHL.E	30/11/2026	27.83	27.6	0.83	0	0	0	0	0	0	0	0	0	0	0					
07/10/2026	O_TAVHLE1226C270.00	TAVHL_12/2026_AVRUPA_OPSIYON	D_EQ	SSO	D_EQ_ECP	DE_TAVHL_ECP	TAVHL.E	31/12/2026	40.47	41.01	-1.32	0	0	0	0	0	0	0	0	0	0	0					
07/10/2026	O_TAVHLE1226C280.00	TAVHL_12/2026_AVRUPA_OPSIYON	D_EQ	SSO	D_EQ_ECP	DE_TAVHL_ECP	TAVHL.E	31/12/2026	34.01	34.53	-1.51	0	0	0	0	0	0	0	0	0	0	0					
07/10/2026	O_TAVHLE1226C290.00	TAVHL_12/2026_AVRUPA_OPSIYON	D_EQ	SSO	D_EQ_ECP	DE_TAVHL_ECP	TAVHL.E	31/12/2026	28.42	28.92	-1.73	0	0	0	0	0	0	0	0	0	0	0					
07/10/2026	O_TAVHLE1226C300.00	TAVHL_12/2026_AVRUPA_OPSIYON	D_EQ	SSO	D_EQ_ECP	DE_TAVHL_ECP	TAVHL.E	31/12/2026	23.57	24.02	-1.87	0	0	0	0	0	0	0	0	0	0	0					
07/10/2026	O_TAVHLE1226C310.00	TAVHL_12/2026_AVRUPA_OPSIYON	D_EQ	SSO	D_EQ_ECP	DE_TAVHL_ECP	TAVHL.E	31/12/2026	19.45	19.85	-2.02	0	0	0	0	0	0	0	0	0	0	0					
07/10/2026	O_TAVHLE1226C320.00	TAVHL_12/2026_AVRUPA_OPSIYON	D_EQ	SSO	D_EQ_ECP	DE_TAVHL_ECP	TAVHL.E	31/12/2026	16.27	16.63	-2.16	0	0	0	0	0	0	0	0	0	0	0					
07/10/2026	O_TAVHLE1226C330.00	TAVHL_12/2026_AVRUPA_OPSIYON	D_EQ	SSO	D_EQ_ECP	DE_TAVHL_ECP	TAVHL.E	31/12/2026	13.62	13.93	-2.23	0	0	0	0	0	0	0	0	0	0	0					
07/10/2026	O_TAVHLE1226C340.00	TAVHL_12/2026_AVRUPA_OPSIYON	D_EQ	SSO	D_EQ_ECP	DE_TAVHL_ECP	TAVHL.E	31/12/2026	11.43	11.7	-2.31	0	0	0	0	0	0	0	0	0	0	0					
07/10/2026	O_TAVHLE1226C350.00	TAVHL_12/2026_AVRUPA_OPSIYON	D_EQ	SSO	D_EQ_ECP	DE_TAVHL_ECP	TAVHL.E	31/12/2026	9.61	9.84	-2.34	0	0	0	0	0	0	0	0	0	0	0					
07/10/2026	O_TAVHLE1226C360.00	TAVHL_12/2026_AVRUPA_OPSIYON	D_EQ	SSO	D_EQ_ECP	DE_TAVHL_ECP	TAVHL.E	31/12/2026	8.11	8.31	-2.41	0	0	0	0	0	0	0	0	0	0	0					
07/10/2026	O_TAVHLE1226P235.00	TAVHL_12/2026_AVRUPA_OPSIYON	D_EQ	SSO	D_EQ_EPP	DE_TAVHL_EPP	TAVHL.E	31/12/2026	2.46	2.46	0	0	0	0	0	0	0	0	0	0	0	0					
07/10/2026	O_TAVHLE1226P240.00	TAVHL_12/2026_AVRUPA_OPSIYON	D_EQ	SSO	D_EQ_EPP	DE_TAVHL_EPP	TAVHL.E	31/12/2026	2.95	2.95	0	0	0	0	0	0	0	0	0	0	0	0					
07/10/2026	O_TAVHLE1226P245.00	TAVHL_12/2026_AVRUPA_OPSIYON	D_EQ	SSO	D_EQ_EPP	DE_TAVHL_EPP	TAVHL.E	31/12/2026	3.52	3.52	0	0	0	0	0	0	0	0	0	0	0	0					
07/10/2026	O_TAVHLE1226P250.00	TAVHL_12/2026_AVRUPA_OPSIYON	D_EQ	SSO	D_EQ_EPP	DE_TAVHL_EPP	TAVHL.E	31/12/2026	4.18	4.18	0	0	0	0	0	0	0	0	0	0	0	0					
07/10/2026	O_TAVHLE1226P260.00	TAVHL_12/2026_AVRUPA_OPSIYON	D_EQ	SSO	D_EQ_EPP	DE_TAVHL_EPP	TAVHL.E	31/12/2026	5.77	5.76	0.17	0	0	0	0	0	0	0	0	0	0	0					
07/10/2026	O_TAVHLE1226P270.00	TAVHL_12/2026_AVRUPA_OPSIYON	D_EQ	SSO	D_EQ_EPP	DE_TAVHL_EPP	TAVHL.E	31/12/2026	7.8	7.77	0.39	0	0	0	0	0	0	0	0	0	0	0					
07/10/2026	O_TAVHLE1226P280.00	TAVHL_12/2026_AVRUPA_OPSIYON	D_EQ	SSO	D_EQ_EPP	DE_TAVHL_EPP	TAVHL.E	31/12/2026	10.31	10.27	0.39	0	0	0	0	0	0	0	0	0	0	0					
07/10/2026	O_TAVHLE1226P290.00	TAVHL_12/2026_AVRUPA_OPSIYON	D_EQ	SSO	D_EQ_EPP	DE_TAVHL_EPP	TAVHL.E	31/12/2026	13.71	13.63	0.59	0	0	0	0	0	0	0	0	0	0	0					
07/10/2026	O_TAVHLE1226P300.00	TAVHL_12/2026_AVRUPA_OPSIYON	D_EQ	SSO	D_EQ_EPP	DE_TAVHL_EPP	TAVHL.E	31/12/2026	17.84	17.71	0.73	0	0	0	0	0	0	0	0	0	0	0					
07/10/2026	O_TAVHLE1226P310.00	TAVHL_12/2026_AVRUPA_OPSIYON	D_EQ	SSO	D_EQ_EPP	DE_TAVHL_EPP	TAVHL.E	31/12/2026	22.71	22.5	0.93	0	0	0	0	0	0	0	0	0	0	0					
07/10/2026	O_TCELLE1026C100.00	TCELL_10/2026_AVRUPA_OPSIYON	D_EQ	SSO	D_EQ_ECP	DE_TCELL_ECP	TCELL.E	30/10/2026	4.55	5.5	-17.27	0	0	0	0	0	0	0	0	0	275	0					
07/10/2026	O_TCELLE1026C105.00	TCELL_10/2026_AVRUPA_OPSIYON	D_EQ	SSO	D_EQ_ECP	DE_TCELL_ECP	TCELL.E	30/10/2026	2.35	2.99	-21.4	2	2	2	2	2	514500	9800	49	1	281	49					
07/10/2026	O_TCELLE1026C110.00	TCELL_10/2026_AVRUPA_OPSIYON	D_EQ	SSO	D_EQ_ECP	DE_TCELL_ECP	TCELL.E	30/10/2026	1.16	1.52	-23.68	0	0	0	0	0	0	0	0	0	3587	0					
07/10/2026	O_TCELLE1026C115.00	TCELL_10/2026_AVRUPA_OPSIYON	D_EQ	SSO	D_EQ_ECP	DE_TCELL_ECP	TCELL.E	30/10/2026	0.57	0.77	-25.97	0	0	0	0	0	0	0	0	0	75	0					
07/10/2026	O_TCELLE1026C120.00	TCELL_10/2026_AVRUPA_OPSIYON	D_EQ	SSO	D_EQ_ECP	DE_TCELL_ECP	TCELL.E	30/10/2026	0.27	0.38	-28.95	0	0	0	0	0	0	0	0	0	25	0					
07/10/2026	O_TCELLE1026C125.00	TCELL_10/2026_AVRUPA_OPSIYON	D_EQ	SSO	D_EQ_ECP	DE_TCELL_ECP	TCELL.E	30/10/2026	0.14	0.19	-26.32	0	0	0	0	0	0	0	0	0	0	0					
07/10/2026	O_TCELLE1026C130.00	TCELL_10/2026_AVRUPA_OPSIYON	D_EQ	SSO	D_EQ_ECP	DE_TCELL_ECP	TCELL.E	30/10/2026	0.07	0.1	-30	0	0	0	0	0	0	0	0	0	0	0					
07/10/2026	O_TCELLE1026C135.00	TCELL_10/2026_AVRUPA_OPSIYON	D_EQ	SSO	D_EQ_ECP	DE_TCELL_ECP	TCELL.E	30/10/2026	0.04	0.05	-20	0	0	0	0	0	0	0	0	0	0	0					
07/10/2026	O_TCELLE1026C140.00	TCELL_10/2026_AVRUPA_OPSIYON	D_EQ	SSO	D_EQ_ECP	DE_TCELL_ECP	TCELL.E	30/10/2026	0.02	0.03	-33.33	0	0	0	0	0	0	0	0	0	0	0					
07/10/2026	O_TCELLE1026C145.00	TCELL_10/2026_AVRUPA_OPSIYON	D_EQ	SSO	D_EQ_ECP	DE_TCELL_ECP	TCELL.E	30/10/2026	0.01	0.02	-50	0	0	0	0	0	0	0	0	0	0	0					
07/10/2026	O_TCELLE1026C96.00	TCELL_10/2026_AVRUPA_OPSIYON	D_EQ	SSO	D_EQ_ECP	DE_TCELL_ECP	TCELL.E	30/10/2026	7.09	8.25	-14.06	0	0	0	0	0	0	0	0	0	104	0					
07/10/2026	O_TCELLE1026C98.00	TCELL_10/2026_AVRUPA_OPSIYON	D_EQ	SSO	D_EQ_ECP	DE_TCELL_ECP	TCELL.E	30/10/2026	5.74	6.79	-15.46	4.97	4.6	4.97	4.6	4.79	490000	23925	50	2	3	-45					
07/10/2026	O_TCELLE1026P100.00	TCELL_10/2026_AVRUPA_OPSIYON	D_EQ	SSO	D_EQ_EPP	DE_TCELL_EPP	TCELL.E	30/10/2026	2.78	2.33	19.31	0	0	0	0	0	0	0	0	0	823	0					
07/10/2026	O_TCELLE1026P105.00	TCELL_10/2026_AVRUPA_OPSIYON	D_EQ	SSO	D_EQ_EPP	DE_TCELL_EPP	TCELL.E	30/10/2026	5.47	4.7	16.38	5.95	5.95	5.95	5.95	5.95	262500	14875	25	1	100	25					
07/10/2026	O_TCELLE1026P110.00	TCELL_10/2026_AVRUPA_OPSIYON	D_EQ	SSO	D_EQ_EPP	DE_TCELL_EPP	TCELL.E	30/10/2026	9.16	8.11	12.95	9.83	9.83	9.83	9.83	9.83	275000	24575	25	1	123	-25					
07/10/2026	O_TCELLE1026P115.00	TCELL_10/2026_AVRUPA_OPSIYON	D_EQ	SSO	D_EQ_EPP	DE_TCELL_EPP	TCELL.E	30/10/2026	13.45	12.23	9.98	0	0	0	0	0	0	0	0	0	25	0					
07/10/2026	O_TCELLE1026P120.00	TCELL_10/2026_AVRUPA_OPSIYON	D_EQ	SSO	D_EQ_EPP	DE_TCELL_EPP	TCELL.E	30/10/2026	18.04	16.72	7.89	0	0	0	0	0	0	0	0	0	0	0					
07/10/2026	O_TCELLE1026P86.00	TCELL_10/2026_AVRUPA_OPSIYON	D_EQ	SSO	D_EQ_EPP	DE_TCELL_EPP	TCELL.E	30/10/2026	0.18	0.15	20	0	0	0	0	0	0	0	0	0	0	0					
07/10/2026	O_TCELLE1026P88.00	TCELL_10/2026_AVRUPA_OPSIYON	D_EQ	SSO	D_EQ_EPP	DE_TCELL_EPP	TCELL.E	30/10/2026	0.29	0.24	20.83	0	0	0	0	0	0	0	0	0	504	0					
07/10/2026	O_TCELLE1026P90.00	TCELL_10/2026_AVRUPA_OPSIYON	D_EQ	SSO	D_EQ_EPP	DE_TCELL_EPP	TCELL.E	30/10/2026	0.45	0.37	21.62	0	0	0	0	0	0	0	0	0	6287	0					
07/10/2026	O_TCELLE1026P92.00	TCELL_10/2026_AVRUPA_OPSIYON	D_EQ	SSO	D_EQ_EPP	DE_TCELL_EPP	TCELL.E	30/10/2026	0.68	0.56	21.43	0	0	0	0	0	0	0	0	0	509	0					
07/10/2026	O_TCELLE1026P94.00	TCELL_10/2026_AVRUPA_OPSIYON	D_EQ	SSO	D_EQ_EPP	DE_TCELL_EPP	TCELL.E	30/10/2026	0.99	0.83	19.28	0.94	0.94	0.94	0.94	0.94	1626200	16262	173	7	716	173					
07/10/2026	O_TCELLE1026P96.00	TCELL_10/2026_AVRUPA_OPSIYON	D_EQ	SSO	D_EQ_EPP	DE_TCELL_EPP	TCELL.E	30/10/2026	1.42	1.18	20.34	0	0	0	0	0	0	0	0	0	248	0					
07/10/2026	O_TCELLE1026P98.00	TCELL_10/2026_AVRUPA_OPSIYON	D_EQ	SSO	D_EQ_EPP	DE_TCELL_EPP	TCELL.E	30/10/2026	2.02	1.67	20.96	0	0	0	0	0	0	0	0	0	85	0					
07/10/2026	O_TCELLE1126C100.00	TCELL_11/2026_AVRUPA_OPSIYON	D_EQ	SSO	D_EQ_ECP	DE_TCELL_ECP	TCELL.E	30/11/2026	8.22	9.22	-10.85	0	0	0	0	0	0	0	0	0	0	0					
07/10/2026	O_TCELLE1126C105.00	TCELL_11/2026_AVRUPA_OPSIYON	D_EQ	SSO	D_EQ_ECP	DE_TCELL_ECP	TCELL.E	30/11/2026	5.63	6.42	-12.31	0	0	0	0	0	15750000	984000	1500	1	1500	1500					
07/10/2026	O_TCELLE1126C110.00	TCELL_11/2026_AVRUPA_OPSIYON	D_EQ	SSO	D_EQ_ECP	DE_TCELL_ECP	TCELL.E	30/11/2026	3.78	4.35	-13.1	0	0	0	0	0	0	0	0	0	0	0					
07/10/2026	O_TCELLE1126C115.00	TCELL_11/2026_AVRUPA_OPSIYON	D_EQ	SSO	D_EQ_ECP	DE_TCELL_ECP	TCELL.E	30/11/2026	2.61	3.01	-13.29	0	0	0	0	0	0	0	0	0	0	0					
07/10/2026	O_TCELLE1126C120.00	TCELL_11/2026_AVRUPA_OPSIYON	D_EQ	SSO	D_EQ_ECP	DE_TCELL_ECP	TCELL.E	30/11/2026	1.82	2.11	-13.74	0	0	0	0	0	0	0	0	0	0	0					
07/10/2026	O_TCELLE1126C125.00	TCELL_11/2026_AVRUPA_OPSIYON	D_EQ	SSO	D_EQ_ECP	DE_TCELL_ECP	TCELL.E	30/11/2026	1.29	1.49	-13.42	0	0	0	0	0	0	0	0	0	0	0					
07/10/2026	O_TCELLE1126C130.00	TCELL_11/2026_AVRUPA_OPSIYON	D_EQ	SSO	D_EQ_ECP	DE_TCELL_ECP	TCELL.E	30/11/2026	0.93	1.07	-13.08	0	0	0	0	0	0	0	0	0	0	0					
07/10/2026	O_TCELLE1126C135.00	TCELL_11/2026_AVRUPA_OPSIYON	D_EQ	SSO	D_EQ_ECP	DE_TCELL_ECP	TCELL.E	30/11/2026	0.68	0.79	-13.92	0	0	0	0	0	0	0	0	0	0	0					
07/10/2026	O_TCELLE1126C140.00	TCELL_11/2026_AVRUPA_OPSIYON	D_EQ	SSO	D_EQ_ECP	DE_TCELL_ECP	TCELL.E	30/11/2026	0.51	0.59	-13.56	0	0	0	0	0	0	0	0	0	0	0					
07/10/2026	O_TCELLE1126C98.00	TCELL_11/2026_AVRUPA_OPSIYON	D_EQ	SSO	D_EQ_ECP	DE_TCELL_ECP	TCELL.E	30/11/2026	9.47	10.57	-10.41	0	0	0	0	0	0	0	0	0	0	0					
07/10/2026	O_TCELLE1126P100.00	TCELL_11/2026_AVRUPA_OPSIYON	D_EQ	SSO	D_EQ_EPP	DE_TCELL_EPP	TCELL.E	30/11/2026	3.36	2.95	13.9	0	0	0	0	0	0	0	0	0	0	0					
07/10/2026	O_TCELLE1126P105.00	TCELL_11/2026_AVRUPA_OPSIYON	D_EQ	SSO	D_EQ_EPP	DE_TCELL_EPP	TCELL.E	30/11/2026	5.48	4.88	12.3	0	0	0	0	0	0	0	0	0	0	0					
07/10/2026	O_TCELLE1126P110.00	TCELL_11/2026_AVRUPA_OPSIYON	D_EQ	SSO	D_EQ_EPP	DE_TCELL_EPP	TCELL.E	30/11/2026	8.36	7.52	11.17	0	0	0	0	0	0	0	0	0	0	0					
07/10/2026	O_TCELLE1126P115.00	TCELL_11/2026_AVRUPA_OPSIYON	D_EQ	SSO	D_EQ_EPP	DE_TCELL_EPP	TCELL.E	30/11/2026	11.92	10.91	9.26	0	0	0	0	0	0	0	0	0	0	0					
07/10/2026	O_TCELLE1126P88.00	TCELL_11/2026_AVRUPA_OPSIYON	D_EQ	SSO	D_EQ_EPP	DE_TCELL_EPP	TCELL.E	30/11/2026	0.88	0.78	12.82	0	0	0	0	0	0	0	0	0	231	0					
07/10/2026	O_TCELLE1126P90.00	TCELL_11/2026_AVRUPA_OPSIYON	D_EQ	SSO	D_EQ_EPP	DE_TCELL_EPP	TCELL.E	30/11/2026	1.12	0.99	13.13	0	0	0	0	0	0	0	0	0	0	0					
07/10/2026	O_TCELLE1126P92.00	TCELL_11/2026_AVRUPA_OPSIYON	D_EQ	SSO	D_EQ_EPP	DE_TCELL_EPP	TCELL.E	30/11/2026	1.42	1.26	12.7	0	0	0	0	0	0	0	0	0	0	0					
07/10/2026	O_TCELLE1126P94.00	TCELL_11/2026_AVRUPA_OPSIYON	D_EQ	SSO	D_EQ_EPP	DE_TCELL_EPP	TCELL.E	30/11/2026	1.78	1.58	12.66	0	0	0	0	0	0	0	0	0	0	0					
07/10/2026	O_TCELLE1126P96.00	TCELL_11/2026_AVRUPA_OPSIYON	D_EQ	SSO	D_EQ_EPP	DE_TCELL_EPP	TCELL.E	30/11/2026	2.21	1.96	12.76	0	0	0	0	0	0	0	0	0	0	0					
07/10/2026	O_TCELLE1126P98.00	TCELL_11/2026_AVRUPA_OPSIYON	D_EQ	SSO	D_EQ_EPP	DE_TCELL_EPP	TCELL.E	30/11/2026	2.71	2.42	11.98	0	0	0	0	0	0	0	0	0	0	0					
07/10/2026	O_TCELLE1226C100.00	TCELL_12/2026_AVRUPA_OPSIYON	D_EQ	SSO	D_EQ_ECP	DE_TCELL_ECP	TCELL.E	31/12/2026	12.57	13.72	-8.38	0	0	0	0	0	0	0	0	0	0	0					
07/10/2026	O_TCELLE1226C105.00	TCELL_12/2026_AVRUPA_OPSIYON	D_EQ	SSO	D_EQ_ECP	DE_TCELL_ECP	TCELL.E	31/12/2026	9.62	10.6	-9.25	0	0	0	0	0	0	0	0	0	0	0					
07/10/2026	O_TCELLE1226C110.00	TCELL_12/2026_AVRUPA_OPSIYON	D_EQ	SSO	D_EQ_ECP	DE_TCELL_ECP	TCELL.E	31/12/2026	7.27	8.07	-9.91	0	0	0	0	0	0	0	0	0	0	0					
07/10/2026	O_TCELLE1226C115.00	TCELL_12/2026_AVRUPA_OPSIYON	D_EQ	SSO	D_EQ_ECP	DE_TCELL_ECP	TCELL.E	31/12/2026	5.58	6.16	-9.42	0	0	0	0	0	0	0	0	0	0	0					
07/10/2026	O_TCELLE1226C120.00	TCELL_12/2026_AVRUPA_OPSIYON	D_EQ	SSO	D_EQ_ECP	DE_TCELL_ECP	TCELL.E	31/12/2026	4.36	4.82	-9.54	0	0	0	0	0	0	0	0	0	0	0					
07/10/2026	O_TCELLE1226C125.00	TCELL_12/2026_AVRUPA_OPSIYON	D_EQ	SSO	D_EQ_ECP	DE_TCELL_ECP	TCELL.E	31/12/2026	3.45	3.81	-9.45	0	0	0	0	0	0	0	0	0	0	0					
07/10/2026	O_TCELLE1226C130.00	TCELL_12/2026_AVRUPA_OPSIYON	D_EQ	SSO	D_EQ_ECP	DE_TCELL_ECP	TCELL.E	31/12/2026	2.76	3.04	-9.21	0	0	0	0	0	0	0	0	0	0	0					
07/10/2026	O_TCELLE1226C135.00	TCELL_12/2026_AVRUPA_OPSIYON	D_EQ	SSO	D_EQ_ECP	DE_TCELL_ECP	TCELL.E	31/12/2026	2.24	2.47	-9.31	0	0	0	0	0	0	0	0	0	0	0					
07/10/2026	O_TCELLE1226C140.00	TCELL_12/2026_AVRUPA_OPSIYON	D_EQ	SSO	D_EQ_ECP	DE_TCELL_ECP	TCELL.E	31/12/2026	1.85	2.03	-8.87	0	0	0	0	0	0	0	0	0	0	0					
07/10/2026	O_TCELLE1226P100.00	TCELL_12/2026_AVRUPA_OPSIYON	D_EQ	SSO	D_EQ_EPP	DE_TCELL_EPP	TCELL.E	31/12/2026	3.01	2.75	9.45	0	0	0	0	0	0	0	0	0	0	0					
07/10/2026	O_TCELLE1226P105.00	TCELL_12/2026_AVRUPA_OPSIYON	D_EQ	SSO	D_EQ_EPP	DE_TCELL_EPP	TCELL.E	31/12/2026	4.56	4.11	10.95	0	0	0	0	0	0	0	0	0	0	0					
07/10/2026	O_TCELLE1226P110.00	TCELL_12/2026_AVRUPA_OPSIYON	D_EQ	SSO	D_EQ_EPP	DE_TCELL_EPP	TCELL.E	31/12/2026	6.7	6.07	10.38	0	0	0	0	0	0	0	0	0	0	0					
07/10/2026	O_TCELLE1226P115.00	TCELL_12/2026_AVRUPA_OPSIYON	D_EQ	SSO	D_EQ_EPP	DE_TCELL_EPP	TCELL.E	31/12/2026	9.5	8.65	9.83	0	0	0	0	0	0	0	0	0	0	0					
07/10/2026	O_TCELLE1226P90.00	TCELL_12/2026_AVRUPA_OPSIYON	D_EQ	SSO	D_EQ_EPP	DE_TCELL_EPP	TCELL.E	31/12/2026	1.29	1.17	10.26	0	0	0	0	0	0	0	0	0	0	0					
07/10/2026	O_TCELLE1226P92.00	TCELL_12/2026_AVRUPA_OPSIYON	D_EQ	SSO	D_EQ_EPP	DE_TCELL_EPP	TCELL.E	31/12/2026	1.55	1.41	9.93	0	0	0	0	0	0	0	0	0	0	0					
07/10/2026	O_TCELLE1226P94.00	TCELL_12/2026_AVRUPA_OPSIYON	D_EQ	SSO	D_EQ_EPP	DE_TCELL_EPP	TCELL.E	31/12/2026	1.84	1.68	9.52	0	0	0	0	0	0	0	0	0	0	0					
07/10/2026	O_TCELLE1226P96.00	TCELL_12/2026_AVRUPA_OPSIYON	D_EQ	SSO	D_EQ_EPP	DE_TCELL_EPP	TCELL.E	31/12/2026	2.18	1.99	9.55	0	0	0	0	0	0	0	0	0	0	0					
07/10/2026	O_TCELLE1226P98.00	TCELL_12/2026_AVRUPA_OPSIYON	D_EQ	SSO	D_EQ_EPP	DE_TCELL_EPP	TCELL.E	31/12/2026	2.57	2.34	9.83	0	0	0	0	0	0	0	0	0	0	0					
07/10/2026	O_THYAOE1026C270.00	THYAO_10/2026_AVRUPA_OPSIYON	D_EQ	SSO	D_EQ_ECP	DE_THYAO_ECP	THYAO.E	30/10/2026	24.88	28.94	-14.03	0	0	0	0	0	0	0	0	0	33	0					
07/10/2026	O_THYAOE1026C280.00	THYAO_10/2026_AVRUPA_OPSIYON	D_EQ	SSO	D_EQ_ECP	DE_THYAO_ECP	THYAO.E	30/10/2026	17.33	20.92	-17.16	0	0	0	0	0	0	0	0	0	93	0					
07/10/2026	O_THYAOE1026C290.00	THYAO_10/2026_AVRUPA_OPSIYON	D_EQ	SSO	D_EQ_ECP	DE_THYAO_ECP	THYAO.E	30/10/2026	11.28	14.24	-20.79	0	0	0	0	0	0	0	0	0	530	0					
07/10/2026	O_THYAOE1026C300.00	THYAO_10/2026_AVRUPA_OPSIYON	D_EQ	SSO	D_EQ_ECP	DE_THYAO_ECP	THYAO.E	30/10/2026	6.88	9.09	-24.31	0	0	0	0	0	0	0	0	0	1032	0					
07/10/2026	O_THYAOE1026C310.00	THYAO_10/2026_AVRUPA_OPSIYON	D_EQ	SSO	D_EQ_ECP	DE_THYAO_ECP	THYAO.E	30/10/2026	4.01	5.47	-26.69	4.6	3.79	4.6	3.79	4.2	62000	839	2	2	1941	2					
07/10/2026	O_THYAOE1026C320.00	THYAO_10/2026_AVRUPA_OPSIYON	D_EQ	SSO	D_EQ_ECP	DE_THYAO_ECP	THYAO.E	30/10/2026	2.32	3.27	-29.05	0	0	0	0	0	0	0	0	0	3022	0					
07/10/2026	O_THYAOE1026C330.00	THYAO_10/2026_AVRUPA_OPSIYON	D_EQ	SSO	D_EQ_ECP	DE_THYAO_ECP	THYAO.E	30/10/2026	1.32	1.92	-31.25	0	0	0	0	0	0	0	0	0	153	0					
07/10/2026	O_THYAOE1026C340.00	THYAO_10/2026_AVRUPA_OPSIYON	D_EQ	SSO	D_EQ_ECP	DE_THYAO_ECP	THYAO.E	30/10/2026	0.74	1.12	-33.93	0	0	0	0	0	0	0	0	0	262	0					
07/10/2026	O_THYAOE1026C350.00	THYAO_10/2026_AVRUPA_OPSIYON	D_EQ	SSO	D_EQ_ECP	DE_THYAO_ECP	THYAO.E	30/10/2026	0.42	0.65	-35.38	0	0	0	0	0	0	0	0	0	578	0					
07/10/2026	O_THYAOE1026C360.00	THYAO_10/2026_AVRUPA_OPSIYON	D_EQ	SSO	D_EQ_ECP	DE_THYAO_ECP	THYAO.E	30/10/2026	0.24	0.38	-36.84	0	0	0	0	0	0	0	0	0	416	0					
07/10/2026	O_THYAOE1026C370.00	THYAO_10/2026_AVRUPA_OPSIYON	D_EQ	SSO	D_EQ_ECP	DE_THYAO_ECP	THYAO.E	30/10/2026	0.14	0.22	-36.36	0	0	0	0	0	0	0	0	0	78	0					
07/10/2026	O_THYAOE1026C380.00	THYAO_10/2026_AVRUPA_OPSIYON	D_EQ	SSO	D_EQ_ECP	DE_THYAO_ECP	THYAO.E	30/10/2026	0.08	0.13	-38.46	0	0	0	0	0	0	0	0	0	147	0					
07/10/2026	O_THYAOE1026C390.00	THYAO_10/2026_AVRUPA_OPSIYON	D_EQ	SSO	D_EQ_ECP	DE_THYAO_ECP	THYAO.E	30/10/2026	0.05	0.08	-37.5	0	0	0	0	0	0	0	0	0	0	0					
07/10/2026	O_THYAOE1026C400.00	THYAO_10/2026_AVRUPA_OPSIYON	D_EQ	SSO	D_EQ_ECP	DE_THYAO_ECP	THYAO.E	30/10/2026	0.03	0.05	-40	0	0	0	0	0	0	0	0	0	0	0					
07/10/2026	O_THYAOE1026C410.00	THYAO_10/2026_AVRUPA_OPSIYON	D_EQ	SSO	D_EQ_ECP	DE_THYAO_ECP	THYAO.E	30/10/2026	0.02	0.03	-33.33	0	0	0	0	0	0	0	0	0	0	0					
07/10/2026	O_THYAOE1026P235.00	THYAO_10/2026_AVRUPA_OPSIYON	D_EQ	SSO	D_EQ_EPP	DE_THYAO_EPP	THYAO.E	30/10/2026	0.1	0.08	25	0	0	0	0	0	0	0	0	0	0	0					
07/10/2026	O_THYAOE1026P240.00	THYAO_10/2026_AVRUPA_OPSIYON	D_EQ	SSO	D_EQ_EPP	DE_THYAO_EPP	THYAO.E	30/10/2026	0.16	0.13	23.08	0	0	0	0	0	0	0	0	0	0	0					
07/10/2026	O_THYAOE1026P245.00	THYAO_10/2026_AVRUPA_OPSIYON	D_EQ	SSO	D_EQ_EPP	DE_THYAO_EPP	THYAO.E	30/10/2026	0.27	0.21	28.57	0	0	0	0	0	0	0	0	0	0	0					
07/10/2026	O_THYAOE1026P250.00	THYAO_10/2026_AVRUPA_OPSIYON	D_EQ	SSO	D_EQ_EPP	DE_THYAO_EPP	THYAO.E	30/10/2026	0.43	0.34	26.47	0	0	0	0	0	0	0	0	0	0	0					
07/10/2026	O_THYAOE1026P260.00	THYAO_10/2026_AVRUPA_OPSIYON	D_EQ	SSO	D_EQ_EPP	DE_THYAO_EPP	THYAO.E	30/10/2026	1.04	0.82	26.83	0	0	0	0	0	0	0	0	0	186	0					
07/10/2026	O_THYAOE1026P270.00	THYAO_10/2026_AVRUPA_OPSIYON	D_EQ	SSO	D_EQ_EPP	DE_THYAO_EPP	THYAO.E	30/10/2026	2.24	1.77	26.55	2.4	2.31	2.4	2.4	2.4	8370000	74310	310	19	589	310					
07/10/2026	O_THYAOE1026P280.00	THYAO_10/2026_AVRUPA_OPSIYON	D_EQ	SSO	D_EQ_EPP	DE_THYAO_EPP	THYAO.E	30/10/2026	4.45	3.51	26.78	4.5	4.5	4.5	4.5	4.5	1512000	24300	54	2	646	54					
07/10/2026	O_THYAOE1026P290.00	THYAO_10/2026_AVRUPA_OPSIYON	D_EQ	SSO	D_EQ_EPP	DE_THYAO_EPP	THYAO.E	30/10/2026	8.17	6.59	23.98	0	0	0	0	0	0	0	0	0	1388	0					
07/10/2026	O_THYAOE1026P300.00	THYAO_10/2026_AVRUPA_OPSIYON	D_EQ	SSO	D_EQ_EPP	DE_THYAO_EPP	THYAO.E	30/10/2026	13.53	11.19	20.91	0	0	0	0	0	0	0	0	0	1513	0					
07/10/2026	O_THYAOE1026P310.00	THYAO_10/2026_AVRUPA_OPSIYON	D_EQ	SSO	D_EQ_EPP	DE_THYAO_EPP	THYAO.E	30/10/2026	20.42	17.32	17.9	0	0	0	0	0	0	0	0	0	289	0					
07/10/2026	O_THYAOE1026P320.00	THYAO_10/2026_AVRUPA_OPSIYON	D_EQ	SSO	D_EQ_EPP	DE_THYAO_EPP	THYAO.E	30/10/2026	28.5	24.87	14.6	0	0	0	0	0	0	0	0	0	35	0					
07/10/2026	O_THYAOE1026P330.00	THYAO_10/2026_AVRUPA_OPSIYON	D_EQ	SSO	D_EQ_EPP	DE_THYAO_EPP	THYAO.E	30/10/2026	37.26	33.28	11.96	0	0	0	0	0	0	0	0	0	146	0					
07/10/2026	O_THYAOE1026P340.00	THYAO_10/2026_AVRUPA_OPSIYON	D_EQ	SSO	D_EQ_EPP	DE_THYAO_EPP	THYAO.E	30/10/2026	46.45	42.23	9.99	0	0	0	0	0	0	0	0	0	410	0					
07/10/2026	O_THYAOE1026P350.00	THYAO_10/2026_AVRUPA_OPSIYON	D_EQ	SSO	D_EQ_EPP	DE_THYAO_EPP	THYAO.E	30/10/2026	55.89	51.51	8.5	0	0	0	0	0	0	0	0	0	150	0					
07/10/2026	O_THYAOE1026P360.00	THYAO_10/2026_AVRUPA_OPSIYON	D_EQ	SSO	D_EQ_EPP	DE_THYAO_EPP	THYAO.E	30/10/2026	65.47	60.99	7.35	0	0	0	0	0	0	0	0	0	0	0					
07/10/2026	O_THYAOE1126C280.00	THYAO_11/2026_AVRUPA_OPSIYON	D_EQ	SSO	D_EQ_ECP	DE_THYAO_ECP	THYAO.E	30/11/2026	27.82	31.52	-11.74	0	0	0	0	0	0	0	0	0	0	0					
07/10/2026	O_THYAOE1126C290.00	THYAO_11/2026_AVRUPA_OPSIYON	D_EQ	SSO	D_EQ_ECP	DE_THYAO_ECP	THYAO.E	30/11/2026	21.44	24.66	-13.06	19.65	19.6	19.65	19.6	19.63	580000	39250	20	2	20	20					
07/10/2026	O_THYAOE1126C300.00	THYAO_11/2026_AVRUPA_OPSIYON	D_EQ	SSO	D_EQ_ECP	DE_THYAO_ECP	THYAO.E	30/11/2026	16.14	18.91	-14.65	0	0	0	0	0	0	0	0	0	400	0					
07/10/2026	O_THYAOE1126C310.00	THYAO_11/2026_AVRUPA_OPSIYON	D_EQ	SSO	D_EQ_ECP	DE_THYAO_ECP	THYAO.E	30/11/2026	11.96	14.22	-15.89	0	0	0	0	0	0	0	0	0	0	0					
07/10/2026	O_THYAOE1126C320.00	THYAO_11/2026_AVRUPA_OPSIYON	D_EQ	SSO	D_EQ_ECP	DE_THYAO_ECP	THYAO.E	30/11/2026	8.89	10.55	-15.73	0	0	0	0	0	0	0	0	0	33	0					
07/10/2026	O_THYAOE1126C330.00	THYAO_11/2026_AVRUPA_OPSIYON	D_EQ	SSO	D_EQ_ECP	DE_THYAO_ECP	THYAO.E	30/11/2026	6.67	7.99	-16.52	0	0	0	0	0	0	0	0	0	0	0					
07/10/2026	O_THYAOE1126C340.00	THYAO_11/2026_AVRUPA_OPSIYON	D_EQ	SSO	D_EQ_ECP	DE_THYAO_ECP	THYAO.E	30/11/2026	5.02	6.05	-17.02	0	0	0	0	0	0	0	0	0	0	0					
07/10/2026	O_THYAOE1126C350.00	THYAO_11/2026_AVRUPA_OPSIYON	D_EQ	SSO	D_EQ_ECP	DE_THYAO_ECP	THYAO.E	30/11/2026	3.8	4.59	-17.21	0	0	0	0	0	0	0	0	0	5	0					
07/10/2026	O_THYAOE1126C360.00	THYAO_11/2026_AVRUPA_OPSIYON	D_EQ	SSO	D_EQ_ECP	DE_THYAO_ECP	THYAO.E	30/11/2026	2.89	3.51	-17.66	0	0	0	0	0	0	0	0	0	0	0					
07/10/2026	O_THYAOE1126C370.00	THYAO_11/2026_AVRUPA_OPSIYON	D_EQ	SSO	D_EQ_ECP	DE_THYAO_ECP	THYAO.E	30/11/2026	2.22	2.7	-17.78	0	0	0	0	0	0	0	0	0	0	0					
07/10/2026	O_THYAOE1126C380.00	THYAO_11/2026_AVRUPA_OPSIYON	D_EQ	SSO	D_EQ_ECP	DE_THYAO_ECP	THYAO.E	30/11/2026	1.72	2.1	-18.1	0	0	0	0	0	0	0	0	0	0	0					
07/10/2026	O_THYAOE1126C390.00	THYAO_11/2026_AVRUPA_OPSIYON	D_EQ	SSO	D_EQ_ECP	DE_THYAO_ECP	THYAO.E	30/11/2026	1.35	1.64	-17.68	0	0	0	0	0	0	0	0	0	0	0					
07/10/2026	O_THYAOE1126P240.00	THYAO_11/2026_AVRUPA_OPSIYON	D_EQ	SSO	D_EQ_EPP	DE_THYAO_EPP	THYAO.E	30/11/2026	0.97	0.83	16.87	0	0	0	0	0	0	0	0	0	0	0					
07/10/2026	O_THYAOE1126P245.00	THYAO_11/2026_AVRUPA_OPSIYON	D_EQ	SSO	D_EQ_EPP	DE_THYAO_EPP	THYAO.E	30/11/2026	1.27	1.09	16.51	0	0	0	0	0	0	0	0	0	0	0					
07/10/2026	O_THYAOE1126P250.00	THYAO_11/2026_AVRUPA_OPSIYON	D_EQ	SSO	D_EQ_EPP	DE_THYAO_EPP	THYAO.E	30/11/2026	1.64	1.41	16.31	0	0	0	0	0	0	0	0	0	40	0					
07/10/2026	O_THYAOE1126P260.00	THYAO_11/2026_AVRUPA_OPSIYON	D_EQ	SSO	D_EQ_EPP	DE_THYAO_EPP	THYAO.E	30/11/2026	2.66	2.29	16.16	0	0	0	0	0	0	0	0	0	33	0					
07/10/2026	O_THYAOE1126P270.00	THYAO_11/2026_AVRUPA_OPSIYON	D_EQ	SSO	D_EQ_EPP	DE_THYAO_EPP	THYAO.E	30/11/2026	4.15	3.59	15.6	0	0	0	0	0	0	0	0	0	30	0					
07/10/2026	O_THYAOE1126P280.00	THYAO_11/2026_AVRUPA_OPSIYON	D_EQ	SSO	D_EQ_EPP	DE_THYAO_EPP	THYAO.E	30/11/2026	6.26	5.44	15.07	6.7	6.7	6.7	6.7	6.7	56000	1340	2	1	2	2					
07/10/2026	O_THYAOE1126P290.00	THYAO_11/2026_AVRUPA_OPSIYON	D_EQ	SSO	D_EQ_EPP	DE_THYAO_EPP	THYAO.E	30/11/2026	9.34	8.02	16.46	9.81	9.8	9.81	9.8	9.81	580000	19610	20	2	20	20					
07/10/2026	O_THYAOE1126P300.00	THYAO_11/2026_AVRUPA_OPSIYON	D_EQ	SSO	D_EQ_EPP	DE_THYAO_EPP	THYAO.E	30/11/2026	13.49	11.72	15.1	0	0	0	0	0	49800000	1772880	1660	2	830	830					
07/10/2026	O_THYAOE1126P310.00	THYAO_11/2026_AVRUPA_OPSIYON	D_EQ	SSO	D_EQ_EPP	DE_THYAO_EPP	THYAO.E	30/11/2026	18.76	16.47	13.9	0	0	0	0	0	0	0	0	0	33	0					
07/10/2026	O_THYAOE1126P320.00	THYAO_11/2026_AVRUPA_OPSIYON	D_EQ	SSO	D_EQ_EPP	DE_THYAO_EPP	THYAO.E	30/11/2026	25.15	22.24	13.08	0	0	0	0	0	0	0	0	0	30	0					
07/10/2026	O_THYAOE1126P330.00	THYAO_11/2026_AVRUPA_OPSIYON	D_EQ	SSO	D_EQ_EPP	DE_THYAO_EPP	THYAO.E	30/11/2026	32.38	29.12	11.2	0	0	0	0	0	0	0	0	0	0	0					
07/10/2026	O_THYAOE1126P340.00	THYAO_11/2026_AVRUPA_OPSIYON	D_EQ	SSO	D_EQ_EPP	DE_THYAO_EPP	THYAO.E	30/11/2026	40.18	36.63	9.69	0	0	0	0	0	0	0	0	0	0	0					
07/10/2026	O_THYAOE1226C300.00	THYAO_12/2026_AVRUPA_OPSIYON	D_EQ	SSO	D_EQ_ECP	DE_THYAO_ECP	THYAO.E	31/12/2026	27.7	31	-10.65	0	0	0	0	0	0	0	0	0	0	0					
07/10/2026	O_THYAOE1226C310.00	THYAO_12/2026_AVRUPA_OPSIYON	D_EQ	SSO	D_EQ_ECP	DE_THYAO_ECP	THYAO.E	31/12/2026	22.53	25.42	-11.37	0	0	0	0	0	0	0	0	0	0	0					
07/10/2026	O_THYAOE1226C320.00	THYAO_12/2026_AVRUPA_OPSIYON	D_EQ	SSO	D_EQ_ECP	DE_THYAO_ECP	THYAO.E	31/12/2026	18.19	20.72	-12.21	0	0	0	0	0	0	0	0	0	0	0					
07/10/2026	O_THYAOE1226C330.00	THYAO_12/2026_AVRUPA_OPSIYON	D_EQ	SSO	D_EQ_ECP	DE_THYAO_ECP	THYAO.E	31/12/2026	14.91	16.88	-11.67	0	0	0	0	0	0	0	0	0	0	0					
07/10/2026	O_THYAOE1226C340.00	THYAO_12/2026_AVRUPA_OPSIYON	D_EQ	SSO	D_EQ_ECP	DE_THYAO_ECP	THYAO.E	31/12/2026	12.3	13.96	-11.89	0	0	0	0	0	0	0	0	0	0	0					
07/10/2026	O_THYAOE1226C350.00	THYAO_12/2026_AVRUPA_OPSIYON	D_EQ	SSO	D_EQ_ECP	DE_THYAO_ECP	THYAO.E	31/12/2026	10.18	11.58	-12.09	0	0	0	0	0	0	0	0	0	0	0					
07/10/2026	O_THYAOE1226C360.00	THYAO_12/2026_AVRUPA_OPSIYON	D_EQ	SSO	D_EQ_ECP	DE_THYAO_ECP	THYAO.E	31/12/2026	8.47	9.65	-12.23	0	0	0	0	0	0	0	0	0	0	0					
07/10/2026	O_THYAOE1226C370.00	THYAO_12/2026_AVRUPA_OPSIYON	D_EQ	SSO	D_EQ_ECP	DE_THYAO_ECP	THYAO.E	31/12/2026	7.08	8.08	-12.38	0	0	0	0	0	0	0	0	0	0	0					
07/10/2026	O_THYAOE1226C380.00	THYAO_12/2026_AVRUPA_OPSIYON	D_EQ	SSO	D_EQ_ECP	DE_THYAO_ECP	THYAO.E	31/12/2026	5.97	6.81	-12.33	0	0	0	0	0	0	0	0	0	0	0					
07/10/2026	O_THYAOE1226P250.00	THYAO_12/2026_AVRUPA_OPSIYON	D_EQ	SSO	D_EQ_EPP	DE_THYAO_EPP	THYAO.E	31/12/2026	2.08	1.85	12.43	0	0	0	0	0	0	0	0	0	0	0					
07/10/2026	O_THYAOE1226P260.00	THYAO_12/2026_AVRUPA_OPSIYON	D_EQ	SSO	D_EQ_EPP	DE_THYAO_EPP	THYAO.E	31/12/2026	3.01	2.68	12.31	0	0	0	0	0	0	0	0	0	0	0					
07/10/2026	O_THYAOE1226P270.00	THYAO_12/2026_AVRUPA_OPSIYON	D_EQ	SSO	D_EQ_EPP	DE_THYAO_EPP	THYAO.E	31/12/2026	4.25	3.79	12.14	0	0	0	0	0	0	0	0	0	0	0					
07/10/2026	O_THYAOE1226P280.00	THYAO_12/2026_AVRUPA_OPSIYON	D_EQ	SSO	D_EQ_EPP	DE_THYAO_EPP	THYAO.E	31/12/2026	5.88	5.25	12	0	0	0	0	0	0	0	0	0	0	0					
07/10/2026	O_THYAOE1226P290.00	THYAO_12/2026_AVRUPA_OPSIYON	D_EQ	SSO	D_EQ_EPP	DE_THYAO_EPP	THYAO.E	31/12/2026	7.97	7.13	11.78	0	0	0	0	0	0	0	0	0	0	0					
07/10/2026	O_THYAOE1226P300.00	THYAO_12/2026_AVRUPA_OPSIYON	D_EQ	SSO	D_EQ_EPP	DE_THYAO_EPP	THYAO.E	31/12/2026	10.98	9.68	13.43	0	0	0	0	0	0	0	0	0	0	0					
07/10/2026	O_THYAOE1226P310.00	THYAO_12/2026_AVRUPA_OPSIYON	D_EQ	SSO	D_EQ_EPP	DE_THYAO_EPP	THYAO.E	31/12/2026	14.78	13.08	13	0	0	0	0	0	0	0	0	0	0	0					
07/10/2026	O_THYAOE1226P320.00	THYAO_12/2026_AVRUPA_OPSIYON	D_EQ	SSO	D_EQ_EPP	DE_THYAO_EPP	THYAO.E	31/12/2026	19.43	17.35	11.99	0	0	0	0	0	0	0	0	0	0	0					
07/10/2026	O_THYAOE1226P330.00	THYAO_12/2026_AVRUPA_OPSIYON	D_EQ	SSO	D_EQ_EPP	DE_THYAO_EPP	THYAO.E	31/12/2026	25.14	22.48	11.83	0	0	0	0	0	0	0	0	0	0	0					
07/10/2026	O_TOASOE1026C260.00	TOASO_10/2026_AVRUPA_OPSIYON	D_EQ	SSO	D_EQ_ECP	DE_TOASO_ECP	TOASO.E	30/10/2026	15.25	21.93	-30.46	0	0	0	0	0	0	0	0	0	40	0					
07/10/2026	O_TOASOE1026C270.00	TOASO_10/2026_AVRUPA_OPSIYON	D_EQ	SSO	D_EQ_ECP	DE_TOASO_ECP	TOASO.E	30/10/2026	9.97	15.34	-35.01	13.7	13.7	13.7	13.7	13.7	1080000	54800	40	4	550	0					
07/10/2026	O_TOASOE1026C280.00	TOASO_10/2026_AVRUPA_OPSIYON	D_EQ	SSO	D_EQ_ECP	DE_TOASO_ECP	TOASO.E	30/10/2026	6.21	10.21	-39.18	8.9	8.9	8.9	8.9	8.9	1204000	38270	43	5	110	43					
07/10/2026	O_TOASOE1026C290.00	TOASO_10/2026_AVRUPA_OPSIYON	D_EQ	SSO	D_EQ_ECP	DE_TOASO_ECP	TOASO.E	30/10/2026	3.91	6.52	-40.03	3.6	3.5	3.6	3.5	3.51	9860000	119430	340	14	340	300					
07/10/2026	O_TOASOE1026C300.00	TOASO_10/2026_AVRUPA_OPSIYON	D_EQ	SSO	D_EQ_ECP	DE_TOASO_ECP	TOASO.E	30/10/2026	2.45	4.23	-42.08	0	0	0	0	0	121500000	961200	4050	3	2472	1350					
07/10/2026	O_TOASOE1026C310.00	TOASO_10/2026_AVRUPA_OPSIYON	D_EQ	SSO	D_EQ_ECP	DE_TOASO_ECP	TOASO.E	30/10/2026	1.53	2.74	-44.16	0	0	0	0	0	0	0	0	0	63	0					
07/10/2026	O_TOASOE1026C320.00	TOASO_10/2026_AVRUPA_OPSIYON	D_EQ	SSO	D_EQ_ECP	DE_TOASO_ECP	TOASO.E	30/10/2026	0.97	1.78	-45.51	0	0	0	0	0	0	0	0	0	809	0					
07/10/2026	O_TOASOE1026C330.00	TOASO_10/2026_AVRUPA_OPSIYON	D_EQ	SSO	D_EQ_ECP	DE_TOASO_ECP	TOASO.E	30/10/2026	0.62	1.16	-46.55	0	0	0	0	0	0	0	0	0	10	0					
07/10/2026	O_TOASOE1026C340.00	TOASO_10/2026_AVRUPA_OPSIYON	D_EQ	SSO	D_EQ_ECP	DE_TOASO_ECP	TOASO.E	30/10/2026	0.4	0.77	-48.05	0	0	0	0	0	0	0	0	0	24	0					
07/10/2026	O_TOASOE1026C350.00	TOASO_10/2026_AVRUPA_OPSIYON	D_EQ	SSO	D_EQ_ECP	DE_TOASO_ECP	TOASO.E	30/10/2026	0.27	0.52	-48.08	0	0	0	0	0	0	0	0	0	1	0					
07/10/2026	O_TOASOE1026C360.00	TOASO_10/2026_AVRUPA_OPSIYON	D_EQ	SSO	D_EQ_ECP	DE_TOASO_ECP	TOASO.E	30/10/2026	0.18	0.35	-48.57	0	0	0	0	0	0	0	0	0	2	0					
07/10/2026	O_TOASOE1026C370.00	TOASO_10/2026_AVRUPA_OPSIYON	D_EQ	SSO	D_EQ_ECP	DE_TOASO_ECP	TOASO.E	30/10/2026	0.12	0.25	-52	0	0	0	0	0	0	0	0	0	1	0					
07/10/2026	O_TOASOE1026P230.00	TOASO_10/2026_AVRUPA_OPSIYON	D_EQ	SSO	D_EQ_EPP	DE_TOASO_EPP	TOASO.E	30/10/2026	0.94	0.6	56.67	0	0	0	0	0	0	0	0	0	74	0					
07/10/2026	O_TOASOE1026P235.00	TOASO_10/2026_AVRUPA_OPSIYON	D_EQ	SSO	D_EQ_EPP	DE_TOASO_EPP	TOASO.E	30/10/2026	1.36	0.87	56.32	0	0	0	0	0	0	0	0	0	83	0					
07/10/2026	O_TOASOE1026P240.00	TOASO_10/2026_AVRUPA_OPSIYON	D_EQ	SSO	D_EQ_EPP	DE_TOASO_EPP	TOASO.E	30/10/2026	1.92	1.23	56.1	0	0	0	0	0	0	0	0	0	20	0					
07/10/2026	O_TOASOE1026P245.00	TOASO_10/2026_AVRUPA_OPSIYON	D_EQ	SSO	D_EQ_EPP	DE_TOASO_EPP	TOASO.E	30/10/2026	2.67	1.73	54.34	0	0	0	0	0	0	0	0	0	0	0					
07/10/2026	O_TOASOE1026P250.00	TOASO_10/2026_AVRUPA_OPSIYON	D_EQ	SSO	D_EQ_EPP	DE_TOASO_EPP	TOASO.E	30/10/2026	3.65	2.37	54.01	0	0	0	0	0	0	0	0	0	264	0					
07/10/2026	O_TOASOE1026P260.00	TOASO_10/2026_AVRUPA_OPSIYON	D_EQ	SSO	D_EQ_EPP	DE_TOASO_EPP	TOASO.E	30/10/2026	6.6	4.27	54.57	0	0	0	0	0	0	0	0	0	40	0					
07/10/2026	O_TOASOE1026P270.00	TOASO_10/2026_AVRUPA_OPSIYON	D_EQ	SSO	D_EQ_EPP	DE_TOASO_EPP	TOASO.E	30/10/2026	11.08	7.43	49.13	0	0	0	0	0	0	0	0	0	224	0					
07/10/2026	O_TOASOE1026P280.00	TOASO_10/2026_AVRUPA_OPSIYON	D_EQ	SSO	D_EQ_EPP	DE_TOASO_EPP	TOASO.E	30/10/2026	17.09	12.05	41.83	13.5	13.5	13.5	13.5	13.5	1120000	54000	40	4	182	0					
07/10/2026	O_TOASOE1026P290.00	TOASO_10/2026_AVRUPA_OPSIYON	D_EQ	SSO	D_EQ_EPP	DE_TOASO_EPP	TOASO.E	30/10/2026	24.55	18.11	35.56	0	0	0	0	0	0	0	0	0	230	0					
07/10/2026	O_TOASOE1026P300.00	TOASO_10/2026_AVRUPA_OPSIYON	D_EQ	SSO	D_EQ_EPP	DE_TOASO_EPP	TOASO.E	30/10/2026	32.85	25.58	28.42	0	0	0	0	0	0	0	0	0	117	0					
07/10/2026	O_TOASOE1026P310.00	TOASO_10/2026_AVRUPA_OPSIYON	D_EQ	SSO	D_EQ_EPP	DE_TOASO_EPP	TOASO.E	30/10/2026	41.7	33.84	23.23	0	0	0	0	0	0	0	0	0	27	0					
07/10/2026	O_TOASOE1026P320.00	TOASO_10/2026_AVRUPA_OPSIYON	D_EQ	SSO	D_EQ_EPP	DE_TOASO_EPP	TOASO.E	30/10/2026	50.89	42.63	19.38	0	0	0	0	0	0	0	0	0	0	0					
07/10/2026	O_TOASOE1126C260.00	TOASO_11/2026_AVRUPA_OPSIYON	D_EQ	SSO	D_EQ_ECP	DE_TOASO_ECP	TOASO.E	30/11/2026	25.45	32.53	-21.76	29.7	29.7	29.8	29.8	29.78	1118000	128040	43	5	62	43					
07/10/2026	O_TOASOE1126C270.00	TOASO_11/2026_AVRUPA_OPSIYON	D_EQ	SSO	D_EQ_ECP	DE_TOASO_ECP	TOASO.E	30/11/2026	19.75	25.77	-23.36	23.9	23.9	23.9	23.9	23.9	891000	78870	33	4	40	-33					
07/10/2026	O_TOASOE1126C280.00	TOASO_11/2026_AVRUPA_OPSIYON	D_EQ	SSO	D_EQ_ECP	DE_TOASO_ECP	TOASO.E	30/11/2026	15.1	20.17	-25.14	0	0	0	0	0	0	0	0	0	40	0					
07/10/2026	O_TOASOE1126C290.00	TOASO_11/2026_AVRUPA_OPSIYON	D_EQ	SSO	D_EQ_ECP	DE_TOASO_ECP	TOASO.E	30/11/2026	11.51	15.59	-26.17	0	0	0	0	0	0	0	0	0	10	0					
07/10/2026	O_TOASOE1126C300.00	TOASO_11/2026_AVRUPA_OPSIYON	D_EQ	SSO	D_EQ_ECP	DE_TOASO_ECP	TOASO.E	30/11/2026	9.02	12.04	-25.08	0	0	0	0	0	0	0	0	0	0	0					
07/10/2026	O_TOASOE1126C310.00	TOASO_11/2026_AVRUPA_OPSIYON	D_EQ	SSO	D_EQ_ECP	DE_TOASO_ECP	TOASO.E	30/11/2026	7.11	9.55	-25.55	0	0	0	0	0	0	0	0	0	0	0					
07/10/2026	O_TOASOE1126C320.00	TOASO_11/2026_AVRUPA_OPSIYON	D_EQ	SSO	D_EQ_ECP	DE_TOASO_ECP	TOASO.E	30/11/2026	5.65	7.63	-25.95	0	0	0	0	0	0	0	0	0	0	0					
07/10/2026	O_TOASOE1126C330.00	TOASO_11/2026_AVRUPA_OPSIYON	D_EQ	SSO	D_EQ_ECP	DE_TOASO_ECP	TOASO.E	30/11/2026	4.53	6.14	-26.22	0	0	0	0	0	0	0	0	0	0	0					
07/10/2026	O_TOASOE1126C340.00	TOASO_11/2026_AVRUPA_OPSIYON	D_EQ	SSO	D_EQ_ECP	DE_TOASO_ECP	TOASO.E	30/11/2026	3.68	4.99	-26.25	0	0	0	0	0	0	0	0	0	0	0					
07/10/2026	O_TOASOE1126C350.00	TOASO_11/2026_AVRUPA_OPSIYON	D_EQ	SSO	D_EQ_ECP	DE_TOASO_ECP	TOASO.E	30/11/2026	3.02	4.1	-26.34	0	0	0	0	0	0	0	0	0	0	0					
07/10/2026	O_TOASOE1126C360.00	TOASO_11/2026_AVRUPA_OPSIYON	D_EQ	SSO	D_EQ_ECP	DE_TOASO_ECP	TOASO.E	30/11/2026	2.51	3.4	-26.18	0	0	0	0	0	0	0	0	0	0	0					
07/10/2026	O_TOASOE1126C370.00	TOASO_11/2026_AVRUPA_OPSIYON	D_EQ	SSO	D_EQ_ECP	DE_TOASO_ECP	TOASO.E	30/11/2026	2.11	2.86	-26.22	0	0	0	0	0	0	0	0	0	0	0					
07/10/2026	O_TOASOE1126C380.00	TOASO_11/2026_AVRUPA_OPSIYON	D_EQ	SSO	D_EQ_ECP	DE_TOASO_ECP	TOASO.E	30/11/2026	1.79	2.43	-26.34	0	0	0	0	0	0	0	0	0	0	0					
07/10/2026	O_TOASOE1126P230.00	TOASO_11/2026_AVRUPA_OPSIYON	D_EQ	SSO	D_EQ_EPP	DE_TOASO_EPP	TOASO.E	30/11/2026	2.84	2.21	28.51	0	0	0	0	0	0	0	0	0	4	0					
07/10/2026	O_TOASOE1126P235.00	TOASO_11/2026_AVRUPA_OPSIYON	D_EQ	SSO	D_EQ_EPP	DE_TOASO_EPP	TOASO.E	30/11/2026	3.48	2.71	28.41	0	0	0	0	0	0	0	0	0	10	0					
07/10/2026	O_TOASOE1126P240.00	TOASO_11/2026_AVRUPA_OPSIYON	D_EQ	SSO	D_EQ_EPP	DE_TOASO_EPP	TOASO.E	30/11/2026	4.24	3.3	28.48	0	0	0	0	0	0	0	0	0	0	0					
07/10/2026	O_TOASOE1126P245.00	TOASO_11/2026_AVRUPA_OPSIYON	D_EQ	SSO	D_EQ_EPP	DE_TOASO_EPP	TOASO.E	30/11/2026	5.13	3.99	28.57	0	0	0	0	0	0	0	0	0	0	0					
07/10/2026	O_TOASOE1126P250.00	TOASO_11/2026_AVRUPA_OPSIYON	D_EQ	SSO	D_EQ_EPP	DE_TOASO_EPP	TOASO.E	30/11/2026	6.17	4.8	28.54	0	0	0	0	0	0	0	0	0	0	0					
07/10/2026	O_TOASOE1126P260.00	TOASO_11/2026_AVRUPA_OPSIYON	D_EQ	SSO	D_EQ_EPP	DE_TOASO_EPP	TOASO.E	30/11/2026	8.73	6.82	28.01	0	0	0	0	0	0	0	0	0	0	0					
07/10/2026	O_TOASOE1126P270.00	TOASO_11/2026_AVRUPA_OPSIYON	D_EQ	SSO	D_EQ_EPP	DE_TOASO_EPP	TOASO.E	30/11/2026	12.49	9.49	31.61	12.07	12.07	12.07	12.07	12.07	270000	12070	10	1	10	10					
07/10/2026	O_TOASOE1126P280.00	TOASO_11/2026_AVRUPA_OPSIYON	D_EQ	SSO	D_EQ_EPP	DE_TOASO_EPP	TOASO.E	30/11/2026	17.29	13.34	29.61	16.5	16.3	16.5	16.3	16.37	840000	49100	30	3	30	30					
07/10/2026	O_TOASOE1126P290.00	TOASO_11/2026_AVRUPA_OPSIYON	D_EQ	SSO	D_EQ_EPP	DE_TOASO_EPP	TOASO.E	30/11/2026	23.16	18.2	27.25	0	0	0	0	0	0	0	0	0	30	0					
07/10/2026	O_TOASOE1126P300.00	TOASO_11/2026_AVRUPA_OPSIYON	D_EQ	SSO	D_EQ_EPP	DE_TOASO_EPP	TOASO.E	30/11/2026	30.12	24.09	25.03	27.8	27.71	27.8	27.71	27.76	1020000	94394	34	3	67	-6					
07/10/2026	O_TOASOE1126P310.00	TOASO_11/2026_AVRUPA_OPSIYON	D_EQ	SSO	D_EQ_EPP	DE_TOASO_EPP	TOASO.E	30/11/2026	37.66	31.05	21.29	34.6	34.4	34.6	34.51	34.53	1364000	151914	44	4	54	-16					
07/10/2026	O_TOASOE1126P320.00	TOASO_11/2026_AVRUPA_OPSIYON	D_EQ	SSO	D_EQ_EPP	DE_TOASO_EPP	TOASO.E	30/11/2026	45.66	38.57	18.38	0	0	0	0	0	0	0	0	0	0	0					
07/10/2026	O_TOASOE1126P330.00	TOASO_11/2026_AVRUPA_OPSIYON	D_EQ	SSO	D_EQ_EPP	DE_TOASO_EPP	TOASO.E	30/11/2026	53.99	46.53	16.03	0	0	0	0	0	0	0	0	0	0	0					
07/10/2026	O_TOASOE1226C270.00	TOASO_12/2026_AVRUPA_OPSIYON	D_EQ	SSO	D_EQ_ECP	DE_TOASO_ECP	TOASO.E	31/12/2026	31.05	38.05	-18.4	0	0	0	0	0	0	0	0	0	0	0					
07/10/2026	O_TOASOE1226C280.00	TOASO_12/2026_AVRUPA_OPSIYON	D_EQ	SSO	D_EQ_ECP	DE_TOASO_ECP	TOASO.E	31/12/2026	25.65	31.8	-19.34	0	0	0	0	0	0	0	0	0	0	0					
07/10/2026	O_TOASOE1226C290.00	TOASO_12/2026_AVRUPA_OPSIYON	D_EQ	SSO	D_EQ_ECP	DE_TOASO_ECP	TOASO.E	31/12/2026	21.16	26.44	-19.97	0	0	0	0	0	0	0	0	0	0	0					
07/10/2026	O_TOASOE1226C300.00	TOASO_12/2026_AVRUPA_OPSIYON	D_EQ	SSO	D_EQ_ECP	DE_TOASO_ECP	TOASO.E	31/12/2026	17.63	21.99	-19.83	0	0	0	0	0	0	0	0	0	0	0					
07/10/2026	O_TOASOE1226C310.00	TOASO_12/2026_AVRUPA_OPSIYON	D_EQ	SSO	D_EQ_ECP	DE_TOASO_ECP	TOASO.E	31/12/2026	14.96	18.46	-18.96	0	0	0	0	0	0	0	0	0	0	0					
07/10/2026	O_TOASOE1226C320.00	TOASO_12/2026_AVRUPA_OPSIYON	D_EQ	SSO	D_EQ_ECP	DE_TOASO_ECP	TOASO.E	31/12/2026	12.77	15.79	-19.13	0	0	0	0	0	0	0	0	0	0	0					
07/10/2026	O_TOASOE1226C330.00	TOASO_12/2026_AVRUPA_OPSIYON	D_EQ	SSO	D_EQ_ECP	DE_TOASO_ECP	TOASO.E	31/12/2026	10.99	13.59	-19.13	0	0	0	0	0	0	0	0	0	0	0					
07/10/2026	O_TOASOE1226C340.00	TOASO_12/2026_AVRUPA_OPSIYON	D_EQ	SSO	D_EQ_ECP	DE_TOASO_ECP	TOASO.E	31/12/2026	9.52	11.78	-19.19	0	0	0	0	0	0	0	0	0	0	0					
07/10/2026	O_TOASOE1226C350.00	TOASO_12/2026_AVRUPA_OPSIYON	D_EQ	SSO	D_EQ_ECP	DE_TOASO_ECP	TOASO.E	31/12/2026	8.32	10.29	-19.14	0	0	0	0	0	0	0	0	0	0	0					
07/10/2026	O_TOASOE1226P235.00	TOASO_12/2026_AVRUPA_OPSIYON	D_EQ	SSO	D_EQ_EPP	DE_TOASO_EPP	TOASO.E	31/12/2026	4.17	3.47	20.17	0	0	0	0	0	0	0	0	0	0	0					
07/10/2026	O_TOASOE1226P240.00	TOASO_12/2026_AVRUPA_OPSIYON	D_EQ	SSO	D_EQ_EPP	DE_TOASO_EPP	TOASO.E	31/12/2026	4.84	4.02	20.4	0	0	0	0	0	0	0	0	0	0	0					
07/10/2026	O_TOASOE1226P245.00	TOASO_12/2026_AVRUPA_OPSIYON	D_EQ	SSO	D_EQ_EPP	DE_TOASO_EPP	TOASO.E	31/12/2026	5.6	4.65	20.43	0	0	0	0	0	0	0	0	0	0	0					
07/10/2026	O_TOASOE1226P250.00	TOASO_12/2026_AVRUPA_OPSIYON	D_EQ	SSO	D_EQ_EPP	DE_TOASO_EPP	TOASO.E	31/12/2026	6.45	5.35	20.56	0	0	0	0	0	0	0	0	0	0	0					
07/10/2026	O_TOASOE1226P260.00	TOASO_12/2026_AVRUPA_OPSIYON	D_EQ	SSO	D_EQ_EPP	DE_TOASO_EPP	TOASO.E	31/12/2026	8.47	7.01	20.83	0	0	0	0	0	0	0	0	0	0	0					
07/10/2026	O_TOASOE1226P270.00	TOASO_12/2026_AVRUPA_OPSIYON	D_EQ	SSO	D_EQ_EPP	DE_TOASO_EPP	TOASO.E	31/12/2026	11.12	9.07	22.6	0	0	0	0	0	0	0	0	0	0	0					
07/10/2026	O_TOASOE1226P280.00	TOASO_12/2026_AVRUPA_OPSIYON	D_EQ	SSO	D_EQ_EPP	DE_TOASO_EPP	TOASO.E	31/12/2026	14.71	11.79	24.77	0	0	0	0	0	0	0	0	0	0	0					
07/10/2026	O_TOASOE1226P290.00	TOASO_12/2026_AVRUPA_OPSIYON	D_EQ	SSO	D_EQ_EPP	DE_TOASO_EPP	TOASO.E	31/12/2026	19.2	15.41	24.59	0	0	0	0	0	0	0	0	0	0	0					
07/10/2026	O_TOASOE1226P300.00	TOASO_12/2026_AVRUPA_OPSIYON	D_EQ	SSO	D_EQ_EPP	DE_TOASO_EPP	TOASO.E	31/12/2026	24.65	19.92	23.74	0	0	0	0	0	0	0	0	0	0	0					
07/10/2026	O_TTKOME1026C50.00	TTKOM_10/2026_AVRUPA_OPSIYON	D_EQ	SSO	D_EQ_ECP	DE_TTKOM_ECP	TTKOM.E	30/10/2026	4.05	4.9	-17.35	0	0	0	0	0	0	0	0	0	0	0					
07/10/2026	O_TTKOME1026C52.00	TTKOM_10/2026_AVRUPA_OPSIYON	D_EQ	SSO	D_EQ_ECP	DE_TTKOM_ECP	TTKOM.E	30/10/2026	2.73	3.44	-20.64	2.52	2.23	2.52	2.4	2.37	1300000	59261	250	5	400	250					
07/10/2026	O_TTKOME1026C54.00	TTKOM_10/2026_AVRUPA_OPSIYON	D_EQ	SSO	D_EQ_ECP	DE_TTKOM_ECP	TTKOM.E	30/10/2026	1.73	2.28	-24.12	1.3	1.3	1.3	1.3	1.3	270000	6500	50	1	3000	30					
07/10/2026	O_TTKOME1026C56.00	TTKOM_10/2026_AVRUPA_OPSIYON	D_EQ	SSO	D_EQ_ECP	DE_TTKOM_ECP	TTKOM.E	30/10/2026	1.03	1.44	-28.47	0	0	0	0	0	0	0	0	0	80	0					
07/10/2026	O_TTKOME1026C58.00	TTKOM_10/2026_AVRUPA_OPSIYON	D_EQ	SSO	D_EQ_ECP	DE_TTKOM_ECP	TTKOM.E	30/10/2026	0.62	0.88	-29.55	0	0	0	0	0	0	0	0	0	700	0					
07/10/2026	O_TTKOME1026C60.00	TTKOM_10/2026_AVRUPA_OPSIYON	D_EQ	SSO	D_EQ_ECP	DE_TTKOM_ECP	TTKOM.E	30/10/2026	0.36	0.53	-32.08	0.3	0.25	0.3	0.25	0.28	600000	2750	100	2	680	100					
07/10/2026	O_TTKOME1026C62.00	TTKOM_10/2026_AVRUPA_OPSIYON	D_EQ	SSO	D_EQ_ECP	DE_TTKOM_ECP	TTKOM.E	30/10/2026	0.21	0.32	-34.38	0	0	0	0	0	0	0	0	0	2185	0					
07/10/2026	O_TTKOME1026C64.00	TTKOM_10/2026_AVRUPA_OPSIYON	D_EQ	SSO	D_EQ_ECP	DE_TTKOM_ECP	TTKOM.E	30/10/2026	0.12	0.19	-36.84	0	0	0	0	0	0	0	0	0	3	0					
07/10/2026	O_TTKOME1026C66.00	TTKOM_10/2026_AVRUPA_OPSIYON	D_EQ	SSO	D_EQ_ECP	DE_TTKOM_ECP	TTKOM.E	30/10/2026	0.07	0.12	-41.67	0	0	0	0	0	0	0	0	0	10	0					
07/10/2026	O_TTKOME1026C68.00	TTKOM_10/2026_AVRUPA_OPSIYON	D_EQ	SSO	D_EQ_ECP	DE_TTKOM_ECP	TTKOM.E	30/10/2026	0.04	0.07	-42.86	0	0	0	0	0	0	0	0	0	0	0					
07/10/2026	O_TTKOME1026C70.00	TTKOM_10/2026_AVRUPA_OPSIYON	D_EQ	SSO	D_EQ_ECP	DE_TTKOM_ECP	TTKOM.E	30/10/2026	0.03	0.04	-25	0	0	0	0	0	0	0	0	0	0	0					
07/10/2026	O_TTKOME1026C72.00	TTKOM_10/2026_AVRUPA_OPSIYON	D_EQ	SSO	D_EQ_ECP	DE_TTKOM_ECP	TTKOM.E	30/10/2026	0.02	0.03	-33.33	0	0	0	0	0	0	0	0	0	0	0					
07/10/2026	O_TTKOME1026C74.00	TTKOM_10/2026_AVRUPA_OPSIYON	D_EQ	SSO	D_EQ_ECP	DE_TTKOM_ECP	TTKOM.E	30/10/2026	0.01	0.02	-50	0	0	0	0	0	0	0	0	0	0	0					
07/10/2026	O_TTKOME1026C76.00	TTKOM_10/2026_AVRUPA_OPSIYON	D_EQ	SSO	D_EQ_ECP	DE_TTKOM_ECP	TTKOM.E	30/10/2026	0.01	0.01	0	0	0	0	0	0	0	0	0	0	0	0					
07/10/2026	O_TTKOME1026P45.00	TTKOM_10/2026_AVRUPA_OPSIYON	D_EQ	SSO	D_EQ_EPP	DE_TTKOM_EPP	TTKOM.E	30/10/2026	0.1	0.08	25	0	0	0	0	0	0	0	0	0	0	0					
07/10/2026	O_TTKOME1026P46.00	TTKOM_10/2026_AVRUPA_OPSIYON	D_EQ	SSO	D_EQ_EPP	DE_TTKOM_EPP	TTKOM.E	30/10/2026	0.16	0.13	23.08	0	0	0	0	0	0	0	0	0	153	0					
07/10/2026	O_TTKOME1026P47.00	TTKOM_10/2026_AVRUPA_OPSIYON	D_EQ	SSO	D_EQ_EPP	DE_TTKOM_EPP	TTKOM.E	30/10/2026	0.24	0.19	26.32	0	0	0	0	0	0	0	0	0	24	0					
07/10/2026	O_TTKOME1026P48.00	TTKOM_10/2026_AVRUPA_OPSIYON	D_EQ	SSO	D_EQ_EPP	DE_TTKOM_EPP	TTKOM.E	30/10/2026	0.36	0.28	28.57	0	0	0	0	0	0	0	0	0	161	0					
07/10/2026	O_TTKOME1026P49.00	TTKOM_10/2026_AVRUPA_OPSIYON	D_EQ	SSO	D_EQ_EPP	DE_TTKOM_EPP	TTKOM.E	30/10/2026	0.51	0.4	27.5	0	0	0	0	0	0	0	0	0	13996	0					
07/10/2026	O_TTKOME1026P50.00	TTKOM_10/2026_AVRUPA_OPSIYON	D_EQ	SSO	D_EQ_EPP	DE_TTKOM_EPP	TTKOM.E	30/10/2026	0.72	0.57	26.32	0	0	0	0	0	0	0	0	0	3962	0					
07/10/2026	O_TTKOME1026P52.00	TTKOM_10/2026_AVRUPA_OPSIYON	D_EQ	SSO	D_EQ_EPP	DE_TTKOM_EPP	TTKOM.E	30/10/2026	1.35	1.06	27.36	1.18	1.16	1.33	1.33	1.19	728000	16720	140	6	144	140					
07/10/2026	O_TTKOME1026P54.00	TTKOM_10/2026_AVRUPA_OPSIYON	D_EQ	SSO	D_EQ_EPP	DE_TTKOM_EPP	TTKOM.E	30/10/2026	2.3	1.85	24.32	2.6	2.6	2.6	2.6	2.6	270000	13000	50	1	200	50					
07/10/2026	O_TTKOME1026P56.00	TTKOM_10/2026_AVRUPA_OPSIYON	D_EQ	SSO	D_EQ_EPP	DE_TTKOM_EPP	TTKOM.E	30/10/2026	3.56	2.96	20.27	3.97	3.97	3.97	3.97	3.97	280000	19850	50	1	3000	0					
07/10/2026	O_TTKOME1026P58.00	TTKOM_10/2026_AVRUPA_OPSIYON	D_EQ	SSO	D_EQ_EPP	DE_TTKOM_EPP	TTKOM.E	30/10/2026	5.1	4.35	17.24	0	0	0	0	0	0	0	0	0	291	0					
07/10/2026	O_TTKOME1026P60.00	TTKOM_10/2026_AVRUPA_OPSIYON	D_EQ	SSO	D_EQ_EPP	DE_TTKOM_EPP	TTKOM.E	30/10/2026	6.79	5.95	14.12	0	0	0	0	0	0	0	0	0	350	0					
07/10/2026	O_TTKOME1026P62.00	TTKOM_10/2026_AVRUPA_OPSIYON	D_EQ	SSO	D_EQ_EPP	DE_TTKOM_EPP	TTKOM.E	30/10/2026	8.59	7.69	11.7	0	0	0	0	0	0	0	0	0	0	0					
07/10/2026	O_TTKOME1026P64.00	TTKOM_10/2026_AVRUPA_OPSIYON	D_EQ	SSO	D_EQ_EPP	DE_TTKOM_EPP	TTKOM.E	30/10/2026	10.46	9.51	9.99	0	0	0	0	0	0	0	0	0	200	0					
07/10/2026	O_TTKOME1026P66.00	TTKOM_10/2026_AVRUPA_OPSIYON	D_EQ	SSO	D_EQ_EPP	DE_TTKOM_EPP	TTKOM.E	30/10/2026	12.36	11.39	8.52	0	0	0	0	0	0	0	0	0	170	0					
07/10/2026	O_TTKOME1126C52.00	TTKOM_11/2026_AVRUPA_OPSIYON	D_EQ	SSO	D_EQ_ECP	DE_TTKOM_ECP	TTKOM.E	30/11/2026	4.7	5.47	-14.08	0	0	0	0	0	0	0	0	0	0	0					
07/10/2026	O_TTKOME1126C54.00	TTKOM_11/2026_AVRUPA_OPSIYON	D_EQ	SSO	D_EQ_ECP	DE_TTKOM_ECP	TTKOM.E	30/11/2026	3.59	4.25	-15.53	0	0	0	0	0	0	0	0	0	0	0					
07/10/2026	O_TTKOME1126C56.00	TTKOM_11/2026_AVRUPA_OPSIYON	D_EQ	SSO	D_EQ_ECP	DE_TTKOM_ECP	TTKOM.E	30/11/2026	2.7	3.24	-16.67	0	0	0	0	0	0	0	0	0	0	0					
07/10/2026	O_TTKOME1126C58.00	TTKOM_11/2026_AVRUPA_OPSIYON	D_EQ	SSO	D_EQ_ECP	DE_TTKOM_ECP	TTKOM.E	30/11/2026	2.02	2.44	-17.21	0	0	0	0	0	0	0	0	0	0	0					
07/10/2026	O_TTKOME1126C60.00	TTKOM_11/2026_AVRUPA_OPSIYON	D_EQ	SSO	D_EQ_ECP	DE_TTKOM_ECP	TTKOM.E	30/11/2026	1.53	1.86	-17.74	0	0	0	0	0	0	0	0	0	0	0					
07/10/2026	O_TTKOME1126C62.00	TTKOM_11/2026_AVRUPA_OPSIYON	D_EQ	SSO	D_EQ_ECP	DE_TTKOM_ECP	TTKOM.E	30/11/2026	1.17	1.43	-18.18	0	0	0	0	0	0	0	0	0	0	0					
07/10/2026	O_TTKOME1126C64.00	TTKOM_11/2026_AVRUPA_OPSIYON	D_EQ	SSO	D_EQ_ECP	DE_TTKOM_ECP	TTKOM.E	30/11/2026	0.9	1.1	-18.18	0	0	0	0	0	0	0	0	0	0	0					
07/10/2026	O_TTKOME1126C66.00	TTKOM_11/2026_AVRUPA_OPSIYON	D_EQ	SSO	D_EQ_ECP	DE_TTKOM_ECP	TTKOM.E	30/11/2026	0.69	0.85	-18.82	0	0	0	0	0	0	0	0	0	0	0					
07/10/2026	O_TTKOME1126C68.00	TTKOM_11/2026_AVRUPA_OPSIYON	D_EQ	SSO	D_EQ_ECP	DE_TTKOM_ECP	TTKOM.E	30/11/2026	0.54	0.66	-18.18	0	0	0	0	0	0	0	0	0	1	0					
07/10/2026	O_TTKOME1126C70.00	TTKOM_11/2026_AVRUPA_OPSIYON	D_EQ	SSO	D_EQ_ECP	DE_TTKOM_ECP	TTKOM.E	30/11/2026	0.42	0.52	-19.23	0	0	0	0	0	0	0	0	0	0	0					
07/10/2026	O_TTKOME1126C72.00	TTKOM_11/2026_AVRUPA_OPSIYON	D_EQ	SSO	D_EQ_ECP	DE_TTKOM_ECP	TTKOM.E	30/11/2026	0.33	0.41	-19.51	0	0	0	0	0	0	0	0	0	0	0					
07/10/2026	O_TTKOME1126C74.00	TTKOM_11/2026_AVRUPA_OPSIYON	D_EQ	SSO	D_EQ_ECP	DE_TTKOM_ECP	TTKOM.E	30/11/2026	0.27	0.33	-18.18	0	0	0	0	0	0	0	0	0	0	0					
07/10/2026	O_TTKOME1126C76.00	TTKOM_11/2026_AVRUPA_OPSIYON	D_EQ	SSO	D_EQ_ECP	DE_TTKOM_ECP	TTKOM.E	30/11/2026	0.22	0.27	-18.52	0	0	0	0	0	0	0	0	0	0	0					
07/10/2026	O_TTKOME1126C78.00	TTKOM_11/2026_AVRUPA_OPSIYON	D_EQ	SSO	D_EQ_ECP	DE_TTKOM_ECP	TTKOM.E	30/11/2026	0.18	0.22	-18.18	0	0	0	0	0	0	0	0	0	0	0					
07/10/2026	O_TTKOME1126P46.00	TTKOM_11/2026_AVRUPA_OPSIYON	D_EQ	SSO	D_EQ_EPP	DE_TTKOM_EPP	TTKOM.E	30/11/2026	0.49	0.42	16.67	0.5	0.5	0.5	0.5	0.5	92000	1000	20	1	60	20					
07/10/2026	O_TTKOME1126P47.00	TTKOM_11/2026_AVRUPA_OPSIYON	D_EQ	SSO	D_EQ_EPP	DE_TTKOM_EPP	TTKOM.E	30/11/2026	0.62	0.53	16.98	0	0	0	0	0	0	0	0	0	0	0					
07/10/2026	O_TTKOME1126P48.00	TTKOM_11/2026_AVRUPA_OPSIYON	D_EQ	SSO	D_EQ_EPP	DE_TTKOM_EPP	TTKOM.E	30/11/2026	0.77	0.66	16.67	0	0	0	0	0	0	0	0	0	0	0					
07/10/2026	O_TTKOME1126P49.00	TTKOM_11/2026_AVRUPA_OPSIYON	D_EQ	SSO	D_EQ_EPP	DE_TTKOM_EPP	TTKOM.E	30/11/2026	0.95	0.82	15.85	0	0	0	0	0	0	0	0	0	20000	0					
07/10/2026	O_TTKOME1126P50.00	TTKOM_11/2026_AVRUPA_OPSIYON	D_EQ	SSO	D_EQ_EPP	DE_TTKOM_EPP	TTKOM.E	30/11/2026	1.16	1	16	0	0	0	0	0	0	0	0	0	0	0					
07/10/2026	O_TTKOME1126P52.00	TTKOM_11/2026_AVRUPA_OPSIYON	D_EQ	SSO	D_EQ_EPP	DE_TTKOM_EPP	TTKOM.E	30/11/2026	1.71	1.47	16.33	0	0	0	0	0	0	0	0	0	0	0					
07/10/2026	O_TTKOME1126P54.00	TTKOM_11/2026_AVRUPA_OPSIYON	D_EQ	SSO	D_EQ_EPP	DE_TTKOM_EPP	TTKOM.E	30/11/2026	2.49	2.14	16.36	0	0	0	0	0	0	0	0	0	0	0					
07/10/2026	O_TTKOME1126P56.00	TTKOM_11/2026_AVRUPA_OPSIYON	D_EQ	SSO	D_EQ_EPP	DE_TTKOM_EPP	TTKOM.E	30/11/2026	3.48	3.02	15.23	0	0	0	0	0	0	0	0	0	0	0					
07/10/2026	O_TTKOME1126P58.00	TTKOM_11/2026_AVRUPA_OPSIYON	D_EQ	SSO	D_EQ_EPP	DE_TTKOM_EPP	TTKOM.E	30/11/2026	4.7	4.11	14.36	0	0	0	0	0	0	0	0	0	0	0					
07/10/2026	O_TTKOME1126P60.00	TTKOM_11/2026_AVRUPA_OPSIYON	D_EQ	SSO	D_EQ_EPP	DE_TTKOM_EPP	TTKOM.E	30/11/2026	6.1	5.42	12.55	0	0	0	0	0	0	0	0	0	0	0					
07/10/2026	O_TTKOME1126P62.00	TTKOM_11/2026_AVRUPA_OPSIYON	D_EQ	SSO	D_EQ_EPP	DE_TTKOM_EPP	TTKOM.E	30/11/2026	7.63	6.88	10.9	0	0	0	0	0	0	0	0	0	75	0					
07/10/2026	O_TTKOME1126P64.00	TTKOM_11/2026_AVRUPA_OPSIYON	D_EQ	SSO	D_EQ_EPP	DE_TTKOM_EPP	TTKOM.E	30/11/2026	9.25	8.44	9.6	0	0	0	0	0	0	0	0	0	0	0					
07/10/2026	O_TTKOME1126P66.00	TTKOM_11/2026_AVRUPA_OPSIYON	D_EQ	SSO	D_EQ_EPP	DE_TTKOM_EPP	TTKOM.E	30/11/2026	10.93	10.08	8.43	0	0	0	0	0	0	0	0	0	0	0					
07/10/2026	O_TTKOME1126P68.00	TTKOM_11/2026_AVRUPA_OPSIYON	D_EQ	SSO	D_EQ_EPP	DE_TTKOM_EPP	TTKOM.E	30/11/2026	12.67	11.78	7.56	0	0	0	0	0	0	0	0	0	0	0					
07/10/2026	O_TTKOME1226C54.00	TTKOM_12/2026_AVRUPA_OPSIYON	D_EQ	SSO	D_EQ_ECP	DE_TTKOM_ECP	TTKOM.E	31/12/2026	5.79	6.54	-11.47	0	0	0	0	0	0	0	0	0	0	0					
07/10/2026	O_TTKOME1226C56.00	TTKOM_12/2026_AVRUPA_OPSIYON	D_EQ	SSO	D_EQ_ECP	DE_TTKOM_ECP	TTKOM.E	31/12/2026	4.73	5.41	-12.57	0	0	0	0	0	0	0	0	0	0	0					
07/10/2026	O_TTKOME1226C58.00	TTKOM_12/2026_AVRUPA_OPSIYON	D_EQ	SSO	D_EQ_ECP	DE_TTKOM_ECP	TTKOM.E	31/12/2026	3.85	4.44	-13.29	0	0	0	0	0	0	0	0	0	0	0					
07/10/2026	O_TTKOME1226C60.00	TTKOM_12/2026_AVRUPA_OPSIYON	D_EQ	SSO	D_EQ_ECP	DE_TTKOM_ECP	TTKOM.E	31/12/2026	3.17	3.63	-12.67	0	0	0	0	0	0	0	0	0	0	0					
07/10/2026	O_TTKOME1226C62.00	TTKOM_12/2026_AVRUPA_OPSIYON	D_EQ	SSO	D_EQ_ECP	DE_TTKOM_ECP	TTKOM.E	31/12/2026	2.63	3.03	-13.2	0	0	0	0	0	0	0	0	0	0	0					
07/10/2026	O_TTKOME1226C64.00	TTKOM_12/2026_AVRUPA_OPSIYON	D_EQ	SSO	D_EQ_ECP	DE_TTKOM_ECP	TTKOM.E	31/12/2026	2.2	2.53	-13.04	0	0	0	0	0	0	0	0	0	0	0					
07/10/2026	O_TTKOME1226C66.00	TTKOM_12/2026_AVRUPA_OPSIYON	D_EQ	SSO	D_EQ_ECP	DE_TTKOM_ECP	TTKOM.E	31/12/2026	1.84	2.13	-13.62	0	0	0	0	0	0	0	0	0	0	0					
07/10/2026	O_TTKOME1226C68.00	TTKOM_12/2026_AVRUPA_OPSIYON	D_EQ	SSO	D_EQ_ECP	DE_TTKOM_ECP	TTKOM.E	31/12/2026	1.55	1.79	-13.41	0	0	0	0	0	0	0	0	0	0	0					
07/10/2026	O_TTKOME1226C70.00	TTKOM_12/2026_AVRUPA_OPSIYON	D_EQ	SSO	D_EQ_ECP	DE_TTKOM_ECP	TTKOM.E	31/12/2026	1.32	1.52	-13.16	0	0	0	0	0	0	0	0	0	0	0					
07/10/2026	O_TTKOME1226P47.00	TTKOM_12/2026_AVRUPA_OPSIYON	D_EQ	SSO	D_EQ_EPP	DE_TTKOM_EPP	TTKOM.E	31/12/2026	0.72	0.64	12.5	0	0	0	0	0	0	0	0	0	0	0					
07/10/2026	O_TTKOME1226P48.00	TTKOM_12/2026_AVRUPA_OPSIYON	D_EQ	SSO	D_EQ_EPP	DE_TTKOM_EPP	TTKOM.E	31/12/2026	0.85	0.76	11.84	0	0	0	0	0	0	0	0	0	0	0					
07/10/2026	O_TTKOME1226P49.00	TTKOM_12/2026_AVRUPA_OPSIYON	D_EQ	SSO	D_EQ_EPP	DE_TTKOM_EPP	TTKOM.E	31/12/2026	1	0.89	12.36	0	0	0	0	0	0	0	0	0	0	0					
07/10/2026	O_TTKOME1226P50.00	TTKOM_12/2026_AVRUPA_OPSIYON	D_EQ	SSO	D_EQ_EPP	DE_TTKOM_EPP	TTKOM.E	31/12/2026	1.18	1.05	12.38	0	0	0	0	0	0	0	0	0	0	0					
07/10/2026	O_TTKOME1226P52.00	TTKOM_12/2026_AVRUPA_OPSIYON	D_EQ	SSO	D_EQ_EPP	DE_TTKOM_EPP	TTKOM.E	31/12/2026	1.59	1.42	11.97	0	0	0	0	0	0	0	0	0	0	0					
07/10/2026	O_TTKOME1226P54.00	TTKOM_12/2026_AVRUPA_OPSIYON	D_EQ	SSO	D_EQ_EPP	DE_TTKOM_EPP	TTKOM.E	31/12/2026	2.16	1.89	14.29	0	0	0	0	0	0	0	0	0	0	0					
07/10/2026	O_TTKOME1226P56.00	TTKOM_12/2026_AVRUPA_OPSIYON	D_EQ	SSO	D_EQ_EPP	DE_TTKOM_EPP	TTKOM.E	31/12/2026	2.89	2.56	12.89	0	0	0	0	0	0	0	0	0	0	0					
07/10/2026	O_TTKOME1226P58.00	TTKOM_12/2026_AVRUPA_OPSIYON	D_EQ	SSO	D_EQ_EPP	DE_TTKOM_EPP	TTKOM.E	31/12/2026	3.81	3.38	12.72	0	0	0	0	0	0	0	0	0	0	0					
07/10/2026	O_TTKOME1226P60.00	TTKOM_12/2026_AVRUPA_OPSIYON	D_EQ	SSO	D_EQ_EPP	DE_TTKOM_EPP	TTKOM.E	31/12/2026	4.92	4.37	12.59	0	0	0	0	0	0	0	0	0	0	0					
07/10/2026	O_TUPRSE1026C300.00	TUPRS_10/2026_AVRUPA_OPSIYON	D_EQ	SSO	D_EQ_ECP	DE_TUPRS_ECP	TUPRS.E	30/10/2026	86.95	86.77	0.21	0	0	0	0	0	0	0	0	0	0	0					
07/10/2026	O_TUPRSE1026C310.00	TUPRS_10/2026_AVRUPA_OPSIYON	D_EQ	SSO	D_EQ_ECP	DE_TUPRS_ECP	TUPRS.E	30/10/2026	77.32	77.18	0.18	0	0	0	0	0	0	0	0	0	0	0					
07/10/2026	O_TUPRSE1026C320.00	TUPRS_10/2026_AVRUPA_OPSIYON	D_EQ	SSO	D_EQ_ECP	DE_TUPRS_ECP	TUPRS.E	30/10/2026	67.84	67.73	0.16	0	0	0	0	0	0	0	0	0	0	0					
07/10/2026	O_TUPRSE1026C330.00	TUPRS_10/2026_AVRUPA_OPSIYON	D_EQ	SSO	D_EQ_ECP	DE_TUPRS_ECP	TUPRS.E	30/10/2026	58.59	58.54	0.09	0	0	0	0	0	0	0	0	0	0	0					
07/10/2026	O_TUPRSE1026C340.00	TUPRS_10/2026_AVRUPA_OPSIYON	D_EQ	SSO	D_EQ_ECP	DE_TUPRS_ECP	TUPRS.E	30/10/2026	49.71	49.72	-0.02	0	0	0	0	0	0	0	0	0	0	0					
07/10/2026	O_TUPRSE1026C350.00	TUPRS_10/2026_AVRUPA_OPSIYON	D_EQ	SSO	D_EQ_ECP	DE_TUPRS_ECP	TUPRS.E	30/10/2026	41.34	41.41	-0.17	0	0	0	0	0	0	0	0	0	0	0					
07/10/2026	O_TUPRSE1026C360.00	TUPRS_10/2026_AVRUPA_OPSIYON	D_EQ	SSO	D_EQ_ECP	DE_TUPRS_ECP	TUPRS.E	30/10/2026	33.63	33.77	-0.41	0	0	0	0	0	0	0	0	0	0	0					
07/10/2026	O_TUPRSE1026C370.00	TUPRS_10/2026_AVRUPA_OPSIYON	D_EQ	SSO	D_EQ_ECP	DE_TUPRS_ECP	TUPRS.E	30/10/2026	26.72	26.92	-0.74	29.2	24.8	29.2	26.2	26.48	5328000	381240	144	17	116	38					
07/10/2026	O_TUPRSE1026C380.00	TUPRS_10/2026_AVRUPA_OPSIYON	D_EQ	SSO	D_EQ_ECP	DE_TUPRS_ECP	TUPRS.E	30/10/2026	20.72	20.97	-1.19	20.2	20.1	20.2	20.1	20.15	2508000	132990	66	8	54	41					
07/10/2026	O_TUPRSE1026C390.00	TUPRS_10/2026_AVRUPA_OPSIYON	D_EQ	SSO	D_EQ_ECP	DE_TUPRS_ECP	TUPRS.E	30/10/2026	15.67	15.94	-1.69	17.5	14.5	17.5	15.1	15.16	3627000	141020	93	10	228	93					
07/10/2026	O_TUPRSE1026C400.00	TUPRS_10/2026_AVRUPA_OPSIYON	D_EQ	SSO	D_EQ_ECP	DE_TUPRS_ECP	TUPRS.E	30/10/2026	11.56	11.84	-2.36	0	0	0	0	0	0	0	0	0	11	0					
07/10/2026	O_TUPRSE1026C410.00	TUPRS_10/2026_AVRUPA_OPSIYON	D_EQ	SSO	D_EQ_ECP	DE_TUPRS_ECP	TUPRS.E	30/10/2026	8.32	8.59	-3.14	0	0	0	0	0	0	0	0	0	360	0					
07/10/2026	O_TUPRSE1026C420.00	TUPRS_10/2026_AVRUPA_OPSIYON	D_EQ	SSO	D_EQ_ECP	DE_TUPRS_ECP	TUPRS.E	30/10/2026	5.86	6.11	-4.09	0	0	0	0	0	0	0	0	0	1000	0					
07/10/2026	O_TUPRSE1026C430.00	TUPRS_10/2026_AVRUPA_OPSIYON	D_EQ	SSO	D_EQ_ECP	DE_TUPRS_ECP	TUPRS.E	30/10/2026	4.03	4.25	-5.18	0	0	0	0	0	0	0	0	0	48	0					
07/10/2026	O_TUPRSE1026C440.00	TUPRS_10/2026_AVRUPA_OPSIYON	D_EQ	SSO	D_EQ_ECP	DE_TUPRS_ECP	TUPRS.E	30/10/2026	2.71	2.89	-6.23	0	0	0	0	0	0	0	0	0	70	0					
07/10/2026	O_TUPRSE1026C450.00	TUPRS_10/2026_AVRUPA_OPSIYON	D_EQ	SSO	D_EQ_ECP	DE_TUPRS_ECP	TUPRS.E	30/10/2026	1.78	1.93	-7.77	0	0	0	0	0	0	0	0	0	137	0					
07/10/2026	O_TUPRSE1026C460.00	TUPRS_10/2026_AVRUPA_OPSIYON	D_EQ	SSO	D_EQ_ECP	DE_TUPRS_ECP	TUPRS.E	30/10/2026	1.15	1.27	-9.45	0	0	0	0	0	0	0	0	0	115	0					
07/10/2026	O_TUPRSE1026C470.00	TUPRS_10/2026_AVRUPA_OPSIYON	D_EQ	SSO	D_EQ_ECP	DE_TUPRS_ECP	TUPRS.E	30/10/2026	0.73	0.82	-10.98	0	0	0	0	0	0	0	0	0	108	0					
07/10/2026	O_TUPRSE1026C480.00	TUPRS_10/2026_AVRUPA_OPSIYON	D_EQ	SSO	D_EQ_ECP	DE_TUPRS_ECP	TUPRS.E	30/10/2026	0.45	0.52	-13.46	0	0	0	0	0	0	0	0	0	50	0					
07/10/2026	O_TUPRSE1026C490.00	TUPRS_10/2026_AVRUPA_OPSIYON	D_EQ	SSO	D_EQ_ECP	DE_TUPRS_ECP	TUPRS.E	30/10/2026	0.28	0.32	-12.5	0	0	0	0	0	0	0	0	0	142	0					
07/10/2026	O_TUPRSE1026P250.00	TUPRS_10/2026_AVRUPA_OPSIYON	D_EQ	SSO	D_EQ_EPP	DE_TUPRS_EPP	TUPRS.E	30/10/2026	0.01	0.01	0	0	0	0	0	0	0	0	0	0	0	0					
07/10/2026	O_TUPRSE1026P260.00	TUPRS_10/2026_AVRUPA_OPSIYON	D_EQ	SSO	D_EQ_EPP	DE_TUPRS_EPP	TUPRS.E	30/10/2026	0.01	0.01	0	0	0	0	0	0	0	0	0	0	0	0					
07/10/2026	O_TUPRSE1026P270.00	TUPRS_10/2026_AVRUPA_OPSIYON	D_EQ	SSO	D_EQ_EPP	DE_TUPRS_EPP	TUPRS.E	30/10/2026	0.01	0.01	0	0	0	0	0	0	0	0	0	0	0	0					
07/10/2026	O_TUPRSE1026P280.00	TUPRS_10/2026_AVRUPA_OPSIYON	D_EQ	SSO	D_EQ_EPP	DE_TUPRS_EPP	TUPRS.E	30/10/2026	0.01	0.02	-50	0	0	0	0	0	0	0	0	0	0	0					
07/10/2026	O_TUPRSE1026P290.00	TUPRS_10/2026_AVRUPA_OPSIYON	D_EQ	SSO	D_EQ_EPP	DE_TUPRS_EPP	TUPRS.E	30/10/2026	0.04	0.05	-20	0	0	0	0	0	0	0	0	0	0	0					
07/10/2026	O_TUPRSE1026P300.00	TUPRS_10/2026_AVRUPA_OPSIYON	D_EQ	SSO	D_EQ_EPP	DE_TUPRS_EPP	TUPRS.E	30/10/2026	0.1	0.12	-16.67	0	0	0	0	0	0	0	0	0	0	0					
07/10/2026	O_TUPRSE1026P310.00	TUPRS_10/2026_AVRUPA_OPSIYON	D_EQ	SSO	D_EQ_EPP	DE_TUPRS_EPP	TUPRS.E	30/10/2026	0.24	0.28	-14.29	0	0	0	0	0	0	0	0	0	0	0					
07/10/2026	O_TUPRSE1026P320.00	TUPRS_10/2026_AVRUPA_OPSIYON	D_EQ	SSO	D_EQ_EPP	DE_TUPRS_EPP	TUPRS.E	30/10/2026	0.52	0.59	-11.86	0	0	0	0	0	0	0	0	0	0	0					
07/10/2026	O_TUPRSE1026P330.00	TUPRS_10/2026_AVRUPA_OPSIYON	D_EQ	SSO	D_EQ_EPP	DE_TUPRS_EPP	TUPRS.E	30/10/2026	1.03	1.14	-9.65	0	0	0	0	0	0	0	0	0	55	0					
07/10/2026	O_TUPRSE1026P340.00	TUPRS_10/2026_AVRUPA_OPSIYON	D_EQ	SSO	D_EQ_EPP	DE_TUPRS_EPP	TUPRS.E	30/10/2026	1.91	2.08	-8.17	2.61	2.4	2.61	2.4	2.5	748000	5490	22	2	90	12					
07/10/2026	O_TUPRSE1026P350.00	TUPRS_10/2026_AVRUPA_OPSIYON	D_EQ	SSO	D_EQ_EPP	DE_TUPRS_EPP	TUPRS.E	30/10/2026	3.31	3.53	-6.23	4.7	4.2	4.7	4.2	4.31	4655000	57360	133	12	110	100					
07/10/2026	O_TUPRSE1026P360.00	TUPRS_10/2026_AVRUPA_OPSIYON	D_EQ	SSO	D_EQ_EPP	DE_TUPRS_EPP	TUPRS.E	30/10/2026	5.36	5.63	-4.8	0	0	0	0	0	0	0	0	0	40	0					
07/10/2026	O_TUPRSE1026P370.00	TUPRS_10/2026_AVRUPA_OPSIYON	D_EQ	SSO	D_EQ_EPP	DE_TUPRS_EPP	TUPRS.E	30/10/2026	8.21	8.54	-3.86	9.5	9.5	10	10	9.92	2220000	59500	60	6	160	50					
07/10/2026	O_TUPRSE1026P380.00	TUPRS_10/2026_AVRUPA_OPSIYON	D_EQ	SSO	D_EQ_EPP	DE_TUPRS_EPP	TUPRS.E	30/10/2026	11.98	12.34	-2.92	14.1	13.01	14.1	13.01	13.94	2660000	97610	70	3	387	32					
07/10/2026	O_TUPRSE1026P390.00	TUPRS_10/2026_AVRUPA_OPSIYON	D_EQ	SSO	D_EQ_EPP	DE_TUPRS_EPP	TUPRS.E	30/10/2026	16.69	17.07	-2.23	17.1	17	18.2	17	17.58	2847000	128360	73	8	152	73					
07/10/2026	O_TUPRSE1026P400.00	TUPRS_10/2026_AVRUPA_OPSIYON	D_EQ	SSO	D_EQ_EPP	DE_TUPRS_EPP	TUPRS.E	30/10/2026	22.34	22.72	-1.67	24.1	23.5	24.1	23.5	23.75	3440000	204270	86	10	85	20					
07/10/2026	O_TUPRSE1026P410.00	TUPRS_10/2026_AVRUPA_OPSIYON	D_EQ	SSO	D_EQ_EPP	DE_TUPRS_EPP	TUPRS.E	30/10/2026	28.87	29.23	-1.23	29.61	29.61	30.2	30.2	30.05	2173000	159270	53	6	263	43					
07/10/2026	O_TUPRSE1026P420.00	TUPRS_10/2026_AVRUPA_OPSIYON	D_EQ	SSO	D_EQ_EPP	DE_TUPRS_EPP	TUPRS.E	30/10/2026	36.17	36.49	-0.88	0	0	0	0	0	0	0	0	0	116	0					
07/10/2026	O_TUPRSE1026P430.00	TUPRS_10/2026_AVRUPA_OPSIYON	D_EQ	SSO	D_EQ_EPP	DE_TUPRS_EPP	TUPRS.E	30/10/2026	44.1	44.39	-0.65	0	0	0	0	0	0	0	0	0	84	0					
07/10/2026	O_TUPRSE1026P440.00	TUPRS_10/2026_AVRUPA_OPSIYON	D_EQ	SSO	D_EQ_EPP	DE_TUPRS_EPP	TUPRS.E	30/10/2026	52.55	52.78	-0.44	0	0	0	0	0	0	0	0	0	38	0					
07/10/2026	O_TUPRSE1126C390.00	TUPRS_11/2026_AVRUPA_OPSIYON	D_EQ	SSO	D_EQ_ECP	DE_TUPRS_ECP	TUPRS.E	30/11/2026	30.31	30.43	-0.39	0	0	0	0	0	0	0	0	0	1	0					
07/10/2026	O_TUPRSE1126C400.00	TUPRS_11/2026_AVRUPA_OPSIYON	D_EQ	SSO	D_EQ_ECP	DE_TUPRS_ECP	TUPRS.E	30/11/2026	25.5	25.64	-0.55	22.49	22.49	22.5	22.5	22.49	800000	44990	20	2	30	20					
07/10/2026	O_TUPRSE1126C410.00	TUPRS_11/2026_AVRUPA_OPSIYON	D_EQ	SSO	D_EQ_ECP	DE_TUPRS_ECP	TUPRS.E	30/11/2026	21.28	21.43	-0.7	0	0	0	0	0	0	0	0	0	10	0					
07/10/2026	O_TUPRSE1126C420.00	TUPRS_11/2026_AVRUPA_OPSIYON	D_EQ	SSO	D_EQ_ECP	DE_TUPRS_ECP	TUPRS.E	30/11/2026	17.62	17.78	-0.9	0	0	0	0	0	0	0	0	0	10	0					
07/10/2026	O_TUPRSE1126C430.00	TUPRS_11/2026_AVRUPA_OPSIYON	D_EQ	SSO	D_EQ_ECP	DE_TUPRS_ECP	TUPRS.E	30/11/2026	14.5	14.67	-1.16	0	0	0	0	0	0	0	0	0	20	0					
07/10/2026	O_TUPRSE1126C440.00	TUPRS_11/2026_AVRUPA_OPSIYON	D_EQ	SSO	D_EQ_ECP	DE_TUPRS_ECP	TUPRS.E	30/11/2026	11.84	12.01	-1.42	0	0	0	0	0	0	0	0	0	0	0					
07/10/2026	O_TUPRSE1126C450.00	TUPRS_11/2026_AVRUPA_OPSIYON	D_EQ	SSO	D_EQ_ECP	DE_TUPRS_ECP	TUPRS.E	30/11/2026	9.61	9.78	-1.74	0	0	0	0	0	0	0	0	0	20	0					
07/10/2026	O_TUPRSE1126C460.00	TUPRS_11/2026_AVRUPA_OPSIYON	D_EQ	SSO	D_EQ_ECP	DE_TUPRS_ECP	TUPRS.E	30/11/2026	7.74	7.91	-2.15	0	0	0	0	0	0	0	0	0	0	0					
07/10/2026	O_TUPRSE1126C470.00	TUPRS_11/2026_AVRUPA_OPSIYON	D_EQ	SSO	D_EQ_ECP	DE_TUPRS_ECP	TUPRS.E	30/11/2026	6.2	6.36	-2.52	0	0	0	0	0	0	0	0	0	0	0					
07/10/2026	O_TUPRSE1126C480.00	TUPRS_11/2026_AVRUPA_OPSIYON	D_EQ	SSO	D_EQ_ECP	DE_TUPRS_ECP	TUPRS.E	30/11/2026	4.94	5.09	-2.95	0	0	0	0	0	0	0	0	0	10	0					
07/10/2026	O_TUPRSE1126C490.00	TUPRS_11/2026_AVRUPA_OPSIYON	D_EQ	SSO	D_EQ_ECP	DE_TUPRS_ECP	TUPRS.E	30/11/2026	3.92	4.05	-3.21	0	0	0	0	0	0	0	0	0	10	0					
07/10/2026	O_TUPRSE1126C500.00	TUPRS_11/2026_AVRUPA_OPSIYON	D_EQ	SSO	D_EQ_ECP	DE_TUPRS_ECP	TUPRS.E	30/11/2026	3.09	3.21	-3.74	0	0	0	0	0	0	0	0	0	0	0					
07/10/2026	O_TUPRSE1126C520.00	TUPRS_11/2026_AVRUPA_OPSIYON	D_EQ	SSO	D_EQ_ECP	DE_TUPRS_ECP	TUPRS.E	30/11/2026	1.89	1.99	-5.03	0	0	0	0	0	0	0	0	0	28	0					
07/10/2026	O_TUPRSE1126P340.00	TUPRS_11/2026_AVRUPA_OPSIYON	D_EQ	SSO	D_EQ_EPP	DE_TUPRS_EPP	TUPRS.E	30/11/2026	4.67	4.82	-3.11	0	0	0	0	0	0	0	0	0	10	0					
07/10/2026	O_TUPRSE1126P350.00	TUPRS_11/2026_AVRUPA_OPSIYON	D_EQ	SSO	D_EQ_EPP	DE_TUPRS_EPP	TUPRS.E	30/11/2026	6.54	6.71	-2.53	0	0	0	0	0	0	0	0	0	10	0					
07/10/2026	O_TUPRSE1126P360.00	TUPRS_11/2026_AVRUPA_OPSIYON	D_EQ	SSO	D_EQ_EPP	DE_TUPRS_EPP	TUPRS.E	30/11/2026	8.88	9.07	-2.09	0	0	0	0	0	0	0	0	0	0	0					
07/10/2026	O_TUPRSE1126P370.00	TUPRS_11/2026_AVRUPA_OPSIYON	D_EQ	SSO	D_EQ_EPP	DE_TUPRS_EPP	TUPRS.E	30/11/2026	11.75	11.96	-1.76	0	0	0	0	0	0	0	0	0	0	0					
07/10/2026	O_TUPRSE1126P380.00	TUPRS_11/2026_AVRUPA_OPSIYON	D_EQ	SSO	D_EQ_EPP	DE_TUPRS_EPP	TUPRS.E	30/11/2026	15.19	15.42	-1.49	0	0	0	0	0	0	0	0	0	0	0					
07/10/2026	O_TUPRSE1126P390.00	TUPRS_11/2026_AVRUPA_OPSIYON	D_EQ	SSO	D_EQ_EPP	DE_TUPRS_EPP	TUPRS.E	30/11/2026	19.24	19.48	-1.23	0	0	0	0	0	0	0	0	0	1	0					
07/10/2026	O_TUPRSE1126P400.00	TUPRS_11/2026_AVRUPA_OPSIYON	D_EQ	SSO	D_EQ_EPP	DE_TUPRS_EPP	TUPRS.E	30/11/2026	23.88	24.13	-1.04	0	0	0	0	0	0	0	0	0	10	0					
07/10/2026	O_TUPRSE1126P410.00	TUPRS_11/2026_AVRUPA_OPSIYON	D_EQ	SSO	D_EQ_EPP	DE_TUPRS_EPP	TUPRS.E	30/11/2026	29.12	29.36	-0.82	0	0	0	0	0	0	0	0	0	18	0					
07/10/2026	O_TUPRSE1126P420.00	TUPRS_11/2026_AVRUPA_OPSIYON	D_EQ	SSO	D_EQ_EPP	DE_TUPRS_EPP	TUPRS.E	30/11/2026	34.91	35.16	-0.71	0	0	0	0	0	0	0	0	0	18	0					
07/10/2026	O_TUPRSE1126P430.00	TUPRS_11/2026_AVRUPA_OPSIYON	D_EQ	SSO	D_EQ_EPP	DE_TUPRS_EPP	TUPRS.E	30/11/2026	41.24	41.49	-0.6	43.1	43.1	43.1	43.1	43.1	1204000	120680	28	3	48	28					
07/10/2026	O_TUPRSE1126P440.00	TUPRS_11/2026_AVRUPA_OPSIYON	D_EQ	SSO	D_EQ_EPP	DE_TUPRS_EPP	TUPRS.E	30/11/2026	48.04	48.28	-0.5	50.2	50.2	50.2	50.2	50.2	1232000	140560	28	3	56	28					
07/10/2026	O_TUPRSE1126P450.00	TUPRS_11/2026_AVRUPA_OPSIYON	D_EQ	SSO	D_EQ_EPP	DE_TUPRS_EPP	TUPRS.E	30/11/2026	55.26	55.48	-0.4	0	0	0	0	0	0	0	0	0	28	0					
07/10/2026	O_TUPRSE1126P460.00	TUPRS_11/2026_AVRUPA_OPSIYON	D_EQ	SSO	D_EQ_EPP	DE_TUPRS_EPP	TUPRS.E	30/11/2026	62.85	63.06	-0.33	0	0	0	0	0	0	0	0	0	0	0					
07/10/2026	O_TUPRSE1226C400.00	TUPRS_12/2026_AVRUPA_OPSIYON	D_EQ	SSO	D_EQ_ECP	DE_TUPRS_ECP	TUPRS.E	31/12/2026	41.46	41.56	-0.24	0	0	0	0	0	0	0	0	0	0	0					
07/10/2026	O_TUPRSE1226C410.00	TUPRS_12/2026_AVRUPA_OPSIYON	D_EQ	SSO	D_EQ_ECP	DE_TUPRS_ECP	TUPRS.E	31/12/2026	36.58	36.7	-0.33	0	0	0	0	0	0	0	0	0	0	0					
07/10/2026	O_TUPRSE1226C420.00	TUPRS_12/2026_AVRUPA_OPSIYON	D_EQ	SSO	D_EQ_ECP	DE_TUPRS_ECP	TUPRS.E	31/12/2026	32.15	32.27	-0.37	0	0	0	0	0	0	0	0	0	0	0					
07/10/2026	O_TUPRSE1226C430.00	TUPRS_12/2026_AVRUPA_OPSIYON	D_EQ	SSO	D_EQ_ECP	DE_TUPRS_ECP	TUPRS.E	31/12/2026	28.15	28.28	-0.46	0	0	0	0	0	0	0	0	0	0	0					
07/10/2026	O_TUPRSE1226C440.00	TUPRS_12/2026_AVRUPA_OPSIYON	D_EQ	SSO	D_EQ_ECP	DE_TUPRS_ECP	TUPRS.E	31/12/2026	24.58	24.72	-0.57	0	0	0	0	0	0	0	0	0	0	0					
07/10/2026	O_TUPRSE1226C450.00	TUPRS_12/2026_AVRUPA_OPSIYON	D_EQ	SSO	D_EQ_ECP	DE_TUPRS_ECP	TUPRS.E	31/12/2026	21.38	21.54	-0.74	0	0	0	0	0	0	0	0	0	0	0					
07/10/2026	O_TUPRSE1226C460.00	TUPRS_12/2026_AVRUPA_OPSIYON	D_EQ	SSO	D_EQ_ECP	DE_TUPRS_ECP	TUPRS.E	31/12/2026	18.54	18.7	-0.86	0	0	0	0	0	0	0	0	0	0	0					
07/10/2026	O_TUPRSE1226C470.00	TUPRS_12/2026_AVRUPA_OPSIYON	D_EQ	SSO	D_EQ_ECP	DE_TUPRS_ECP	TUPRS.E	31/12/2026	16.02	16.19	-1.05	0	0	0	0	0	0	0	0	0	0	0					
07/10/2026	O_TUPRSE1226C480.00	TUPRS_12/2026_AVRUPA_OPSIYON	D_EQ	SSO	D_EQ_ECP	DE_TUPRS_ECP	TUPRS.E	31/12/2026	13.81	13.98	-1.22	0	0	0	0	0	0	0	0	0	0	0					
07/10/2026	O_TUPRSE1226P350.00	TUPRS_12/2026_AVRUPA_OPSIYON	D_EQ	SSO	D_EQ_EPP	DE_TUPRS_EPP	TUPRS.E	31/12/2026	6.98	7.09	-1.55	0	0	0	0	0	0	0	0	0	0	0					
07/10/2026	O_TUPRSE1226P360.00	TUPRS_12/2026_AVRUPA_OPSIYON	D_EQ	SSO	D_EQ_EPP	DE_TUPRS_EPP	TUPRS.E	31/12/2026	9	9.12	-1.32	0	0	0	0	0	0	0	0	0	0	0					
07/10/2026	O_TUPRSE1226P370.00	TUPRS_12/2026_AVRUPA_OPSIYON	D_EQ	SSO	D_EQ_EPP	DE_TUPRS_EPP	TUPRS.E	31/12/2026	11.39	11.52	-1.13	0	0	0	0	0	0	0	0	0	0	0					
07/10/2026	O_TUPRSE1226P380.00	TUPRS_12/2026_AVRUPA_OPSIYON	D_EQ	SSO	D_EQ_EPP	DE_TUPRS_EPP	TUPRS.E	31/12/2026	14.18	14.32	-0.98	0	0	0	0	0	0	0	0	0	0	0					
07/10/2026	O_TUPRSE1226P390.00	TUPRS_12/2026_AVRUPA_OPSIYON	D_EQ	SSO	D_EQ_EPP	DE_TUPRS_EPP	TUPRS.E	31/12/2026	17.41	17.54	-0.74	0	0	0	0	0	0	0	0	0	0	0					
07/10/2026	O_TUPRSE1226P400.00	TUPRS_12/2026_AVRUPA_OPSIYON	D_EQ	SSO	D_EQ_EPP	DE_TUPRS_EPP	TUPRS.E	31/12/2026	21.08	21.22	-0.66	0	0	0	0	0	0	0	0	0	0	0					
07/10/2026	O_TUPRSE1226P410.00	TUPRS_12/2026_AVRUPA_OPSIYON	D_EQ	SSO	D_EQ_EPP	DE_TUPRS_EPP	TUPRS.E	31/12/2026	25.19	25.33	-0.55	0	0	0	0	0	0	0	0	0	0	0					
07/10/2026	O_TUPRSE1226P420.00	TUPRS_12/2026_AVRUPA_OPSIYON	D_EQ	SSO	D_EQ_EPP	DE_TUPRS_EPP	TUPRS.E	31/12/2026	29.74	29.88	-0.47	0	0	0	0	0	0	0	0	0	0	0					
07/10/2026	O_TUPRSE1226P430.00	TUPRS_12/2026_AVRUPA_OPSIYON	D_EQ	SSO	D_EQ_EPP	DE_TUPRS_EPP	TUPRS.E	31/12/2026	34.72	34.87	-0.43	0	0	0	0	0	0	0	0	0	0	0					
07/10/2026	O_USDTRYKE1026C49000	USDTRY_10/2026_AVRUPA_OPSIYON	D_CR	CRO	D_CR_ECO	DE_USDTRYK_ECO	D_USDTRYK	30/10/2026	1010.5	1029.9	-1.88	0	0	0	0	0	0	0	0	0	0	0					
07/10/2026	O_USDTRYKE1026C49500	USDTRY_10/2026_AVRUPA_OPSIYON	D_CR	CRO	D_CR_ECO	DE_USDTRYK_ECO	D_USDTRYK	30/10/2026	600.1	619.3	-3.1	0	0	0	0	0	0	0	0	0	1171	0					
07/10/2026	O_USDTRYKE1026C51000	USDTRY_10/2026_AVRUPA_OPSIYON	D_CR	CRO	D_CR_ECO	DE_USDTRYK_ECO	D_USDTRYK	30/10/2026	136.9	149.2	-8.24	200.8	185	200.8	200	197.8	15351000	59526	301	10	74695	223					
07/10/2026	O_USDTRYKE1026C53000	USDTRY_10/2026_AVRUPA_OPSIYON	D_CR	CRO	D_CR_ECO	DE_USDTRYK_ECO	D_USDTRYK	30/10/2026	72.9	82.9	-12.06	100	100	124.9	124.9	108.3	159000	324.9	3	3	9218	1					
07/10/2026	O_USDTRYKE1026C54000	USDTRY_10/2026_AVRUPA_OPSIYON	D_CR	CRO	D_CR_ECO	DE_USDTRYK_ECO	D_USDTRYK	30/10/2026	60.4	70	-13.71	70	70	70	70	70	54000	70	1	1	26	0					
07/10/2026	O_USDTRYKE1026C55000	USDTRY_10/2026_AVRUPA_OPSIYON	D_CR	CRO	D_CR_ECO	DE_USDTRYK_ECO	D_USDTRYK	30/10/2026	54	63.5	-14.96	0	0	0	0	0	0	0	0	0	975	0					
07/10/2026	O_USDTRYKE1026C56000	USDTRY_10/2026_AVRUPA_OPSIYON	D_CR	CRO	D_CR_ECO	DE_USDTRYK_ECO	D_USDTRYK	30/10/2026	25	33.9	-26.25	0	0	0	0	0	0	0	0	0	50	0					
07/10/2026	O_USDTRYKE1026C57000	USDTRY_10/2026_AVRUPA_OPSIYON	D_CR	CRO	D_CR_ECO	DE_USDTRYK_ECO	D_USDTRYK	30/10/2026	10.5	15.2	-30.92	0	0	0	0	0	0	0	0	0	0	0					
07/10/2026	O_USDTRYKE1026C58000	USDTRY_10/2026_AVRUPA_OPSIYON	D_CR	CRO	D_CR_ECO	DE_USDTRYK_ECO	D_USDTRYK	30/10/2026	4.1	6.4	-35.94	0	0	0	0	0	0	0	0	0	20301	0					
07/10/2026	O_USDTRYKE1026C59000	USDTRY_10/2026_AVRUPA_OPSIYON	D_CR	CRO	D_CR_ECO	DE_USDTRYK_ECO	D_USDTRYK	30/10/2026	1.5	2.6	-42.31	0	0	0	0	0	0	0	0	0	10	0					
07/10/2026	O_USDTRYKE1026P46000	USDTRY_10/2026_AVRUPA_OPSIYON	D_CR	CRO	D_CR_EPO	DE_USDTRYK_EPO	D_USDTRYK	30/10/2026	0.1	0.1	0	0	0	0	0	0	0	0	0	0	0	0					
07/10/2026	O_USDTRYKE1026P46500	USDTRY_10/2026_AVRUPA_OPSIYON	D_CR	CRO	D_CR_EPO	DE_USDTRYK_EPO	D_USDTRYK	30/10/2026	0.1	0.1	0	0	0	0	0	0	0	0	0	0	0	0					
07/10/2026	O_USDTRYKE1026P47000	USDTRY_10/2026_AVRUPA_OPSIYON	D_CR	CRO	D_CR_EPO	DE_USDTRYK_EPO	D_USDTRYK	30/10/2026	0.1	0.1	0	0	0	0	0	0	0	0	0	0	0	0					
07/10/2026	O_USDTRYKE1026P47500	USDTRY_10/2026_AVRUPA_OPSIYON	D_CR	CRO	D_CR_EPO	DE_USDTRYK_EPO	D_USDTRYK	30/10/2026	0.1	0.1	0	0	0	0	0	0	0	0	0	0	0	0					
07/10/2026	O_USDTRYKE1026P48000	USDTRY_10/2026_AVRUPA_OPSIYON	D_CR	CRO	D_CR_EPO	DE_USDTRYK_EPO	D_USDTRYK	30/10/2026	0.8	0.9	-11.11	0	0	0	0	0	0	0	0	0	0	0					
07/10/2026	O_USDTRYKE1026P48500	USDTRY_10/2026_AVRUPA_OPSIYON	D_CR	CRO	D_CR_EPO	DE_USDTRYK_EPO	D_USDTRYK	30/10/2026	5.9	6.3	-6.35	0	0	0	0	0	0	0	0	0	0	0					
07/10/2026	O_USDTRYKE1026P49000	USDTRY_10/2026_AVRUPA_OPSIYON	D_CR	CRO	D_CR_EPO	DE_USDTRYK_EPO	D_USDTRYK	30/10/2026	30.9	31.7	-2.52	0	0	0	0	0	0	0	0	0	100	0					
07/10/2026	O_USDTRYKE1026P49500	USDTRY_10/2026_AVRUPA_OPSIYON	D_CR	CRO	D_CR_EPO	DE_USDTRYK_EPO	D_USDTRYK	30/10/2026	112.1	112.2	-0.09	0	0	0	0	0	0	0	0	0	4347	0					
07/10/2026	O_USDTRYKE1026P50000	USDTRY_10/2026_AVRUPA_OPSIYON	D_CR	CRO	D_CR_EPO	DE_USDTRYK_EPO	D_USDTRYK	30/10/2026	297.1	293.7	1.16	0	0	0	0	0	0	0	0	0	24747	0					
07/10/2026	O_USDTRYKE1026P51000	USDTRY_10/2026_AVRUPA_OPSIYON	D_CR	CRO	D_CR_EPO	DE_USDTRYK_EPO	D_USDTRYK	30/10/2026	1123.6	1115.8	0.7	1149.4	1125	1161.7	1161.7	1145	176205000	3956062.5	3455	27	74432	945					
07/10/2026	O_USDTRYKE1026P52000	USDTRY_10/2026_AVRUPA_OPSIYON	D_CR	CRO	D_CR_EPO	DE_USDTRYK_EPO	D_USDTRYK	30/10/2026	2068.8	2059	0.48	0	0	0	0	0	260000000	10300000	5000	1	5000	4647					
07/10/2026	O_USDTRYKE1026P53000	USDTRY_10/2026_AVRUPA_OPSIYON	D_CR	CRO	D_CR_EPO	DE_USDTRYK_EPO	D_USDTRYK	30/10/2026	3025.8	3014.3	0.38	0	0	0	0	0	0	0	0	0	1	0					
07/10/2026	O_USDTRYKE1126C49500	USDTRY_11/2026_AVRUPA_OPSIYON	D_CR	CRO	D_CR_ECO	DE_USDTRYK_ECO	D_USDTRYK	30/11/2026	1629.9	1648.1	-1.1	0	0	0	0	0	0	0	0	0	0	0					
07/10/2026	O_USDTRYKE1126C50000	USDTRY_11/2026_AVRUPA_OPSIYON	D_CR	CRO	D_CR_ECO	DE_USDTRYK_ECO	D_USDTRYK	30/11/2026	1206	1223.9	-1.46	0	0	0	0	0	0	0	0	0	300	0					
07/10/2026	O_USDTRYKE1126C51000	USDTRY_11/2026_AVRUPA_OPSIYON	D_CR	CRO	D_CR_ECO	DE_USDTRYK_ECO	D_USDTRYK	30/11/2026	551	551.5	-0.09	575.7	575.7	575.7	575.7	575.7	51000	575.7	1	1	48029	1					
07/10/2026	O_USDTRYKE1126C53000	USDTRY_11/2026_AVRUPA_OPSIYON	D_CR	CRO	D_CR_ECO	DE_USDTRYK_ECO	D_USDTRYK	30/11/2026	324	337.1	-3.89	0	0	0	0	0	0	0	0	0	13963	0					
07/10/2026	O_USDTRYKE1126C54000	USDTRY_11/2026_AVRUPA_OPSIYON	D_CR	CRO	D_CR_ECO	DE_USDTRYK_ECO	D_USDTRYK	30/11/2026	290.6	298.9	-2.78	363.6	363.6	363.6	363.6	363.6	54000	363.6	1	1	2137	1					
07/10/2026	O_USDTRYKE1126C56000	USDTRY_11/2026_AVRUPA_OPSIYON	D_CR	CRO	D_CR_ECO	DE_USDTRYK_ECO	D_USDTRYK	30/11/2026	210.7	220.7	-4.53	0	0	0	0	0	0	0	0	0	101	0					
07/10/2026	O_USDTRYKE1126C57000	USDTRY_11/2026_AVRUPA_OPSIYON	D_CR	CRO	D_CR_ECO	DE_USDTRYK_ECO	D_USDTRYK	30/11/2026	190.6	201.4	-5.36	0	0	0	0	0	0	0	0	0	55	0					
07/10/2026	O_USDTRYKE1126C58000	USDTRY_11/2026_AVRUPA_OPSIYON	D_CR	CRO	D_CR_ECO	DE_USDTRYK_ECO	D_USDTRYK	30/11/2026	177.4	188.9	-6.09	0	0	0	0	0	0	0	0	0	15	0					
07/10/2026	O_USDTRYKE1126C59000	USDTRY_11/2026_AVRUPA_OPSIYON	D_CR	CRO	D_CR_ECO	DE_USDTRYK_ECO	D_USDTRYK	30/11/2026	169	181.1	-6.68	0	0	0	0	0	0	0	0	0	200015	0					
07/10/2026	O_USDTRYKE1126C60000	USDTRY_11/2026_AVRUPA_OPSIYON	D_CR	CRO	D_CR_ECO	DE_USDTRYK_ECO	D_USDTRYK	30/11/2026	163.8	176.6	-7.25	0	0	0	0	0	0	0	0	0	15	0					
07/10/2026	O_USDTRYKE1126P46500	USDTRY_11/2026_AVRUPA_OPSIYON	D_CR	CRO	D_CR_EPO	DE_USDTRYK_EPO	D_USDTRYK	30/11/2026	0.1	0.1	0	0	0	0	0	0	0	0	0	0	0	0					
07/10/2026	O_USDTRYKE1126P47000	USDTRY_11/2026_AVRUPA_OPSIYON	D_CR	CRO	D_CR_EPO	DE_USDTRYK_EPO	D_USDTRYK	30/11/2026	0.1	0.1	0	0	0	0	0	0	0	0	0	0	0	0					
07/10/2026	O_USDTRYKE1126P47500	USDTRY_11/2026_AVRUPA_OPSIYON	D_CR	CRO	D_CR_EPO	DE_USDTRYK_EPO	D_USDTRYK	30/11/2026	0.2	0.2	0	0	0	0	0	0	0	0	0	0	0	0					
07/10/2026	O_USDTRYKE1126P48000	USDTRY_11/2026_AVRUPA_OPSIYON	D_CR	CRO	D_CR_EPO	DE_USDTRYK_EPO	D_USDTRYK	30/11/2026	1	1	0	0	0	0	0	0	0	0	0	0	0	0					
07/10/2026	O_USDTRYKE1126P48500	USDTRY_11/2026_AVRUPA_OPSIYON	D_CR	CRO	D_CR_EPO	DE_USDTRYK_EPO	D_USDTRYK	30/11/2026	3.9	4	-2.5	0	0	0	0	0	0	0	0	0	0	0					
07/10/2026	O_USDTRYKE1126P49000	USDTRY_11/2026_AVRUPA_OPSIYON	D_CR	CRO	D_CR_EPO	DE_USDTRYK_EPO	D_USDTRYK	30/11/2026	13.4	13.5	-0.74	0	0	0	0	0	0	0	0	0	0	0					
07/10/2026	O_USDTRYKE1126P49500	USDTRY_11/2026_AVRUPA_OPSIYON	D_CR	CRO	D_CR_EPO	DE_USDTRYK_EPO	D_USDTRYK	30/11/2026	38.6	38.6	0	0	0	0	0	0	0	0	0	0	0	0					
07/10/2026	O_USDTRYKE1126P50000	USDTRY_11/2026_AVRUPA_OPSIYON	D_CR	CRO	D_CR_EPO	DE_USDTRYK_EPO	D_USDTRYK	30/11/2026	95.1	94.5	0.63	0	0	0	0	0	0	0	0	0	10	0					
07/10/2026	O_USDTRYKE1126P51000	USDTRY_11/2026_AVRUPA_OPSIYON	D_CR	CRO	D_CR_EPO	DE_USDTRYK_EPO	D_USDTRYK	30/11/2026	400.9	382.2	4.89	340	340	340	340	340	15300000	102000	300	3	8775	300					
07/10/2026	O_USDTRYKE1126P52000	USDTRY_11/2026_AVRUPA_OPSIYON	D_CR	CRO	D_CR_EPO	DE_USDTRYK_EPO	D_USDTRYK	30/11/2026	1178.8	1172.9	0.5	1162	1153.5	1162	1158	1157.5	26000000	578740	500	5	7479	500					
07/10/2026	O_USDTRYKE1126P53000	USDTRY_11/2026_AVRUPA_OPSIYON	D_CR	CRO	D_CR_EPO	DE_USDTRYK_EPO	D_USDTRYK	30/11/2026	2095.6	2088.1	0.36	0	0	0	0	0	0	0	0	0	2	0					
07/10/2026	O_USDTRYKE1126P54000	USDTRY_11/2026_AVRUPA_OPSIYON	D_CR	CRO	D_CR_EPO	DE_USDTRYK_EPO	D_USDTRYK	30/11/2026	3023	3010	0.43	0	0	0	0	0	0	0	0	0	0	0					
07/10/2026	O_USDTRYKE1226C51000	USDTRY_12/2026_AVRUPA_OPSIYON	D_CR	CRO	D_CR_ECO	DE_USDTRYK_ECO	D_USDTRYK	31/12/2026	1594.1	1612.4	-1.13	0	0	0	0	0	0	0	0	0	0	0					
07/10/2026	O_USDTRYKE1226C52000	USDTRY_12/2026_AVRUPA_OPSIYON	D_CR	CRO	D_CR_ECO	DE_USDTRYK_ECO	D_USDTRYK	31/12/2026	1009.3	1014.4	-0.5	850	850	875	875	859.8	85956000	1421300	1653	6	22302	1000					
07/10/2026	O_USDTRYKE1226C56000	USDTRY_12/2026_AVRUPA_OPSIYON	D_CR	CRO	D_CR_ECO	DE_USDTRYK_ECO	D_USDTRYK	31/12/2026	501.8	509.3	-1.47	0	0	0	0	0	0	0	0	0	4500	0					
07/10/2026	O_USDTRYKE1226C57000	USDTRY_12/2026_AVRUPA_OPSIYON	D_CR	CRO	D_CR_ECO	DE_USDTRYK_ECO	D_USDTRYK	31/12/2026	429.1	429.2	-0.02	0	0	0	0	0	0	0	0	0	25	0					
07/10/2026	O_USDTRYKE1226C58000	USDTRY_12/2026_AVRUPA_OPSIYON	D_CR	CRO	D_CR_ECO	DE_USDTRYK_ECO	D_USDTRYK	31/12/2026	377.6	379.6	-0.53	0	0	0	0	0	0	0	0	0	1000	0					
07/10/2026	O_USDTRYKE1226C59000	USDTRY_12/2026_AVRUPA_OPSIYON	D_CR	CRO	D_CR_ECO	DE_USDTRYK_ECO	D_USDTRYK	31/12/2026	340	343.5	-1.02	0	0	0	0	0	0	0	0	0	0	0					
07/10/2026	O_USDTRYKE1226C60000	USDTRY_12/2026_AVRUPA_OPSIYON	D_CR	CRO	D_CR_ECO	DE_USDTRYK_ECO	D_USDTRYK	31/12/2026	312.2	317	-1.51	0	0	0	0	0	0	0	0	0	0	0					
07/10/2026	O_USDTRYKE1226C61000	USDTRY_12/2026_AVRUPA_OPSIYON	D_CR	CRO	D_CR_ECO	DE_USDTRYK_ECO	D_USDTRYK	31/12/2026	291.5	297.5	-2.02	0	0	0	0	0	0	0	0	0	0	0					
07/10/2026	O_USDTRYKE1226P47500	USDTRY_12/2026_AVRUPA_OPSIYON	D_CR	CRO	D_CR_EPO	DE_USDTRYK_EPO	D_USDTRYK	31/12/2026	0.1	0.1	0	0	0	0	0	0	0	0	0	0	0	0					
07/10/2026	O_USDTRYKE1226P48000	USDTRY_12/2026_AVRUPA_OPSIYON	D_CR	CRO	D_CR_EPO	DE_USDTRYK_EPO	D_USDTRYK	31/12/2026	0.3	0.3	0	0	0	0	0	0	0	0	0	0	0	0					
07/10/2026	O_USDTRYKE1226P48500	USDTRY_12/2026_AVRUPA_OPSIYON	D_CR	CRO	D_CR_EPO	DE_USDTRYK_EPO	D_USDTRYK	31/12/2026	1.1	1.1	0	0	0	0	0	0	0	0	0	0	0	0					
07/10/2026	O_USDTRYKE1226P49000	USDTRY_12/2026_AVRUPA_OPSIYON	D_CR	CRO	D_CR_EPO	DE_USDTRYK_EPO	D_USDTRYK	31/12/2026	3.3	3.3	0	0	0	0	0	0	0	0	0	0	0	0					
07/10/2026	O_USDTRYKE1226P49500	USDTRY_12/2026_AVRUPA_OPSIYON	D_CR	CRO	D_CR_EPO	DE_USDTRYK_EPO	D_USDTRYK	31/12/2026	9.2	9.2	0	0	0	0	0	0	0	0	0	0	0	0					
07/10/2026	O_USDTRYKE1226P50000	USDTRY_12/2026_AVRUPA_OPSIYON	D_CR	CRO	D_CR_EPO	DE_USDTRYK_EPO	D_USDTRYK	31/12/2026	22.9	22.7	0.88	0	0	0	0	0	0	0	0	0	0	0					
07/10/2026	O_USDTRYKE1226P51000	USDTRY_12/2026_AVRUPA_OPSIYON	D_CR	CRO	D_CR_EPO	DE_USDTRYK_EPO	D_USDTRYK	31/12/2026	110.6	108	2.41	0	0	0	0	0	0	0	0	0	0	0					
07/10/2026	O_USDTRYKE1226P52000	USDTRY_12/2026_AVRUPA_OPSIYON	D_CR	CRO	D_CR_EPO	DE_USDTRYK_EPO	D_USDTRYK	31/12/2026	460.5	444	3.72	410.9	409.7	435.9	435.1	419.9	43160000	348494.6	830	34	3200	830					
07/10/2026	O_USDTRYKE1226P53000	USDTRY_12/2026_AVRUPA_OPSIYON	D_CR	CRO	D_CR_EPO	DE_USDTRYK_EPO	D_USDTRYK	31/12/2026	1135.7	1127	0.77	1097.9	1093.3	1219.9	1219.9	1157.8	288850000	6309788.8	5450	56	11483	5428					
07/10/2026	O_USDTRYKE1226P54000	USDTRY_12/2026_AVRUPA_OPSIYON	D_CR	CRO	D_CR_EPO	DE_USDTRYK_EPO	D_USDTRYK	31/12/2026	1916.1	1902.1	0.74	1902.1	1880	1902.1	1880	1891.1	108000	3782.1	2	2	3	2					
07/10/2026	O_USDTRYKE1226P55000	USDTRY_12/2026_AVRUPA_OPSIYON	D_CR	CRO	D_CR_EPO	DE_USDTRYK_EPO	D_USDTRYK	31/12/2026	2788.2	2772.5	0.57	0	0	0	0	0	0	0	0	0	0	0					
07/10/2026	O_VAKBNE1026C30.00	VAKBN_10/2026_AVRUPA_OPSIYON	D_EQ	SSO	D_EQ_ECP	DE_VAKBN_ECP	VAKBN.E	30/10/2026	4.58	4.65	-1.51	0	0	0	0	0	0	0	0	0	0	0					
07/10/2026	O_VAKBNE1026C31.00	VAKBN_10/2026_AVRUPA_OPSIYON	D_EQ	SSO	D_EQ_ECP	DE_VAKBN_ECP	VAKBN.E	30/10/2026	3.75	3.83	-2.09	0	0	0	0	0	0	0	0	0	0	0					
07/10/2026	O_VAKBNE1026C32.00	VAKBN_10/2026_AVRUPA_OPSIYON	D_EQ	SSO	D_EQ_ECP	DE_VAKBN_ECP	VAKBN.E	30/10/2026	2.99	3.07	-2.61	0	0	0	0	0	0	0	0	0	25	0					
07/10/2026	O_VAKBNE1026C33.00	VAKBN_10/2026_AVRUPA_OPSIYON	D_EQ	SSO	D_EQ_ECP	DE_VAKBN_ECP	VAKBN.E	30/10/2026	2.33	2.41	-3.32	0	0	0	0	0	0	0	0	0	450	0					
07/10/2026	O_VAKBNE1026C34.00	VAKBN_10/2026_AVRUPA_OPSIYON	D_EQ	SSO	D_EQ_ECP	DE_VAKBN_ECP	VAKBN.E	30/10/2026	1.76	1.83	-3.83	0	0	0	0	0	0	0	0	0	950	0					
07/10/2026	O_VAKBNE1026C35.00	VAKBN_10/2026_AVRUPA_OPSIYON	D_EQ	SSO	D_EQ_ECP	DE_VAKBN_ECP	VAKBN.E	30/10/2026	1.29	1.36	-5.15	0	0	0	0	0	0	0	0	0	0	0					
07/10/2026	O_VAKBNE1026C36.00	VAKBN_10/2026_AVRUPA_OPSIYON	D_EQ	SSO	D_EQ_ECP	DE_VAKBN_ECP	VAKBN.E	30/10/2026	0.93	0.99	-6.06	0	0	0	0	0	0	0	0	0	6600	0					
07/10/2026	O_VAKBNE1026C37.00	VAKBN_10/2026_AVRUPA_OPSIYON	D_EQ	SSO	D_EQ_ECP	DE_VAKBN_ECP	VAKBN.E	30/10/2026	0.64	0.69	-7.25	0	0	0	0	0	0	0	0	0	3	0					
07/10/2026	O_VAKBNE1026C38.00	VAKBN_10/2026_AVRUPA_OPSIYON	D_EQ	SSO	D_EQ_ECP	DE_VAKBN_ECP	VAKBN.E	30/10/2026	0.44	0.48	-8.33	0	0	0	0	0	0	0	0	0	0	0					
07/10/2026	O_VAKBNE1026C39.00	VAKBN_10/2026_AVRUPA_OPSIYON	D_EQ	SSO	D_EQ_ECP	DE_VAKBN_ECP	VAKBN.E	30/10/2026	0.29	0.32	-9.38	0	0	0	0	0	0	0	0	0	0	0					
07/10/2026	O_VAKBNE1026C40.00	VAKBN_10/2026_AVRUPA_OPSIYON	D_EQ	SSO	D_EQ_ECP	DE_VAKBN_ECP	VAKBN.E	30/10/2026	0.18	0.21	-14.29	0	0	0	0	0	0	0	0	0	437	0					
07/10/2026	O_VAKBNE1026C41.00	VAKBN_10/2026_AVRUPA_OPSIYON	D_EQ	SSO	D_EQ_ECP	DE_VAKBN_ECP	VAKBN.E	30/10/2026	0.12	0.13	-7.69	0	0	0	0	0	0	0	0	0	50	0					
07/10/2026	O_VAKBNE1026C42.00	VAKBN_10/2026_AVRUPA_OPSIYON	D_EQ	SSO	D_EQ_ECP	DE_VAKBN_ECP	VAKBN.E	30/10/2026	0.07	0.08	-12.5	0	0	0	0	0	0	0	0	0	25	0					
07/10/2026	O_VAKBNE1026C43.00	VAKBN_10/2026_AVRUPA_OPSIYON	D_EQ	SSO	D_EQ_ECP	DE_VAKBN_ECP	VAKBN.E	30/10/2026	0.04	0.05	-20	0	0	0	0	0	0	0	0	0	0	0					
07/10/2026	O_VAKBNE1026C44.00	VAKBN_10/2026_AVRUPA_OPSIYON	D_EQ	SSO	D_EQ_ECP	DE_VAKBN_ECP	VAKBN.E	30/10/2026	0.02	0.03	-33.33	0	0	0	0	0	0	0	0	0	0	0					
07/10/2026	O_VAKBNE1026C45.00	VAKBN_10/2026_AVRUPA_OPSIYON	D_EQ	SSO	D_EQ_ECP	DE_VAKBN_ECP	VAKBN.E	30/10/2026	0.01	0.02	-50	0	0	0	0	0	0	0	0	0	0	0					
07/10/2026	O_VAKBNE1026C46.00	VAKBN_10/2026_AVRUPA_OPSIYON	D_EQ	SSO	D_EQ_ECP	DE_VAKBN_ECP	VAKBN.E	30/10/2026	0.01	0.01	0	0	0	0	0	0	0	0	0	0	0	0					
07/10/2026	O_VAKBNE1026P25.00	VAKBN_10/2026_AVRUPA_OPSIYON	D_EQ	SSO	D_EQ_EPP	DE_VAKBN_EPP	VAKBN.E	30/10/2026	0.01	0.01	0	0	0	0	0	0	0	0	0	0	0	0					
07/10/2026	O_VAKBNE1026P26.00	VAKBN_10/2026_AVRUPA_OPSIYON	D_EQ	SSO	D_EQ_EPP	DE_VAKBN_EPP	VAKBN.E	30/10/2026	0.01	0.01	0	0	0	0	0	0	0	0	0	0	50	0					
07/10/2026	O_VAKBNE1026P27.00	VAKBN_10/2026_AVRUPA_OPSIYON	D_EQ	SSO	D_EQ_EPP	DE_VAKBN_EPP	VAKBN.E	30/10/2026	0.02	0.02	0	0	0	0	0	0	0	0	0	0	50	0					
07/10/2026	O_VAKBNE1026P28.00	VAKBN_10/2026_AVRUPA_OPSIYON	D_EQ	SSO	D_EQ_EPP	DE_VAKBN_EPP	VAKBN.E	30/10/2026	0.04	0.05	-20	0	0	0	0	0	0	0	0	0	439	0					
07/10/2026	O_VAKBNE1026P29.00	VAKBN_10/2026_AVRUPA_OPSIYON	D_EQ	SSO	D_EQ_EPP	DE_VAKBN_EPP	VAKBN.E	30/10/2026	0.09	0.1	-10	0	0	0	0	0	0	0	0	0	0	0					
07/10/2026	O_VAKBNE1026P30.00	VAKBN_10/2026_AVRUPA_OPSIYON	D_EQ	SSO	D_EQ_EPP	DE_VAKBN_EPP	VAKBN.E	30/10/2026	0.19	0.19	0	0	0	0	0	0	0	0	0	0	2172	0					
07/10/2026	O_VAKBNE1026P31.00	VAKBN_10/2026_AVRUPA_OPSIYON	D_EQ	SSO	D_EQ_EPP	DE_VAKBN_EPP	VAKBN.E	30/10/2026	0.33	0.34	-2.94	0.48	0.46	0.48	0.46	0.47	4169500	62560	1345	4	2281	1345					
07/10/2026	O_VAKBNE1026P32.00	VAKBN_10/2026_AVRUPA_OPSIYON	D_EQ	SSO	D_EQ_EPP	DE_VAKBN_EPP	VAKBN.E	30/10/2026	0.56	0.56	0	0.76	0.66	0.76	0.66	0.76	1129600	26798	353	2	6989	350					
07/10/2026	O_VAKBNE1026P33.00	VAKBN_10/2026_AVRUPA_OPSIYON	D_EQ	SSO	D_EQ_EPP	DE_VAKBN_EPP	VAKBN.E	30/10/2026	0.87	0.87	0	0	0	0	0	0	0	0	0	0	5632	0					
07/10/2026	O_VAKBNE1026P34.00	VAKBN_10/2026_AVRUPA_OPSIYON	D_EQ	SSO	D_EQ_EPP	DE_VAKBN_EPP	VAKBN.E	30/10/2026	1.28	1.28	0	0	0	0	0	0	0	0	0	0	25	0					
07/10/2026	O_VAKBNE1026P35.00	VAKBN_10/2026_AVRUPA_OPSIYON	D_EQ	SSO	D_EQ_EPP	DE_VAKBN_EPP	VAKBN.E	30/10/2026	1.79	1.78	0.56	0	0	0	0	0	0	0	0	0	0	0					
07/10/2026	O_VAKBNE1026P36.00	VAKBN_10/2026_AVRUPA_OPSIYON	D_EQ	SSO	D_EQ_EPP	DE_VAKBN_EPP	VAKBN.E	30/10/2026	2.39	2.38	0.42	0	0	0	0	0	0	0	0	0	20	0					
07/10/2026	O_VAKBNE1026P37.00	VAKBN_10/2026_AVRUPA_OPSIYON	D_EQ	SSO	D_EQ_EPP	DE_VAKBN_EPP	VAKBN.E	30/10/2026	3.09	3.06	0.98	0	0	0	0	0	0	0	0	0	75	0					
07/10/2026	O_VAKBNE1026P38.00	VAKBN_10/2026_AVRUPA_OPSIYON	D_EQ	SSO	D_EQ_EPP	DE_VAKBN_EPP	VAKBN.E	30/10/2026	3.86	3.82	1.05	0	0	0	0	0	0	0	0	0	50	0					
07/10/2026	O_VAKBNE1026P39.00	VAKBN_10/2026_AVRUPA_OPSIYON	D_EQ	SSO	D_EQ_EPP	DE_VAKBN_EPP	VAKBN.E	30/10/2026	4.68	4.64	0.86	0	0	0	0	0	0	0	0	0	8100	0					
07/10/2026	O_VAKBNE1026P40.00	VAKBN_10/2026_AVRUPA_OPSIYON	D_EQ	SSO	D_EQ_EPP	DE_VAKBN_EPP	VAKBN.E	30/10/2026	5.56	5.5	1.09	0	0	0	0	0	0	0	0	0	0	0					
07/10/2026	O_VAKBNE1026P41.00	VAKBN_10/2026_AVRUPA_OPSIYON	D_EQ	SSO	D_EQ_EPP	DE_VAKBN_EPP	VAKBN.E	30/10/2026	6.47	6.4	1.09	0	0	0	0	0	0	0	0	0	0	0					
07/10/2026	O_VAKBNE1126C32.00	VAKBN_11/2026_AVRUPA_OPSIYON	D_EQ	SSO	D_EQ_ECP	DE_VAKBN_ECP	VAKBN.E	30/11/2026	4.33	4.4	-1.59	0	0	0	0	0	0	0	0	0	0	0					
07/10/2026	O_VAKBNE1126C33.00	VAKBN_11/2026_AVRUPA_OPSIYON	D_EQ	SSO	D_EQ_ECP	DE_VAKBN_ECP	VAKBN.E	30/11/2026	3.69	3.76	-1.86	0	0	0	0	0	0	0	0	0	0	0					
07/10/2026	O_VAKBNE1126C34.00	VAKBN_11/2026_AVRUPA_OPSIYON	D_EQ	SSO	D_EQ_ECP	DE_VAKBN_ECP	VAKBN.E	30/11/2026	3.12	3.19	-2.19	0	0	0	0	0	0	0	0	0	0	0					
07/10/2026	O_VAKBNE1126C35.00	VAKBN_11/2026_AVRUPA_OPSIYON	D_EQ	SSO	D_EQ_ECP	DE_VAKBN_ECP	VAKBN.E	30/11/2026	2.61	2.67	-2.25	0	0	0	0	0	0	0	0	0	0	0					
07/10/2026	O_VAKBNE1126C36.00	VAKBN_11/2026_AVRUPA_OPSIYON	D_EQ	SSO	D_EQ_ECP	DE_VAKBN_ECP	VAKBN.E	30/11/2026	2.16	2.22	-2.7	0	0	0	0	0	0	0	0	0	0	0					
07/10/2026	O_VAKBNE1126C37.00	VAKBN_11/2026_AVRUPA_OPSIYON	D_EQ	SSO	D_EQ_ECP	DE_VAKBN_ECP	VAKBN.E	30/11/2026	1.78	1.83	-2.73	0	0	0	0	0	0	0	0	0	0	0					
07/10/2026	O_VAKBNE1126C38.00	VAKBN_11/2026_AVRUPA_OPSIYON	D_EQ	SSO	D_EQ_ECP	DE_VAKBN_ECP	VAKBN.E	30/11/2026	1.44	1.5	-4	0	0	0	0	0	0	0	0	0	0	0					
07/10/2026	O_VAKBNE1126C39.00	VAKBN_11/2026_AVRUPA_OPSIYON	D_EQ	SSO	D_EQ_ECP	DE_VAKBN_ECP	VAKBN.E	30/11/2026	1.17	1.21	-3.31	0	0	0	0	0	0	0	0	0	0	0					
07/10/2026	O_VAKBNE1126C40.00	VAKBN_11/2026_AVRUPA_OPSIYON	D_EQ	SSO	D_EQ_ECP	DE_VAKBN_ECP	VAKBN.E	30/11/2026	0.93	0.97	-4.12	0	0	0	0	0	0	0	0	0	0	0					
07/10/2026	O_VAKBNE1126C41.00	VAKBN_11/2026_AVRUPA_OPSIYON	D_EQ	SSO	D_EQ_ECP	DE_VAKBN_ECP	VAKBN.E	30/11/2026	0.74	0.78	-5.13	0	0	0	0	0	0	0	0	0	0	0					
07/10/2026	O_VAKBNE1126C42.00	VAKBN_11/2026_AVRUPA_OPSIYON	D_EQ	SSO	D_EQ_ECP	DE_VAKBN_ECP	VAKBN.E	30/11/2026	0.58	0.62	-6.45	0	0	0	0	0	0	0	0	0	0	0					
07/10/2026	O_VAKBNE1126C43.00	VAKBN_11/2026_AVRUPA_OPSIYON	D_EQ	SSO	D_EQ_ECP	DE_VAKBN_ECP	VAKBN.E	30/11/2026	0.46	0.48	-4.17	0	0	0	0	0	0	0	0	0	0	0					
07/10/2026	O_VAKBNE1126C44.00	VAKBN_11/2026_AVRUPA_OPSIYON	D_EQ	SSO	D_EQ_ECP	DE_VAKBN_ECP	VAKBN.E	30/11/2026	0.35	0.38	-7.89	0	0	0	0	0	0	0	0	0	0	0					
07/10/2026	O_VAKBNE1126C45.00	VAKBN_11/2026_AVRUPA_OPSIYON	D_EQ	SSO	D_EQ_ECP	DE_VAKBN_ECP	VAKBN.E	30/11/2026	0.27	0.29	-6.9	0	0	0	0	0	0	0	0	0	0	0					
07/10/2026	O_VAKBNE1126C46.00	VAKBN_11/2026_AVRUPA_OPSIYON	D_EQ	SSO	D_EQ_ECP	DE_VAKBN_ECP	VAKBN.E	30/11/2026	0.21	0.23	-8.7	0	0	0	0	0	0	0	0	0	0	0					
07/10/2026	O_VAKBNE1126C47.00	VAKBN_11/2026_AVRUPA_OPSIYON	D_EQ	SSO	D_EQ_ECP	DE_VAKBN_ECP	VAKBN.E	30/11/2026	0.16	0.17	-5.88	0	0	0	0	0	0	0	0	0	0	0					
07/10/2026	O_VAKBNE1126P27.00	VAKBN_11/2026_AVRUPA_OPSIYON	D_EQ	SSO	D_EQ_EPP	DE_VAKBN_EPP	VAKBN.E	30/11/2026	0.12	0.12	0	0	0	0	0	0	0	0	0	0	0	0					
07/10/2026	O_VAKBNE1126P28.00	VAKBN_11/2026_AVRUPA_OPSIYON	D_EQ	SSO	D_EQ_EPP	DE_VAKBN_EPP	VAKBN.E	30/11/2026	0.2	0.2	0	0	0	0	0	0	0	0	0	0	0	0					
07/10/2026	O_VAKBNE1126P29.00	VAKBN_11/2026_AVRUPA_OPSIYON	D_EQ	SSO	D_EQ_EPP	DE_VAKBN_EPP	VAKBN.E	30/11/2026	0.3	0.31	-3.23	0	0	0	0	0	0	0	0	0	0	0					
07/10/2026	O_VAKBNE1126P30.00	VAKBN_11/2026_AVRUPA_OPSIYON	D_EQ	SSO	D_EQ_EPP	DE_VAKBN_EPP	VAKBN.E	30/11/2026	0.45	0.46	-2.17	0	0	0	0	0	0	0	0	0	0	0					
07/10/2026	O_VAKBNE1126P31.00	VAKBN_11/2026_AVRUPA_OPSIYON	D_EQ	SSO	D_EQ_EPP	DE_VAKBN_EPP	VAKBN.E	30/11/2026	0.65	0.65	0	0.88	0.73	0.89	0.73	0.81	3571200	93024	1152	3	864	576					
07/10/2026	O_VAKBNE1126P32.00	VAKBN_11/2026_AVRUPA_OPSIYON	D_EQ	SSO	D_EQ_EPP	DE_VAKBN_EPP	VAKBN.E	30/11/2026	0.9	0.9	0	0	0	0	0	0	0	0	0	0	0	0					
07/10/2026	O_VAKBNE1126P33.00	VAKBN_11/2026_AVRUPA_OPSIYON	D_EQ	SSO	D_EQ_EPP	DE_VAKBN_EPP	VAKBN.E	30/11/2026	1.21	1.21	0	0	0	0	0	0	0	0	0	0	0	0					
07/10/2026	O_VAKBNE1126P34.00	VAKBN_11/2026_AVRUPA_OPSIYON	D_EQ	SSO	D_EQ_EPP	DE_VAKBN_EPP	VAKBN.E	30/11/2026	1.58	1.58	0	0	0	0	0	0	0	0	0	0	0	0					
07/10/2026	O_VAKBNE1126P35.00	VAKBN_11/2026_AVRUPA_OPSIYON	D_EQ	SSO	D_EQ_EPP	DE_VAKBN_EPP	VAKBN.E	30/11/2026	2.02	2.01	0.5	0	0	0	0	0	0	0	0	0	0	0					
07/10/2026	O_VAKBNE1126P36.00	VAKBN_11/2026_AVRUPA_OPSIYON	D_EQ	SSO	D_EQ_EPP	DE_VAKBN_EPP	VAKBN.E	30/11/2026	2.51	2.5	0.4	0	0	0	0	0	0	0	0	0	0	0					
07/10/2026	O_VAKBNE1126P37.00	VAKBN_11/2026_AVRUPA_OPSIYON	D_EQ	SSO	D_EQ_EPP	DE_VAKBN_EPP	VAKBN.E	30/11/2026	3.07	3.05	0.66	0	0	0	0	0	0	0	0	0	0	0					
07/10/2026	O_VAKBNE1126P38.00	VAKBN_11/2026_AVRUPA_OPSIYON	D_EQ	SSO	D_EQ_EPP	DE_VAKBN_EPP	VAKBN.E	30/11/2026	3.69	3.66	0.82	0	0	0	0	0	0	0	0	0	0	0					
07/10/2026	O_VAKBNE1126P39.00	VAKBN_11/2026_AVRUPA_OPSIYON	D_EQ	SSO	D_EQ_EPP	DE_VAKBN_EPP	VAKBN.E	30/11/2026	4.35	4.32	0.69	0	0	0	0	0	0	0	0	0	0	0					
07/10/2026	O_VAKBNE1126P40.00	VAKBN_11/2026_AVRUPA_OPSIYON	D_EQ	SSO	D_EQ_EPP	DE_VAKBN_EPP	VAKBN.E	30/11/2026	5.07	5.03	0.8	0	0	0	0	0	0	0	0	0	5200	0					
07/10/2026	O_VAKBNE1126P41.00	VAKBN_11/2026_AVRUPA_OPSIYON	D_EQ	SSO	D_EQ_EPP	DE_VAKBN_EPP	VAKBN.E	30/11/2026	5.82	5.78	0.69	0	0	0	0	0	0	0	0	0	0	0					
07/10/2026	O_VAKBNE1126P42.00	VAKBN_11/2026_AVRUPA_OPSIYON	D_EQ	SSO	D_EQ_EPP	DE_VAKBN_EPP	VAKBN.E	30/11/2026	6.61	6.56	0.76	0	0	0	0	0	0	0	0	0	0	0					
07/10/2026	O_VAKBNE1226C34.00	VAKBN_12/2026_AVRUPA_OPSIYON	D_EQ	SSO	D_EQ_ECP	DE_VAKBN_ECP	VAKBN.E	31/12/2026	4.62	4.69	-1.49	0	0	0	0	0	0	0	0	0	0	0					
07/10/2026	O_VAKBNE1226C35.00	VAKBN_12/2026_AVRUPA_OPSIYON	D_EQ	SSO	D_EQ_ECP	DE_VAKBN_ECP	VAKBN.E	31/12/2026	4.07	4.14	-1.69	0	0	0	0	0	0	0	0	0	0	0					
07/10/2026	O_VAKBNE1226C36.00	VAKBN_12/2026_AVRUPA_OPSIYON	D_EQ	SSO	D_EQ_ECP	DE_VAKBN_ECP	VAKBN.E	31/12/2026	3.57	3.64	-1.92	0	0	0	0	0	0	0	0	0	0	0					
07/10/2026	O_VAKBNE1226C37.00	VAKBN_12/2026_AVRUPA_OPSIYON	D_EQ	SSO	D_EQ_ECP	DE_VAKBN_ECP	VAKBN.E	31/12/2026	3.12	3.18	-1.89	0	0	0	0	0	0	0	0	0	0	0					
07/10/2026	O_VAKBNE1226C38.00	VAKBN_12/2026_AVRUPA_OPSIYON	D_EQ	SSO	D_EQ_ECP	DE_VAKBN_ECP	VAKBN.E	31/12/2026	2.71	2.77	-2.17	0	0	0	0	0	0	0	0	0	0	0					
07/10/2026	O_VAKBNE1226C39.00	VAKBN_12/2026_AVRUPA_OPSIYON	D_EQ	SSO	D_EQ_ECP	DE_VAKBN_ECP	VAKBN.E	31/12/2026	2.34	2.4	-2.5	0	0	0	0	0	0	0	0	0	0	0					
07/10/2026	O_VAKBNE1226C40.00	VAKBN_12/2026_AVRUPA_OPSIYON	D_EQ	SSO	D_EQ_ECP	DE_VAKBN_ECP	VAKBN.E	31/12/2026	2.02	2.07	-2.42	0	0	0	0	0	0	0	0	0	0	0					
07/10/2026	O_VAKBNE1226C41.00	VAKBN_12/2026_AVRUPA_OPSIYON	D_EQ	SSO	D_EQ_ECP	DE_VAKBN_ECP	VAKBN.E	31/12/2026	1.73	1.78	-2.81	0	0	0	0	0	0	0	0	0	0	0					
07/10/2026	O_VAKBNE1226C42.00	VAKBN_12/2026_AVRUPA_OPSIYON	D_EQ	SSO	D_EQ_ECP	DE_VAKBN_ECP	VAKBN.E	31/12/2026	1.48	1.53	-3.27	0	0	0	0	0	0	0	0	0	0	0					
07/10/2026	O_VAKBNE1226C43.00	VAKBN_12/2026_AVRUPA_OPSIYON	D_EQ	SSO	D_EQ_ECP	DE_VAKBN_ECP	VAKBN.E	31/12/2026	1.26	1.3	-3.08	0	0	0	0	0	0	0	0	0	0	0					
07/10/2026	O_VAKBNE1226P29.00	VAKBN_12/2026_AVRUPA_OPSIYON	D_EQ	SSO	D_EQ_EPP	DE_VAKBN_EPP	VAKBN.E	31/12/2026	0.38	0.38	0	0	0	0	0	0	0	0	0	0	0	0					
07/10/2026	O_VAKBNE1226P30.00	VAKBN_12/2026_AVRUPA_OPSIYON	D_EQ	SSO	D_EQ_EPP	DE_VAKBN_EPP	VAKBN.E	31/12/2026	0.52	0.52	0	0	0	0	0	0	0	0	0	0	0	0					
07/10/2026	O_VAKBNE1226P31.00	VAKBN_12/2026_AVRUPA_OPSIYON	D_EQ	SSO	D_EQ_EPP	DE_VAKBN_EPP	VAKBN.E	31/12/2026	0.7	0.7	0	0	0	0	0	0	0	0	0	0	0	0					
07/10/2026	O_VAKBNE1226P32.00	VAKBN_12/2026_AVRUPA_OPSIYON	D_EQ	SSO	D_EQ_EPP	DE_VAKBN_EPP	VAKBN.E	31/12/2026	0.92	0.92	0	0	0	0	0	0	0	0	0	0	0	0					
07/10/2026	O_VAKBNE1226P33.00	VAKBN_12/2026_AVRUPA_OPSIYON	D_EQ	SSO	D_EQ_EPP	DE_VAKBN_EPP	VAKBN.E	31/12/2026	1.18	1.17	0.85	0	0	0	0	0	0	0	0	0	0	0					
07/10/2026	O_VAKBNE1226P34.00	VAKBN_12/2026_AVRUPA_OPSIYON	D_EQ	SSO	D_EQ_EPP	DE_VAKBN_EPP	VAKBN.E	31/12/2026	1.48	1.48	0	0	0	0	0	0	0	0	0	0	0	0					
07/10/2026	O_VAKBNE1226P35.00	VAKBN_12/2026_AVRUPA_OPSIYON	D_EQ	SSO	D_EQ_EPP	DE_VAKBN_EPP	VAKBN.E	31/12/2026	1.84	1.82	1.1	0	0	0	0	0	0	0	0	0	0	0					
07/10/2026	O_VAKBNE1226P36.00	VAKBN_12/2026_AVRUPA_OPSIYON	D_EQ	SSO	D_EQ_EPP	DE_VAKBN_EPP	VAKBN.E	31/12/2026	2.23	2.22	0.45	0	0	0	0	0	0	0	0	0	0	0					
07/10/2026	O_VAKBNE1226P37.00	VAKBN_12/2026_AVRUPA_OPSIYON	D_EQ	SSO	D_EQ_EPP	DE_VAKBN_EPP	VAKBN.E	31/12/2026	2.68	2.66	0.75	0	0	0	0	0	0	0	0	0	0	0					
07/10/2026	O_VAKBNE1226P38.00	VAKBN_12/2026_AVRUPA_OPSIYON	D_EQ	SSO	D_EQ_EPP	DE_VAKBN_EPP	VAKBN.E	31/12/2026	3.17	3.14	0.96	0	0	0	0	0	0	0	0	0	0	0					
07/10/2026	O_XU030E0227C16250.00	BIST 30_02/2027_AVRUPA_OPSIYON	D_IX	INO	D_IX_ECO	DE_BIST30_ECO	D_XU030D	26/02/2027	1116.01	1354.92	-17.63	1060	1010	1060	1010	1037.78	4387500	280200	27	5	147	27					
07/10/2026	O_XU030E0227C16500.00	BIST 30_02/2027_AVRUPA_OPSIYON	D_IX	INO	D_IX_ECO	DE_BIST30_ECO	D_XU030D	26/02/2027	1011.55	1217.95	-16.95	0	0	0	0	0	0	0	0	0	17	0					
07/10/2026	O_XU030E0227C16750.00	BIST 30_02/2027_AVRUPA_OPSIYON	D_IX	INO	D_IX_ECO	DE_BIST30_ECO	D_XU030D	26/02/2027	917.04	1105.83	-17.07	760	750	860	860	760	3685000	167200	22	6	60	20					
07/10/2026	O_XU030E0227C17000.00	BIST 30_02/2027_AVRUPA_OPSIYON	D_IX	INO	D_IX_ECO	DE_BIST30_ECO	D_XU030D	26/02/2027	811.33	1003.64	-19.16	840	840	840	840	840	5100000	252000	30	5	223	30					
07/10/2026	O_XU030E0227C17250.00	BIST 30_02/2027_AVRUPA_OPSIYON	D_IX	INO	D_IX_ECO	DE_BIST30_ECO	D_XU030D	26/02/2027	706.14	908.42	-22.27	740	740	740	740	740	2415000	103600	14	2	92	14					
07/10/2026	O_XU030E0227C17500.00	BIST 30_02/2027_AVRUPA_OPSIYON	D_IX	INO	D_IX_ECO	DE_BIST30_ECO	D_XU030D	26/02/2027	609.72	792.23	-23.04	650	650	650	650	650	2450000	91000	14	2	128	14					
07/10/2026	O_XU030E0227C17750.00	BIST 30_02/2027_AVRUPA_OPSIYON	D_IX	INO	D_IX_ECO	DE_BIST30_ECO	D_XU030D	26/02/2027	520.84	684.65	-23.93	580	580	580	580	580	2485000	81200	14	2	112	14					
07/10/2026	O_XU030E0227C18000.00	BIST 30_02/2027_AVRUPA_OPSIYON	D_IX	INO	D_IX_ECO	DE_BIST30_ECO	D_XU030D	26/02/2027	452.01	585.84	-22.84	520	520	520	520	520	2520000	72800	14	2	191	14					
07/10/2026	O_XU030E0227C18250.00	BIST 30_02/2027_AVRUPA_OPSIYON	D_IX	INO	D_IX_ECO	DE_BIST30_ECO	D_XU030D	26/02/2027	390.64	500.09	-21.89	470	470	470	470	470	1277500	32900	7	1	34	7					
07/10/2026	O_XU030E0227C18500.00	BIST 30_02/2027_AVRUPA_OPSIYON	D_IX	INO	D_IX_ECO	DE_BIST30_ECO	D_XU030D	26/02/2027	336.22	435.22	-22.75	0	0	0	0	0	0	0	0	0	101	0					
07/10/2026	O_XU030E0227C18750.00	BIST 30_02/2027_AVRUPA_OPSIYON	D_IX	INO	D_IX_ECO	DE_BIST30_ECO	D_XU030D	26/02/2027	288.21	377.47	-23.65	0	0	0	0	0	0	0	0	0	21	0					
07/10/2026	O_XU030E0227C19000.00	BIST 30_02/2027_AVRUPA_OPSIYON	D_IX	INO	D_IX_ECO	DE_BIST30_ECO	D_XU030D	26/02/2027	246.08	326.31	-24.59	0	0	0	0	0	0	0	0	0	21	0					
07/10/2026	O_XU030E0227C19250.00	BIST 30_02/2027_AVRUPA_OPSIYON	D_IX	INO	D_IX_ECO	DE_BIST30_ECO	D_XU030D	26/02/2027	209.29	281.18	-25.57	0	0	0	0	0	0	0	0	0	10	0					
07/10/2026	O_XU030E0227C19500.00	BIST 30_02/2027_AVRUPA_OPSIYON	D_IX	INO	D_IX_ECO	DE_BIST30_ECO	D_XU030D	26/02/2027	177.33	241.57	-26.59	0	0	0	0	0	0	0	0	0	72	0					
07/10/2026	O_XU030E0227C19750.00	BIST 30_02/2027_AVRUPA_OPSIYON	D_IX	INO	D_IX_ECO	DE_BIST30_ECO	D_XU030D	26/02/2027	149.68	206.93	-27.67	0	0	0	0	0	0	0	0	0	0	0					
07/10/2026	O_XU030E0227C20000.00	BIST 30_02/2027_AVRUPA_OPSIYON	D_IX	INO	D_IX_ECO	DE_BIST30_ECO	D_XU030D	26/02/2027	125.89	176.76	-28.78	0	0	0	0	0	0	0	0	0	10	0					
07/10/2026	O_XU030E0227C20250.00	BIST 30_02/2027_AVRUPA_OPSIYON	D_IX	INO	D_IX_ECO	DE_BIST30_ECO	D_XU030D	26/02/2027	105.5	150.59	-29.94	0	0	0	0	0	0	0	0	0	1	0					
07/10/2026	O_XU030E0227C20500.00	BIST 30_02/2027_AVRUPA_OPSIYON	D_IX	INO	D_IX_ECO	DE_BIST30_ECO	D_XU030D	26/02/2027	88.11	127.96	-31.14	0	0	0	0	0	0	0	0	0	2	0					
07/10/2026	O_XU030E0227C20750.00	BIST 30_02/2027_AVRUPA_OPSIYON	D_IX	INO	D_IX_ECO	DE_BIST30_ECO	D_XU030D	26/02/2027	73.33	108.48	-32.4	0	0	0	0	0	0	0	0	0	11	0					
07/10/2026	O_XU030E0227C21000.00	BIST 30_02/2027_AVRUPA_OPSIYON	D_IX	INO	D_IX_ECO	DE_BIST30_ECO	D_XU030D	26/02/2027	60.83	91.75	-33.7	0	0	0	0	0	0	0	0	0	10	0					
07/10/2026	O_XU030E0227C21250.00	BIST 30_02/2027_AVRUPA_OPSIYON	D_IX	INO	D_IX_ECO	DE_BIST30_ECO	D_XU030D	26/02/2027	50.3	77.43	-35.04	0	0	0	0	0	0	0	0	0	0	0					
07/10/2026	O_XU030E0227P14750.00	BIST 30_02/2027_AVRUPA_OPSIYON	D_IX	INO	D_IX_EPO	DE_BIST30_EPO	D_XU030D	26/02/2027	279.71	245.61	13.88	0	0	0	0	0	0	0	0	0	0	0					
07/10/2026	O_XU030E0227P15000.00	BIST 30_02/2027_AVRUPA_OPSIYON	D_IX	INO	D_IX_EPO	DE_BIST30_EPO	D_XU030D	26/02/2027	312.97	274.78	13.9	0	0	0	0	0	0	0	0	0	0	0					
07/10/2026	O_XU030E0227P15250.00	BIST 30_02/2027_AVRUPA_OPSIYON	D_IX	INO	D_IX_EPO	DE_BIST30_EPO	D_XU030D	26/02/2027	350.35	307.41	13.97	0	0	0	0	0	0	0	0	0	0	0					
07/10/2026	O_XU030E0227P15500.00	BIST 30_02/2027_AVRUPA_OPSIYON	D_IX	INO	D_IX_EPO	DE_BIST30_EPO	D_XU030D	26/02/2027	392.46	343.98	14.09	0	0	0	0	0	0	0	0	0	0	0					
07/10/2026	O_XU030E0227P15750.00	BIST 30_02/2027_AVRUPA_OPSIYON	D_IX	INO	D_IX_EPO	DE_BIST30_EPO	D_XU030D	26/02/2027	439.94	384.97	14.28	0	0	0	0	0	0	0	0	0	0	0					
07/10/2026	O_XU030E0227P16000.00	BIST 30_02/2027_AVRUPA_OPSIYON	D_IX	INO	D_IX_EPO	DE_BIST30_EPO	D_XU030D	26/02/2027	505.03	430.98	17.18	0	0	0	0	0	0	0	0	0	0	0					
07/10/2026	O_XU030E0227P16250.00	BIST 30_02/2027_AVRUPA_OPSIYON	D_IX	INO	D_IX_EPO	DE_BIST30_EPO	D_XU030D	26/02/2027	613.3	482.67	27.06	0	0	0	0	0	0	0	0	0	0	0					
07/10/2026	O_XU030E0227P16500.00	BIST 30_02/2027_AVRUPA_OPSIYON	D_IX	INO	D_IX_EPO	DE_BIST30_EPO	D_XU030D	26/02/2027	732.16	568.85	28.71	0	0	0	0	0	0	0	0	0	0	0					
07/10/2026	O_XU030E0227P16750.00	BIST 30_02/2027_AVRUPA_OPSIYON	D_IX	INO	D_IX_EPO	DE_BIST30_EPO	D_XU030D	26/02/2027	860.98	679.88	26.64	720	720	720	720	720	167500	7200	1	1	4	-1					
07/10/2026	O_XU030E0227P17000.00	BIST 30_02/2027_AVRUPA_OPSIYON	D_IX	INO	D_IX_EPO	DE_BIST30_EPO	D_XU030D	26/02/2027	978.6	800.84	22.2	0	0	0	0	0	0	0	0	0	0	0					
07/10/2026	O_XU030E0227P17250.00	BIST 30_02/2027_AVRUPA_OPSIYON	D_IX	INO	D_IX_EPO	DE_BIST30_EPO	D_XU030D	26/02/2027	1096.73	928.77	18.08	0	0	0	0	0	0	0	0	0	0	0					
07/10/2026	O_XU030E0227P17500.00	BIST 30_02/2027_AVRUPA_OPSIYON	D_IX	INO	D_IX_EPO	DE_BIST30_EPO	D_XU030D	26/02/2027	1223.64	1035.73	18.14	0	0	0	0	0	0	0	0	0	0	0					
07/10/2026	O_XU030E0227P17750.00	BIST 30_02/2027_AVRUPA_OPSIYON	D_IX	INO	D_IX_EPO	DE_BIST30_EPO	D_XU030D	26/02/2027	1358.09	1151.3	17.96	0	0	0	0	0	0	0	0	0	0	0					
07/10/2026	O_XU030E0227P18000.00	BIST 30_02/2027_AVRUPA_OPSIYON	D_IX	INO	D_IX_EPO	DE_BIST30_EPO	D_XU030D	26/02/2027	1512.58	1275.65	18.57	0	0	0	0	0	0	0	0	0	0	0					
07/10/2026	O_XU030E0227P18250.00	BIST 30_02/2027_AVRUPA_OPSIYON	D_IX	INO	D_IX_EPO	DE_BIST30_EPO	D_XU030D	26/02/2027	1674.54	1413.05	18.51	0	0	0	0	0	0	0	0	0	0	0					
07/10/2026	O_XU030E0227P18500.00	BIST 30_02/2027_AVRUPA_OPSIYON	D_IX	INO	D_IX_EPO	DE_BIST30_EPO	D_XU030D	26/02/2027	1843.45	1571.32	17.32	0	0	0	0	0	0	0	0	0	0	0					
07/10/2026	O_XU030E0227P18750.00	BIST 30_02/2027_AVRUPA_OPSIYON	D_IX	INO	D_IX_EPO	DE_BIST30_EPO	D_XU030D	26/02/2027	2018.77	1736.72	16.24	0	0	0	0	0	0	0	0	0	0	0					
07/10/2026	O_XU030E0227P19000.00	BIST 30_02/2027_AVRUPA_OPSIYON	D_IX	INO	D_IX_EPO	DE_BIST30_EPO	D_XU030D	26/02/2027	2199.97	1908.71	15.26	0	0	0	0	0	0	0	0	0	2	0					
07/10/2026	O_XU030E0227P19250.00	BIST 30_02/2027_AVRUPA_OPSIYON	D_IX	INO	D_IX_EPO	DE_BIST30_EPO	D_XU030D	26/02/2027	2386.51	2086.74	14.37	0	0	0	0	0	0	0	0	0	0	0					
07/10/2026	O_XU030E0227P19500.00	BIST 30_02/2027_AVRUPA_OPSIYON	D_IX	INO	D_IX_EPO	DE_BIST30_EPO	D_XU030D	26/02/2027	2577.87	2270.27	13.55	0	0	0	0	0	0	0	0	0	0	0					
07/10/2026	O_XU030E0227P19750.00	BIST 30_02/2027_AVRUPA_OPSIYON	D_IX	INO	D_IX_EPO	DE_BIST30_EPO	D_XU030D	26/02/2027	2773.55	2458.78	12.8	0	0	0	0	0	0	0	0	0	0	0					
07/10/2026	O_XU030E1026C14750.00	BIST 30_10/2026_AVRUPA_OPSIYON	D_IX	INO	D_IX_ECO	DE_BIST30_ECO	D_XU030D	30/10/2026	666.3	972.28	-31.47	0	0	0	0	0	0	0	0	0	38	0					
07/10/2026	O_XU030E1026C15000.00	BIST 30_10/2026_AVRUPA_OPSIYON	D_IX	INO	D_IX_ECO	DE_BIST30_ECO	D_XU030D	30/10/2026	501.53	770.47	-34.91	424	375	460	456	400.08	197850000	5277032.8	1319	124	6970	734					
07/10/2026	O_XU030E1026C15250.00	BIST 30_10/2026_AVRUPA_OPSIYON	D_IX	INO	D_IX_ECO	DE_BIST30_ECO	D_XU030D	30/10/2026	363.63	595.55	-38.94	236.01	236.01	276	276	244.84	6557500	105282.8	43	7	2086	30					
07/10/2026	O_XU030E1026C15500.00	BIST 30_10/2026_AVRUPA_OPSIYON	D_IX	INO	D_IX_ECO	DE_BIST30_ECO	D_XU030D	30/10/2026	253.36	445.37	-43.11	308	151.78	308	192	192.07	540020000	6691885	3484	284	12693	-1577					
07/10/2026	O_XU030E1026C15750.00	BIST 30_10/2026_AVRUPA_OPSIYON	D_IX	INO	D_IX_ECO	DE_BIST30_ECO	D_XU030D	30/10/2026	169.35	321.52	-47.33	192	116	192	140	127.68	45202500	366450	287	30	1952	-160					
07/10/2026	O_XU030E1026C16000.00	BIST 30_10/2026_AVRUPA_OPSIYON	D_IX	INO	D_IX_ECO	DE_BIST30_ECO	D_XU030D	30/10/2026	108.45	223.68	-51.52	100	76	106	106	81.05	24000000	121570	150	17	2025	4					
07/10/2026	O_XU030E1026C16250.00	BIST 30_10/2026_AVRUPA_OPSIYON	D_IX	INO	D_IX_ECO	DE_BIST30_ECO	D_XU030D	30/10/2026	68	149.75	-54.59	79.54	55.46	85.71	80	64.29	34775000	137577.8	214	20	451	92					
07/10/2026	O_XU030E1026C16500.00	BIST 30_10/2026_AVRUPA_OPSIYON	D_IX	INO	D_IX_ECO	DE_BIST30_ECO	D_XU030D	30/10/2026	41.58	96.76	-57.03	61.57	40	64	64	54.22	20790000	68317	126	10	1705	26					
07/10/2026	O_XU030E1026C16750.00	BIST 30_10/2026_AVRUPA_OPSIYON	D_IX	INO	D_IX_ECO	DE_BIST30_ECO	D_XU030D	30/10/2026	24.72	61.75	-59.97	42	32	49	49	34.31	4857500	9950	29	4	1272	-5					
07/10/2026	O_XU030E1026C17000.00	BIST 30_10/2026_AVRUPA_OPSIYON	D_IX	INO	D_IX_ECO	DE_BIST30_ECO	D_XU030D	30/10/2026	14.33	38.38	-62.66	45	35	45	35	39.7	3400000	7940	20	11	1675	20					
07/10/2026	O_XU030E1026C17250.00	BIST 30_10/2026_AVRUPA_OPSIYON	D_IX	INO	D_IX_ECO	DE_BIST30_ECO	D_XU030D	30/10/2026	8.12	23.28	-65.12	0	0	0	0	0	0	0	0	0	1035	0					
07/10/2026	O_XU030E1026C17500.00	BIST 30_10/2026_AVRUPA_OPSIYON	D_IX	INO	D_IX_ECO	DE_BIST30_ECO	D_XU030D	30/10/2026	4.51	13.81	-67.34	21.06	20.7	21.06	20.7	20.88	3500000	4176	20	2	3242	-20					
07/10/2026	O_XU030E1026C17750.00	BIST 30_10/2026_AVRUPA_OPSIYON	D_IX	INO	D_IX_ECO	DE_BIST30_ECO	D_XU030D	30/10/2026	2.46	8.03	-69.36	10	10	10	10	10	53250000	30000	300	3	1608	0					
07/10/2026	O_XU030E1026C18000.00	BIST 30_10/2026_AVRUPA_OPSIYON	D_IX	INO	D_IX_ECO	DE_BIST30_ECO	D_XU030D	30/10/2026	1.32	4.59	-71.24	24.5	24.5	24.5	24.5	24.5	7020000	9555	39	1	1531	0					
07/10/2026	O_XU030E1026C18250.00	BIST 30_10/2026_AVRUPA_OPSIYON	D_IX	INO	D_IX_ECO	DE_BIST30_ECO	D_XU030D	30/10/2026	0.7	2.58	-72.87	22.5	22.5	22.5	22.5	22.5	2372500	2925	13	1	2588	0					
07/10/2026	O_XU030E1026C18500.00	BIST 30_10/2026_AVRUPA_OPSIYON	D_IX	INO	D_IX_ECO	DE_BIST30_ECO	D_XU030D	30/10/2026	0.36	1.43	-74.83	0	0	0	0	0	0	0	0	0	1424	0					
07/10/2026	O_XU030E1026C18750.00	BIST 30_10/2026_AVRUPA_OPSIYON	D_IX	INO	D_IX_ECO	DE_BIST30_ECO	D_XU030D	30/10/2026	0.19	0.79	-75.95	0	0	0	0	0	0	0	0	0	625	0					
07/10/2026	O_XU030E1026C19000.00	BIST 30_10/2026_AVRUPA_OPSIYON	D_IX	INO	D_IX_ECO	DE_BIST30_ECO	D_XU030D	30/10/2026	0.1	0.43	-76.74	0	0	0	0	0	0	0	0	0	674	0					
07/10/2026	O_XU030E1026C19250.00	BIST 30_10/2026_AVRUPA_OPSIYON	D_IX	INO	D_IX_ECO	DE_BIST30_ECO	D_XU030D	30/10/2026	0.05	0.23	-78.26	0	0	0	0	0	0	0	0	0	378	0					
07/10/2026	O_XU030E1026C19500.00	BIST 30_10/2026_AVRUPA_OPSIYON	D_IX	INO	D_IX_ECO	DE_BIST30_ECO	D_XU030D	30/10/2026	0.03	0.12	-75	0	0	0	0	0	0	0	0	0	155	0					
07/10/2026	O_XU030E1026C19750.00	BIST 30_10/2026_AVRUPA_OPSIYON	D_IX	INO	D_IX_ECO	DE_BIST30_ECO	D_XU030D	30/10/2026	0.01	0.07	-85.71	0	0	0	0	0	0	0	0	0	53	0					
07/10/2026	O_XU030E1026C20000.00	BIST 30_10/2026_AVRUPA_OPSIYON	D_IX	INO	D_IX_ECO	DE_BIST30_ECO	D_XU030D	30/10/2026	0.01	0.03	-66.67	0	0	0	0	0	0	0	0	0	126	0					
07/10/2026	O_XU030E1026C20250.00	BIST 30_10/2026_AVRUPA_OPSIYON	D_IX	INO	D_IX_ECO	DE_BIST30_ECO	D_XU030D	30/10/2026	0.01	0.02	-50	0	0	0	0	0	0	0	0	0	39	0					
07/10/2026	O_XU030E1026C20500.00	BIST 30_10/2026_AVRUPA_OPSIYON	D_IX	INO	D_IX_ECO	DE_BIST30_ECO	D_XU030D	30/10/2026	0.01	0.01	0	0	0	0	0	0	0	0	0	0	24	0					
07/10/2026	O_XU030E1026C20750.00	BIST 30_10/2026_AVRUPA_OPSIYON	D_IX	INO	D_IX_ECO	DE_BIST30_ECO	D_XU030D	30/10/2026	0.01	0.01	0	0	0	0	0	0	0	0	0	0	20	0					
07/10/2026	O_XU030E1026C21000.00	BIST 30_10/2026_AVRUPA_OPSIYON	D_IX	INO	D_IX_ECO	DE_BIST30_ECO	D_XU030D	30/10/2026	0.01	0.01	0	0	0	0	0	0	0	0	0	0	1	0					
07/10/2026	O_XU030E1026C21250.00	BIST 30_10/2026_AVRUPA_OPSIYON	D_IX	INO	D_IX_ECO	DE_BIST30_ECO	D_XU030D	30/10/2026	0.01	0.01	0	0	0	0	0	0	0	0	0	0	50	0					
07/10/2026	O_XU030E1026C21500.00	BIST 30_10/2026_AVRUPA_OPSIYON	D_IX	INO	D_IX_ECO	DE_BIST30_ECO	D_XU030D	30/10/2026	0.01	0.01	0	0	0	0	0	0	0	0	0	0	246	0					
07/10/2026	O_XU030E1026P13250.00	BIST 30_10/2026_AVRUPA_OPSIYON	D_IX	INO	D_IX_EPO	DE_BIST30_EPO	D_XU030D	30/10/2026	8.74	5.19	68.4	0	0	0	0	0	0	0	0	0	0	0					
07/10/2026	O_XU030E1026P13500.00	BIST 30_10/2026_AVRUPA_OPSIYON	D_IX	INO	D_IX_EPO	DE_BIST30_EPO	D_XU030D	30/10/2026	13.92	8.29	67.91	0	0	0	0	0	0	0	0	0	0	0					
07/10/2026	O_XU030E1026P13750.00	BIST 30_10/2026_AVRUPA_OPSIYON	D_IX	INO	D_IX_EPO	DE_BIST30_EPO	D_XU030D	30/10/2026	22.06	13.13	68.01	0	0	0	0	0	0	0	0	0	0	0					
07/10/2026	O_XU030E1026P14000.00	BIST 30_10/2026_AVRUPA_OPSIYON	D_IX	INO	D_IX_EPO	DE_BIST30_EPO	D_XU030D	30/10/2026	34.72	20.67	67.97	0	0	0	0	0	0	0	0	0	0	0					
07/10/2026	O_XU030E1026P14250.00	BIST 30_10/2026_AVRUPA_OPSIYON	D_IX	INO	D_IX_EPO	DE_BIST30_EPO	D_XU030D	30/10/2026	54.17	32.25	67.97	0	0	0	0	0	0	0	0	0	114	0					
07/10/2026	O_XU030E1026P14500.00	BIST 30_10/2026_AVRUPA_OPSIYON	D_IX	INO	D_IX_EPO	DE_BIST30_EPO	D_XU030D	30/10/2026	83.65	49.86	67.77	52	44	52	44	50.55	12035000	41960	83	9	270	83					
07/10/2026	O_XU030E1026P14750.00	BIST 30_10/2026_AVRUPA_OPSIYON	D_IX	INO	D_IX_EPO	DE_BIST30_EPO	D_XU030D	30/10/2026	139.34	76.21	82.84	68	56	76	75.99	73.87	25222500	126310	171	18	1438	100					
07/10/2026	O_XU030E1026P15000.00	BIST 30_10/2026_AVRUPA_OPSIYON	D_IX	INO	D_IX_EPO	DE_BIST30_EPO	D_XU030D	30/10/2026	220.19	119.83	83.75	60	60	150	150	99.35	9750000	64579.5	65	10	1081	6					
07/10/2026	O_XU030E1026P15250.00	BIST 30_10/2026_AVRUPA_OPSIYON	D_IX	INO	D_IX_EPO	DE_BIST30_EPO	D_XU030D	30/10/2026	327.92	190.35	72.27	114.72	114.66	212	212	208.26	15860000	216588.2	104	8	482	94					
07/10/2026	O_XU030E1026P15500.00	BIST 30_10/2026_AVRUPA_OPSIYON	D_IX	INO	D_IX_EPO	DE_BIST30_EPO	D_XU030D	30/10/2026	463.28	285.61	62.21	192	180	408.27	399.82	339.28	24645000	539460.9	159	29	688	-131					
07/10/2026	O_XU030E1026P15750.00	BIST 30_10/2026_AVRUPA_OPSIYON	D_IX	INO	D_IX_EPO	DE_BIST30_EPO	D_XU030D	30/10/2026	624.89	407.2	53.46	367	364.85	593.62	593.62	512.73	3780000	123054.7	24	6	1004	0					
07/10/2026	O_XU030E1026P16000.00	BIST 30_10/2026_AVRUPA_OPSIYON	D_IX	INO	D_IX_EPO	DE_BIST30_EPO	D_XU030D	30/10/2026	809.62	554.8	45.93	554.06	554.06	816.03	760	758.09	139040000	6587819.3	869	92	9058	-736					
07/10/2026	O_XU030E1026P16250.00	BIST 30_10/2026_AVRUPA_OPSIYON	D_IX	INO	D_IX_EPO	DE_BIST30_EPO	D_XU030D	30/10/2026	1014.8	726.31	39.72	0	0	0	0	0	0	0	0	0	566	0					
07/10/2026	O_XU030E1026P16500.00	BIST 30_10/2026_AVRUPA_OPSIYON	D_IX	INO	D_IX_EPO	DE_BIST30_EPO	D_XU030D	30/10/2026	1234.01	918.76	34.31	1200	1200	1200	1200	1200	165000	12000	1	1	4525	0					
07/10/2026	O_XU030E1026P16750.00	BIST 30_10/2026_AVRUPA_OPSIYON	D_IX	INO	D_IX_EPO	DE_BIST30_EPO	D_XU030D	30/10/2026	1462.78	1129.19	29.54	1296.23	1296.23	1296.24	1296.24	1296.23	3517500	272208.6	21	4	436	-3					
07/10/2026	O_XU030E1026P17000.00	BIST 30_10/2026_AVRUPA_OPSIYON	D_IX	INO	D_IX_EPO	DE_BIST30_EPO	D_XU030D	30/10/2026	1698.02	1351.26	25.66	0	0	0	0	0	0	0	0	0	2030	0					
07/10/2026	O_XU030E1026P17250.00	BIST 30_10/2026_AVRUPA_OPSIYON	D_IX	INO	D_IX_EPO	DE_BIST30_EPO	D_XU030D	30/10/2026	1937.43	1581.6	22.5	0	0	0	0	0	0	0	0	0	559	0					
07/10/2026	O_XU030E1026P17500.00	BIST 30_10/2026_AVRUPA_OPSIYON	D_IX	INO	D_IX_EPO	DE_BIST30_EPO	D_XU030D	30/10/2026	2179.45	1817.57	19.91	0	0	0	0	0	0	0	0	0	4032	0					
07/10/2026	O_XU030E1026P17750.00	BIST 30_10/2026_AVRUPA_OPSIYON	D_IX	INO	D_IX_EPO	DE_BIST30_EPO	D_XU030D	30/10/2026	2423.02	2057.23	17.78	0	0	0	0	0	0	0	0	0	4671	0					
07/10/2026	O_XU030E1026P18000.00	BIST 30_10/2026_AVRUPA_OPSIYON	D_IX	INO	D_IX_EPO	DE_BIST30_EPO	D_XU030D	30/10/2026	2667.51	2299.22	16.02	0	0	0	0	0	0	0	0	0	7982	0					
07/10/2026	O_XU030E1026P18250.00	BIST 30_10/2026_AVRUPA_OPSIYON	D_IX	INO	D_IX_EPO	DE_BIST30_EPO	D_XU030D	30/10/2026	2912.52	2542.65	14.55	2770	2770	2770	2770	2770	1825000	277000	10	1	4616	0					
07/10/2026	O_XU030E1026P18500.00	BIST 30_10/2026_AVRUPA_OPSIYON	D_IX	INO	D_IX_EPO	DE_BIST30_EPO	D_XU030D	30/10/2026	3157.82	2786.95	13.31	3030	3030	3060	3060	3046.67	2775000	457000	15	3	1790	0					
07/10/2026	O_XU030E1026P18750.00	BIST 30_10/2026_AVRUPA_OPSIYON	D_IX	INO	D_IX_EPO	DE_BIST30_EPO	D_XU030D	30/10/2026	3403.27	3031.74	12.25	0	0	0	0	0	0	0	0	0	60	0					
07/10/2026	O_XU030E1026P19000.00	BIST 30_10/2026_AVRUPA_OPSIYON	D_IX	INO	D_IX_EPO	DE_BIST30_EPO	D_XU030D	30/10/2026	3648.8	3276.82	11.35	0	0	0	0	0	0	0	0	0	53	0					
07/10/2026	O_XU030E1026P19250.00	BIST 30_10/2026_AVRUPA_OPSIYON	D_IX	INO	D_IX_EPO	DE_BIST30_EPO	D_XU030D	30/10/2026	3894.38	3522.06	10.57	0	0	0	0	0	0	0	0	0	14	0					
07/10/2026	O_XU030E1026P19500.00	BIST 30_10/2026_AVRUPA_OPSIYON	D_IX	INO	D_IX_EPO	DE_BIST30_EPO	D_XU030D	30/10/2026	4139.99	3767.39	9.89	0	0	0	0	0	0	0	0	0	12	0					
07/10/2026	O_XU030E1026P19750.00	BIST 30_10/2026_AVRUPA_OPSIYON	D_IX	INO	D_IX_EPO	DE_BIST30_EPO	D_XU030D	30/10/2026	4385.6	4012.78	9.29	0	0	0	0	0	0	0	0	0	7	0					
07/10/2026	O_XU030E1026P20000.00	BIST 30_10/2026_AVRUPA_OPSIYON	D_IX	INO	D_IX_EPO	DE_BIST30_EPO	D_XU030D	30/10/2026	4631.22	4258.18	8.76	0	0	0	0	0	0	0	0	0	10	0					
07/10/2026	O_XU030E1226C15500.00	BIST 30_12/2026_AVRUPA_OPSIYON	D_IX	INO	D_IX_ECO	DE_BIST30_ECO	D_XU030D	31/12/2026	961.08	1224.06	-21.48	724	684	724	700	702.7	266600000	12086424.1	1720	166	2920	1581					
07/10/2026	O_XU030E1226C15750.00	BIST 30_12/2026_AVRUPA_OPSIYON	D_IX	INO	D_IX_ECO	DE_BIST30_ECO	D_XU030D	31/12/2026	830.81	1062.03	-21.77	708.01	552	712	568	581.06	333900000	12318469.2	2120	229	3345	2120					
07/10/2026	O_XU030E1226C16000.00	BIST 30_12/2026_AVRUPA_OPSIYON	D_IX	INO	D_IX_ECO	DE_BIST30_ECO	D_XU030D	31/12/2026	713.77	925.06	-22.84	700	443.69	700	460	478.46	1077600000	37970589.8	6735	365	5147	1154					
07/10/2026	O_XU030E1226C16250.00	BIST 30_12/2026_AVRUPA_OPSIYON	D_IX	INO	D_IX_ECO	DE_BIST30_ECO	D_XU030D	31/12/2026	602.86	801.01	-24.74	460	341.4	460	371.12	403.8	32662500	811645	201	20	754	165					
07/10/2026	O_XU030E1226C16500.00	BIST 30_12/2026_AVRUPA_OPSIYON	D_IX	INO	D_IX_ECO	DE_BIST30_ECO	D_XU030D	31/12/2026	502.2	688.56	-27.07	472	275.34	472	334.15	323.5	27390000	537008	166	17	1975	-122					
07/10/2026	O_XU030E1226C16750.00	BIST 30_12/2026_AVRUPA_OPSIYON	D_IX	INO	D_IX_ECO	DE_BIST30_ECO	D_XU030D	31/12/2026	413.73	580.47	-28.72	279.99	236	280	265	266	22110000	351116.6	132	15	302	-1					
07/10/2026	O_XU030E1226C17000.00	BIST 30_12/2026_AVRUPA_OPSIYON	D_IX	INO	D_IX_ECO	DE_BIST30_ECO	D_XU030D	31/12/2026	337.68	484.4	-30.29	192	192	235.99	224	220.17	23970000	310434.3	141	16	400	11					
07/10/2026	O_XU030E1226C17250.00	BIST 30_12/2026_AVRUPA_OPSIYON	D_IX	INO	D_IX_ECO	DE_BIST30_ECO	D_XU030D	31/12/2026	280.7	399.98	-29.82	178.36	172	198.62	198	188.65	31050000	339569	180	19	597	10					
07/10/2026	O_XU030E1226C17500.00	BIST 30_12/2026_AVRUPA_OPSIYON	D_IX	INO	D_IX_ECO	DE_BIST30_ECO	D_XU030D	31/12/2026	232.47	329.59	-29.47	199.59	156	199.59	158	168.21	151725000	1458417.9	867	74	888	-244					
07/10/2026	O_XU030E1226C17750.00	BIST 30_12/2026_AVRUPA_OPSIYON	D_IX	INO	D_IX_ECO	DE_BIST30_ECO	D_XU030D	31/12/2026	191.91	275.24	-30.28	104.01	104.01	152	151.99	145.06	14732500	120396.6	83	9	344	-37					
07/10/2026	O_XU030E1226C18000.00	BIST 30_12/2026_AVRUPA_OPSIYON	D_IX	INO	D_IX_ECO	DE_BIST30_ECO	D_XU030D	31/12/2026	157.99	229.1	-31.04	156	105	156	115	123.76	6120000	42080	34	5	338	0					
07/10/2026	O_XU030E1226C18250.00	BIST 30_12/2026_AVRUPA_OPSIYON	D_IX	INO	D_IX_ECO	DE_BIST30_ECO	D_XU030D	31/12/2026	129.76	190.14	-31.76	120	104	120	104	112.56	18797500	115940	103	11	581	-103					
07/10/2026	O_XU030E1226C18500.00	BIST 30_12/2026_AVRUPA_OPSIYON	D_IX	INO	D_IX_ECO	DE_BIST30_ECO	D_XU030D	31/12/2026	106.37	157.41	-32.42	0	0	0	0	0	0	0	0	0	152	0					
07/10/2026	O_XU030E1226C18750.00	BIST 30_12/2026_AVRUPA_OPSIYON	D_IX	INO	D_IX_ECO	DE_BIST30_ECO	D_XU030D	31/12/2026	87.07	130.05	-33.05	0	0	0	0	0	0	0	0	0	73	0					
07/10/2026	O_XU030E1226C19000.00	BIST 30_12/2026_AVRUPA_OPSIYON	D_IX	INO	D_IX_ECO	DE_BIST30_ECO	D_XU030D	31/12/2026	71.19	107.26	-33.63	0	0	0	0	0	0	0	0	0	79	0					
07/10/2026	O_XU030E1226C19250.00	BIST 30_12/2026_AVRUPA_OPSIYON	D_IX	INO	D_IX_ECO	DE_BIST30_ECO	D_XU030D	31/12/2026	58.16	88.35	-34.17	0	0	0	0	0	0	0	0	0	40	0					
07/10/2026	O_XU030E1226C19500.00	BIST 30_12/2026_AVRUPA_OPSIYON	D_IX	INO	D_IX_ECO	DE_BIST30_ECO	D_XU030D	31/12/2026	47.5	72.7	-34.66	0	0	0	0	0	0	0	0	0	69	0					
07/10/2026	O_XU030E1226C19750.00	BIST 30_12/2026_AVRUPA_OPSIYON	D_IX	INO	D_IX_ECO	DE_BIST30_ECO	D_XU030D	31/12/2026	38.79	59.79	-35.12	0	0	0	0	0	0	0	0	0	50	0					
07/10/2026	O_XU030E1226C20000.00	BIST 30_12/2026_AVRUPA_OPSIYON	D_IX	INO	D_IX_ECO	DE_BIST30_ECO	D_XU030D	31/12/2026	31.68	49.15	-35.54	0	0	0	0	0	0	0	0	0	100	0					
07/10/2026	O_XU030E1226C20250.00	BIST 30_12/2026_AVRUPA_OPSIYON	D_IX	INO	D_IX_ECO	DE_BIST30_ECO	D_XU030D	31/12/2026	25.89	40.4	-35.92	0	0	0	0	0	0	0	0	0	52	0					
07/10/2026	O_XU030E1226C20500.00	BIST 30_12/2026_AVRUPA_OPSIYON	D_IX	INO	D_IX_ECO	DE_BIST30_ECO	D_XU030D	31/12/2026	21.17	33.22	-36.27	0	0	0	0	0	0	0	0	0	131	0					
07/10/2026	O_XU030E1226C20750.00	BIST 30_12/2026_AVRUPA_OPSIYON	D_IX	INO	D_IX_ECO	DE_BIST30_ECO	D_XU030D	31/12/2026	17.33	27.33	-36.59	0	0	0	0	0	0	0	0	0	73	0					
07/10/2026	O_XU030E1226C21000.00	BIST 30_12/2026_AVRUPA_OPSIYON	D_IX	INO	D_IX_ECO	DE_BIST30_ECO	D_XU030D	31/12/2026	14.2	22.49	-36.86	0	0	0	0	0	0	0	0	0	108	0					
07/10/2026	O_XU030E1226C21250.00	BIST 30_12/2026_AVRUPA_OPSIYON	D_IX	INO	D_IX_ECO	DE_BIST30_ECO	D_XU030D	31/12/2026	11.65	18.53	-37.13	0	0	0	0	0	0	0	0	0	91	0					
07/10/2026	O_XU030E1226P14000.00	BIST 30_12/2026_AVRUPA_OPSIYON	D_IX	INO	D_IX_EPO	DE_BIST30_EPO	D_XU030D	31/12/2026	156.09	129.05	20.95	0	0	0	0	0	0	0	0	0	23	0					
07/10/2026	O_XU030E1226P14250.00	BIST 30_12/2026_AVRUPA_OPSIYON	D_IX	INO	D_IX_EPO	DE_BIST30_EPO	D_XU030D	31/12/2026	181.59	150.19	20.91	0	0	0	0	0	0	0	0	0	52	0					
07/10/2026	O_XU030E1226P14500.00	BIST 30_12/2026_AVRUPA_OPSIYON	D_IX	INO	D_IX_EPO	DE_BIST30_EPO	D_XU030D	31/12/2026	211.5	174.87	20.95	0	0	0	0	0	0	0	0	0	132	0					
07/10/2026	O_XU030E1226P14750.00	BIST 30_12/2026_AVRUPA_OPSIYON	D_IX	INO	D_IX_EPO	DE_BIST30_EPO	D_XU030D	31/12/2026	246.63	203.71	21.07	80	76	80	76	79.08	1917500	10280	13	2	103	-13					
07/10/2026	O_XU030E1226P15000.00	BIST 30_12/2026_AVRUPA_OPSIYON	D_IX	INO	D_IX_EPO	DE_BIST30_EPO	D_XU030D	31/12/2026	288	237.45	21.29	112	108	112	108	111.47	2250000	16720	15	4	48	15					
07/10/2026	O_XU030E1226P15250.00	BIST 30_12/2026_AVRUPA_OPSIYON	D_IX	INO	D_IX_EPO	DE_BIST30_EPO	D_XU030D	31/12/2026	336.78	276.98	21.59	156	152	156	152	154.26	3507500	35480	23	3	116	23					
07/10/2026	O_XU030E1226P15500.00	BIST 30_12/2026_AVRUPA_OPSIYON	D_IX	INO	D_IX_EPO	DE_BIST30_EPO	D_XU030D	31/12/2026	429.87	323.34	32.95	204	196	216	216	210.14	15345000	208040	99	12	1541	0					
07/10/2026	O_XU030E1226P15750.00	BIST 30_12/2026_AVRUPA_OPSIYON	D_IX	INO	D_IX_EPO	DE_BIST30_EPO	D_XU030D	31/12/2026	533.26	394.8	35.07	0	0	0	0	0	0	0	0	0	42	0					
07/10/2026	O_XU030E1226P16000.00	BIST 30_12/2026_AVRUPA_OPSIYON	D_IX	INO	D_IX_EPO	DE_BIST30_EPO	D_XU030D	31/12/2026	649.9	491.32	32.28	400	400	408	408	404	4160000	105040	26	2	81	-23					
07/10/2026	O_XU030E1226P16250.00	BIST 30_12/2026_AVRUPA_OPSIYON	D_IX	INO	D_IX_EPO	DE_BIST30_EPO	D_XU030D	31/12/2026	772.66	600.75	28.62	518.44	518.44	532	532	521.57	2112500	67804	13	2	15	13					
07/10/2026	O_XU030E1226P16500.00	BIST 30_12/2026_AVRUPA_OPSIYON	D_IX	INO	D_IX_EPO	DE_BIST30_EPO	D_XU030D	31/12/2026	905.68	721.79	25.48	515.64	515.64	688	684	608.05	10560000	389149.4	64	11	306	63					
07/10/2026	O_XU030E1226P16750.00	BIST 30_12/2026_AVRUPA_OPSIYON	D_IX	INO	D_IX_EPO	DE_BIST30_EPO	D_XU030D	31/12/2026	1050.89	847.19	24.04	852.67	852.67	860	860	854.36	2177500	111067	13	2	70	13					
07/10/2026	O_XU030E1226P17000.00	BIST 30_12/2026_AVRUPA_OPSIYON	D_IX	INO	D_IX_EPO	DE_BIST30_EPO	D_XU030D	31/12/2026	1208.5	984.61	22.74	1044	1044	1044	1044	1044	1700000	104400	10	1	269	10					
07/10/2026	O_XU030E1226P17250.00	BIST 30_12/2026_AVRUPA_OPSIYON	D_IX	INO	D_IX_EPO	DE_BIST30_EPO	D_XU030D	31/12/2026	1385.2	1133.68	22.19	0	0	0	0	0	0	0	0	0	61	0					
07/10/2026	O_XU030E1226P17500.00	BIST 30_12/2026_AVRUPA_OPSIYON	D_IX	INO	D_IX_EPO	DE_BIST30_EPO	D_XU030D	31/12/2026	1570.65	1296.77	21.12	0	0	0	0	0	0	0	0	0	9	0					
07/10/2026	O_XU030E1226P17750.00	BIST 30_12/2026_AVRUPA_OPSIYON	D_IX	INO	D_IX_EPO	DE_BIST30_EPO	D_XU030D	31/12/2026	1763.76	1475.92	19.5	0	0	0	0	0	0	0	0	0	106	0					
07/10/2026	O_XU030E1226P18000.00	BIST 30_12/2026_AVRUPA_OPSIYON	D_IX	INO	D_IX_EPO	DE_BIST30_EPO	D_XU030D	31/12/2026	1963.52	1663.26	18.05	0	0	0	0	0	0	0	0	0	76	0					
07/10/2026	O_XU030E1226P18250.00	BIST 30_12/2026_AVRUPA_OPSIYON	D_IX	INO	D_IX_EPO	DE_BIST30_EPO	D_XU030D	31/12/2026	2168.96	1857.79	16.75	0	0	0	0	0	0	0	0	0	43	0					
07/10/2026	O_XU030E1226P18500.00	BIST 30_12/2026_AVRUPA_OPSIYON	D_IX	INO	D_IX_EPO	DE_BIST30_EPO	D_XU030D	31/12/2026	2379.25	2058.55	15.58	0	0	0	0	0	0	0	0	0	82	0					
07/10/2026	O_XU030E1226P18750.00	BIST 30_12/2026_AVRUPA_OPSIYON	D_IX	INO	D_IX_EPO	DE_BIST30_EPO	D_XU030D	31/12/2026	2593.62	2264.68	14.52	0	0	0	0	0	0	0	0	0	0	0					
07/10/2026	O_XU030E1226P19000.00	BIST 30_12/2026_AVRUPA_OPSIYON	D_IX	INO	D_IX_EPO	DE_BIST30_EPO	D_XU030D	31/12/2026	2811.41	2475.38	13.57	0	0	0	0	0	0	0	0	0	10	0					
07/10/2026	O_XU030E1226P19250.00	BIST 30_12/2026_AVRUPA_OPSIYON	D_IX	INO	D_IX_EPO	DE_BIST30_EPO	D_XU030D	31/12/2026	3032.06	2689.95	12.72	0	0	0	0	0	0	0	0	0	30	0					
07/10/2026	O_XU030E1226P19500.00	BIST 30_12/2026_AVRUPA_OPSIYON	D_IX	INO	D_IX_EPO	DE_BIST30_EPO	D_XU030D	31/12/2026	3255.07	2907.79	11.94	0	0	0	0	0	0	0	0	0	43	0					
07/10/2026	O_XU030E1226P19750.00	BIST 30_12/2026_AVRUPA_OPSIYON	D_IX	INO	D_IX_EPO	DE_BIST30_EPO	D_XU030D	31/12/2026	3480.03	3128.36	11.24	0	0	0	0	0	0	0	0	0	23	0					
07/10/2026	O_YKBNKE1026C32.00	YKBNK_10/2026_AVRUPA_OPSIYON	D_EQ	SSO	D_EQ_ECP	DE_YKBNK_ECP	YKBNK.E	30/10/2026	5.46	5.37	1.68	0	0	0	0	0	0	0	0	0	0	0					
07/10/2026	O_YKBNKE1026C33.00	YKBNK_10/2026_AVRUPA_OPSIYON	D_EQ	SSO	D_EQ_ECP	DE_YKBNK_ECP	YKBNK.E	30/10/2026	4.57	4.49	1.78	0	0	0	0	0	0	0	0	0	0	0					
07/10/2026	O_YKBNKE1026C34.00	YKBNK_10/2026_AVRUPA_OPSIYON	D_EQ	SSO	D_EQ_ECP	DE_YKBNK_ECP	YKBNK.E	30/10/2026	3.74	3.67	1.91	0	0	0	0	0	0	0	0	0	0	0					
07/10/2026	O_YKBNKE1026C35.00	YKBNK_10/2026_AVRUPA_OPSIYON	D_EQ	SSO	D_EQ_ECP	DE_YKBNK_ECP	YKBNK.E	30/10/2026	2.97	2.91	2.06	0	0	0	0	0	0	0	0	0	1829	0					
07/10/2026	O_YKBNKE1026C36.00	YKBNK_10/2026_AVRUPA_OPSIYON	D_EQ	SSO	D_EQ_ECP	DE_YKBNK_ECP	YKBNK.E	30/10/2026	2.29	2.25	1.78	2.06	2.06	2.06	2.06	2.06	1080000	61800	300	3	662	-300					
07/10/2026	O_YKBNKE1026C37.00	YKBNK_10/2026_AVRUPA_OPSIYON	D_EQ	SSO	D_EQ_ECP	DE_YKBNK_ECP	YKBNK.E	30/10/2026	1.72	1.69	1.78	0	0	0	0	0	0	0	0	0	1147	0					
07/10/2026	O_YKBNKE1026C38.00	YKBNK_10/2026_AVRUPA_OPSIYON	D_EQ	SSO	D_EQ_ECP	DE_YKBNK_ECP	YKBNK.E	30/10/2026	1.25	1.24	0.81	0	0	0	0	0	0	0	0	0	257	0					
07/10/2026	O_YKBNKE1026C39.00	YKBNK_10/2026_AVRUPA_OPSIYON	D_EQ	SSO	D_EQ_ECP	DE_YKBNK_ECP	YKBNK.E	30/10/2026	0.89	0.88	1.14	0.7	0.7	0.7	0.7	0.7	37830000	679000	9700	52	9700	8643					
07/10/2026	O_YKBNKE1026C40.00	YKBNK_10/2026_AVRUPA_OPSIYON	D_EQ	SSO	D_EQ_ECP	DE_YKBNK_ECP	YKBNK.E	30/10/2026	0.62	0.62	0	0	0	0	0	0	0	0	0	0	3500	0					
07/10/2026	O_YKBNKE1026C41.00	YKBNK_10/2026_AVRUPA_OPSIYON	D_EQ	SSO	D_EQ_ECP	DE_YKBNK_ECP	YKBNK.E	30/10/2026	0.42	0.43	-2.33	0	0	0	0	0	0	0	0	0	4002	0					
07/10/2026	O_YKBNKE1026C42.00	YKBNK_10/2026_AVRUPA_OPSIYON	D_EQ	SSO	D_EQ_ECP	DE_YKBNK_ECP	YKBNK.E	30/10/2026	0.29	0.29	0	0	0	0	0	0	0	0	0	0	1014	0					
07/10/2026	O_YKBNKE1026C43.00	YKBNK_10/2026_AVRUPA_OPSIYON	D_EQ	SSO	D_EQ_ECP	DE_YKBNK_ECP	YKBNK.E	30/10/2026	0.19	0.2	-5	0	0	0	0	0	0	0	0	0	300	0					
07/10/2026	O_YKBNKE1026C44.00	YKBNK_10/2026_AVRUPA_OPSIYON	D_EQ	SSO	D_EQ_ECP	DE_YKBNK_ECP	YKBNK.E	30/10/2026	0.12	0.13	-7.69	0	0	0	0	0	0	0	0	0	2	0					
07/10/2026	O_YKBNKE1026P27.00	YKBNK_10/2026_AVRUPA_OPSIYON	D_EQ	SSO	D_EQ_EPP	DE_YKBNK_EPP	YKBNK.E	30/10/2026	0.01	0.01	0	0	0	0	0	0	0	0	0	0	0	0					
07/10/2026	O_YKBNKE1026P28.00	YKBNK_10/2026_AVRUPA_OPSIYON	D_EQ	SSO	D_EQ_EPP	DE_YKBNK_EPP	YKBNK.E	30/10/2026	0.01	0.01	0	0	0	0	0	0	0	0	0	0	0	0					
07/10/2026	O_YKBNKE1026P29.00	YKBNK_10/2026_AVRUPA_OPSIYON	D_EQ	SSO	D_EQ_EPP	DE_YKBNK_EPP	YKBNK.E	30/10/2026	0.01	0.01	0	0	0	0	0	0	0	0	0	0	0	0					
07/10/2026	O_YKBNKE1026P30.00	YKBNK_10/2026_AVRUPA_OPSIYON	D_EQ	SSO	D_EQ_EPP	DE_YKBNK_EPP	YKBNK.E	30/10/2026	0.02	0.03	-33.33	0	0	0	0	0	0	0	0	0	23	0					
07/10/2026	O_YKBNKE1026P31.00	YKBNK_10/2026_AVRUPA_OPSIYON	D_EQ	SSO	D_EQ_EPP	DE_YKBNK_EPP	YKBNK.E	30/10/2026	0.05	0.06	-16.67	0	0	0	0	0	0	0	0	0	6053	0					
07/10/2026	O_YKBNKE1026P32.00	YKBNK_10/2026_AVRUPA_OPSIYON	D_EQ	SSO	D_EQ_EPP	DE_YKBNK_EPP	YKBNK.E	30/10/2026	0.1	0.12	-16.67	0	0	0	0	0	0	0	0	0	5328	0					
07/10/2026	O_YKBNKE1026P33.00	YKBNK_10/2026_AVRUPA_OPSIYON	D_EQ	SSO	D_EQ_EPP	DE_YKBNK_EPP	YKBNK.E	30/10/2026	0.19	0.22	-13.64	0	0	0	0	0	0	0	0	0	1616	0					
07/10/2026	O_YKBNKE1026P34.00	YKBNK_10/2026_AVRUPA_OPSIYON	D_EQ	SSO	D_EQ_EPP	DE_YKBNK_EPP	YKBNK.E	30/10/2026	0.33	0.37	-10.81	0.36	0.36	0.36	0.36	0.36	1020000	10800	300	1	1782	-300					
07/10/2026	O_YKBNKE1026P35.00	YKBNK_10/2026_AVRUPA_OPSIYON	D_EQ	SSO	D_EQ_EPP	DE_YKBNK_EPP	YKBNK.E	30/10/2026	0.54	0.59	-8.47	0	0	0	0	0	0	0	0	0	1672	0					
07/10/2026	O_YKBNKE1026P36.00	YKBNK_10/2026_AVRUPA_OPSIYON	D_EQ	SSO	D_EQ_EPP	DE_YKBNK_EPP	YKBNK.E	30/10/2026	0.84	0.91	-7.69	1	1	1	1	1	3034800	84300	843	4	5843	843					
07/10/2026	O_YKBNKE1026P37.00	YKBNK_10/2026_AVRUPA_OPSIYON	D_EQ	SSO	D_EQ_EPP	DE_YKBNK_EPP	YKBNK.E	30/10/2026	1.25	1.32	-5.3	0	0	0	0	0	0	0	0	0	863	0					
07/10/2026	O_YKBNKE1026P38.00	YKBNK_10/2026_AVRUPA_OPSIYON	D_EQ	SSO	D_EQ_EPP	DE_YKBNK_EPP	YKBNK.E	30/10/2026	1.76	1.84	-4.35	0	0	0	0	0	0	0	0	0	1060	0					
07/10/2026	O_YKBNKE1026P39.00	YKBNK_10/2026_AVRUPA_OPSIYON	D_EQ	SSO	D_EQ_EPP	DE_YKBNK_EPP	YKBNK.E	30/10/2026	2.37	2.46	-3.66	0	0	0	0	0	0	0	0	0	1047	0					
07/10/2026	O_YKBNKE1026P40.00	YKBNK_10/2026_AVRUPA_OPSIYON	D_EQ	SSO	D_EQ_EPP	DE_YKBNK_EPP	YKBNK.E	30/10/2026	3.07	3.17	-3.15	0	0	0	0	0	0	0	0	0	6250	0					
07/10/2026	O_YKBNKE1126C33.00	YKBNK_11/2026_AVRUPA_OPSIYON	D_EQ	SSO	D_EQ_ECP	DE_YKBNK_ECP	YKBNK.E	30/11/2026	5.86	5.78	1.38	0	0	0	0	0	0	0	0	0	0	0					
07/10/2026	O_YKBNKE1126C34.00	YKBNK_11/2026_AVRUPA_OPSIYON	D_EQ	SSO	D_EQ_ECP	DE_YKBNK_ECP	YKBNK.E	30/11/2026	5.1	5.02	1.59	0	0	0	0	0	0	0	0	0	0	0					
07/10/2026	O_YKBNKE1126C35.00	YKBNK_11/2026_AVRUPA_OPSIYON	D_EQ	SSO	D_EQ_ECP	DE_YKBNK_ECP	YKBNK.E	30/11/2026	4.38	4.32	1.39	0	0	0	0	0	0	0	0	0	0	0					
07/10/2026	O_YKBNKE1126C36.00	YKBNK_11/2026_AVRUPA_OPSIYON	D_EQ	SSO	D_EQ_ECP	DE_YKBNK_ECP	YKBNK.E	30/11/2026	3.72	3.66	1.64	0	0	0	0	0	0	0	0	0	0	0					
07/10/2026	O_YKBNKE1126C37.00	YKBNK_11/2026_AVRUPA_OPSIYON	D_EQ	SSO	D_EQ_ECP	DE_YKBNK_ECP	YKBNK.E	30/11/2026	3.13	3.08	1.62	0	0	0	0	0	0	0	0	0	2750	0					
07/10/2026	O_YKBNKE1126C38.00	YKBNK_11/2026_AVRUPA_OPSIYON	D_EQ	SSO	D_EQ_ECP	DE_YKBNK_ECP	YKBNK.E	30/11/2026	2.6	2.56	1.56	0	0	0	0	0	0	0	0	0	0	0					
07/10/2026	O_YKBNKE1126C39.00	YKBNK_11/2026_AVRUPA_OPSIYON	D_EQ	SSO	D_EQ_ECP	DE_YKBNK_ECP	YKBNK.E	30/11/2026	2.15	2.12	1.42	0	0	0	0	0	0	0	0	0	0	0					
07/10/2026	O_YKBNKE1126C40.00	YKBNK_11/2026_AVRUPA_OPSIYON	D_EQ	SSO	D_EQ_ECP	DE_YKBNK_ECP	YKBNK.E	30/11/2026	1.75	1.73	1.16	0	0	0	0	0	0	0	0	0	0	0					
07/10/2026	O_YKBNKE1126C41.00	YKBNK_11/2026_AVRUPA_OPSIYON	D_EQ	SSO	D_EQ_ECP	DE_YKBNK_ECP	YKBNK.E	30/11/2026	1.44	1.42	1.41	1.2	1.2	1.2	1.2	1.2	2050000	60000	500	2	0	-500					
07/10/2026	O_YKBNKE1126C42.00	YKBNK_11/2026_AVRUPA_OPSIYON	D_EQ	SSO	D_EQ_ECP	DE_YKBNK_ECP	YKBNK.E	30/11/2026	1.17	1.16	0.86	0.94	0.8	0.94	0.94	0.87	21999600	458134	5238	19	3073	3038					
07/10/2026	O_YKBNKE1126C43.00	YKBNK_11/2026_AVRUPA_OPSIYON	D_EQ	SSO	D_EQ_ECP	DE_YKBNK_ECP	YKBNK.E	30/11/2026	0.95	0.95	0	0	0	0	0	0	0	0	0	0	0	0					
07/10/2026	O_YKBNKE1126C44.00	YKBNK_11/2026_AVRUPA_OPSIYON	D_EQ	SSO	D_EQ_ECP	DE_YKBNK_ECP	YKBNK.E	30/11/2026	0.77	0.77	0	0	0	0	0	0	0	0	0	0	0	0					
07/10/2026	O_YKBNKE1126C45.00	YKBNK_11/2026_AVRUPA_OPSIYON	D_EQ	SSO	D_EQ_ECP	DE_YKBNK_ECP	YKBNK.E	30/11/2026	0.62	0.62	0	0	0	0	0	0	0	0	0	0	0	0					
07/10/2026	O_YKBNKE1126C46.00	YKBNK_11/2026_AVRUPA_OPSIYON	D_EQ	SSO	D_EQ_ECP	DE_YKBNK_ECP	YKBNK.E	30/11/2026	0.5	0.5	0	0	0	0	0	0	0	0	0	0	3	0					
07/10/2026	O_YKBNKE1126P28.00	YKBNK_11/2026_AVRUPA_OPSIYON	D_EQ	SSO	D_EQ_EPP	DE_YKBNK_EPP	YKBNK.E	30/11/2026	0.05	0.06	-16.67	0	0	0	0	0	0	0	0	0	0	0					
07/10/2026	O_YKBNKE1126P29.00	YKBNK_11/2026_AVRUPA_OPSIYON	D_EQ	SSO	D_EQ_EPP	DE_YKBNK_EPP	YKBNK.E	30/11/2026	0.09	0.1	-10	0	0	0	0	0	0	0	0	0	0	0					
07/10/2026	O_YKBNKE1126P30.00	YKBNK_11/2026_AVRUPA_OPSIYON	D_EQ	SSO	D_EQ_EPP	DE_YKBNK_EPP	YKBNK.E	30/11/2026	0.14	0.15	-6.67	0	0	0	0	0	0	0	0	0	30	0					
07/10/2026	O_YKBNKE1126P31.00	YKBNK_11/2026_AVRUPA_OPSIYON	D_EQ	SSO	D_EQ_EPP	DE_YKBNK_EPP	YKBNK.E	30/11/2026	0.22	0.23	-4.35	0	0	0	0	0	0	0	0	0	1565	0					
07/10/2026	O_YKBNKE1126P32.00	YKBNK_11/2026_AVRUPA_OPSIYON	D_EQ	SSO	D_EQ_EPP	DE_YKBNK_EPP	YKBNK.E	30/11/2026	0.32	0.34	-5.88	0	0	0	0	0	0	0	0	0	0	0					
07/10/2026	O_YKBNKE1126P33.00	YKBNK_11/2026_AVRUPA_OPSIYON	D_EQ	SSO	D_EQ_EPP	DE_YKBNK_EPP	YKBNK.E	30/11/2026	0.46	0.49	-6.12	0	0	0	0	0	0	0	0	0	0	0					
07/10/2026	O_YKBNKE1126P34.00	YKBNK_11/2026_AVRUPA_OPSIYON	D_EQ	SSO	D_EQ_EPP	DE_YKBNK_EPP	YKBNK.E	30/11/2026	0.64	0.67	-4.48	0	0	0	0	0	0	0	0	0	0	0					
07/10/2026	O_YKBNKE1126P35.00	YKBNK_11/2026_AVRUPA_OPSIYON	D_EQ	SSO	D_EQ_EPP	DE_YKBNK_EPP	YKBNK.E	30/11/2026	0.87	0.91	-4.4	0	0	0	0	0	0	0	0	0	0	0					
07/10/2026	O_YKBNKE1126P36.00	YKBNK_11/2026_AVRUPA_OPSIYON	D_EQ	SSO	D_EQ_EPP	DE_YKBNK_EPP	YKBNK.E	30/11/2026	1.15	1.2	-4.17	0	0	0	0	0	0	0	0	0	0	0					
07/10/2026	O_YKBNKE1126P37.00	YKBNK_11/2026_AVRUPA_OPSIYON	D_EQ	SSO	D_EQ_EPP	DE_YKBNK_EPP	YKBNK.E	30/11/2026	1.5	1.56	-3.85	0	0	0	0	0	0	0	0	0	0	0					
07/10/2026	O_YKBNKE1126P38.00	YKBNK_11/2026_AVRUPA_OPSIYON	D_EQ	SSO	D_EQ_EPP	DE_YKBNK_EPP	YKBNK.E	30/11/2026	1.92	1.99	-3.52	0	0	0	0	0	0	0	0	0	0	0					
07/10/2026	O_YKBNKE1126P39.00	YKBNK_11/2026_AVRUPA_OPSIYON	D_EQ	SSO	D_EQ_EPP	DE_YKBNK_EPP	YKBNK.E	30/11/2026	2.41	2.49	-3.21	0	0	0	0	0	0	0	0	0	0	0					
07/10/2026	O_YKBNKE1126P40.00	YKBNK_11/2026_AVRUPA_OPSIYON	D_EQ	SSO	D_EQ_EPP	DE_YKBNK_EPP	YKBNK.E	30/11/2026	2.97	3.05	-2.62	0	0	0	0	0	0	0	0	0	0	0					
07/10/2026	O_YKBNKE1126P41.00	YKBNK_11/2026_AVRUPA_OPSIYON	D_EQ	SSO	D_EQ_EPP	DE_YKBNK_EPP	YKBNK.E	30/11/2026	3.6	3.68	-2.17	3.84	3.82	3.84	3.82	3.83	2050000	191500	500	2	0	-500					
07/10/2026	O_YKBNKE1226C36.00	YKBNK_12/2026_AVRUPA_OPSIYON	D_EQ	SSO	D_EQ_ECP	DE_YKBNK_ECP	YKBNK.E	31/12/2026	5.36	5.29	1.32	0	0	0	0	0	0	0	0	0	0	0					
07/10/2026	O_YKBNKE1226C37.00	YKBNK_12/2026_AVRUPA_OPSIYON	D_EQ	SSO	D_EQ_ECP	DE_YKBNK_ECP	YKBNK.E	31/12/2026	4.73	4.67	1.28	0	0	0	0	0	0	0	0	0	0	0					
07/10/2026	O_YKBNKE1226C38.00	YKBNK_12/2026_AVRUPA_OPSIYON	D_EQ	SSO	D_EQ_ECP	DE_YKBNK_ECP	YKBNK.E	31/12/2026	4.15	4.1	1.22	0	0	0	0	0	0	0	0	0	0	0					
07/10/2026	O_YKBNKE1226C39.00	YKBNK_12/2026_AVRUPA_OPSIYON	D_EQ	SSO	D_EQ_ECP	DE_YKBNK_ECP	YKBNK.E	31/12/2026	3.63	3.59	1.11	0	0	0	0	0	0	0	0	0	0	0					
07/10/2026	O_YKBNKE1226C40.00	YKBNK_12/2026_AVRUPA_OPSIYON	D_EQ	SSO	D_EQ_ECP	DE_YKBNK_ECP	YKBNK.E	31/12/2026	3.16	3.13	0.96	0	0	0	0	0	0	0	0	0	0	0					
07/10/2026	O_YKBNKE1226C41.00	YKBNK_12/2026_AVRUPA_OPSIYON	D_EQ	SSO	D_EQ_ECP	DE_YKBNK_ECP	YKBNK.E	31/12/2026	2.74	2.71	1.11	0	0	0	0	0	0	0	0	0	0	0					
07/10/2026	O_YKBNKE1226C42.00	YKBNK_12/2026_AVRUPA_OPSIYON	D_EQ	SSO	D_EQ_ECP	DE_YKBNK_ECP	YKBNK.E	31/12/2026	2.39	2.37	0.84	0	0	0	0	0	0	0	0	0	0	0					
07/10/2026	O_YKBNKE1226C43.00	YKBNK_12/2026_AVRUPA_OPSIYON	D_EQ	SSO	D_EQ_ECP	DE_YKBNK_ECP	YKBNK.E	31/12/2026	2.08	2.06	0.97	0	0	0	0	0	0	0	0	0	0	0					
07/10/2026	O_YKBNKE1226C44.00	YKBNK_12/2026_AVRUPA_OPSIYON	D_EQ	SSO	D_EQ_ECP	DE_YKBNK_ECP	YKBNK.E	31/12/2026	1.8	1.79	0.56	0	0	0	0	0	0	0	0	0	0	0					
07/10/2026	O_YKBNKE1226P31.00	YKBNK_12/2026_AVRUPA_OPSIYON	D_EQ	SSO	D_EQ_EPP	DE_YKBNK_EPP	YKBNK.E	31/12/2026	0.29	0.3	-3.33	0	0	0	0	0	0	0	0	0	0	0					
07/10/2026	O_YKBNKE1226P32.00	YKBNK_12/2026_AVRUPA_OPSIYON	D_EQ	SSO	D_EQ_EPP	DE_YKBNK_EPP	YKBNK.E	31/12/2026	0.39	0.41	-4.88	0	0	0	0	0	0	0	0	0	0	0					
07/10/2026	O_YKBNKE1226P33.00	YKBNK_12/2026_AVRUPA_OPSIYON	D_EQ	SSO	D_EQ_EPP	DE_YKBNK_EPP	YKBNK.E	31/12/2026	0.52	0.54	-3.7	0	0	0	0	0	0	0	0	0	0	0					
07/10/2026	O_YKBNKE1226P34.00	YKBNK_12/2026_AVRUPA_OPSIYON	D_EQ	SSO	D_EQ_EPP	DE_YKBNK_EPP	YKBNK.E	31/12/2026	0.68	0.7	-2.86	0	0	0	0	0	0	0	0	0	0	0					
07/10/2026	O_YKBNKE1226P35.00	YKBNK_12/2026_AVRUPA_OPSIYON	D_EQ	SSO	D_EQ_EPP	DE_YKBNK_EPP	YKBNK.E	31/12/2026	0.87	0.9	-3.33	0	0	0	0	0	0	0	0	0	0	0					
07/10/2026	O_YKBNKE1226P36.00	YKBNK_12/2026_AVRUPA_OPSIYON	D_EQ	SSO	D_EQ_EPP	DE_YKBNK_EPP	YKBNK.E	31/12/2026	1.1	1.13	-2.65	0	0	0	0	0	0	0	0	0	0	0					
07/10/2026	O_YKBNKE1226P37.00	YKBNK_12/2026_AVRUPA_OPSIYON	D_EQ	SSO	D_EQ_EPP	DE_YKBNK_EPP	YKBNK.E	31/12/2026	1.37	1.41	-2.84	0	0	0	0	0	0	0	0	0	0	0					
07/10/2026	O_YKBNKE1226P38.00	YKBNK_12/2026_AVRUPA_OPSIYON	D_EQ	SSO	D_EQ_EPP	DE_YKBNK_EPP	YKBNK.E	31/12/2026	1.69	1.74	-2.87	0	0	0	0	0	0	0	0	0	0	0					
07/10/2026	O_YKBNKE1226P39.00	YKBNK_12/2026_AVRUPA_OPSIYON	D_EQ	SSO	D_EQ_EPP	DE_YKBNK_EPP	YKBNK.E	31/12/2026	2.07	2.12	-2.36	0	0	0	0	0	0	0	0	0	0	0					
07/10/2026	O_YKBNKE1226P40.00	YKBNK_12/2026_AVRUPA_OPSIYON	D_EQ	SSO	D_EQ_EPP	DE_YKBNK_EPP	YKBNK.E	31/12/2026	2.5	2.56	-2.34	0	0	0	0	0	0	0	0	0	0	0					
07/10/2026	TM_F_USDTRY111226	USDTRY_111226_ESNEK VIS	D_CR	CRF	D_CR_FUT	DE_USDTRY_FUT	D_USDTRY	11/12/2026	51.817	51.817	0	0	0	0	0	0	0	0	0	0	0	0					
07/10/2026	TM_F_USDTRY141026	USDTRY_141026_ESNEK VIS	D_CR	CRF	D_CR_FUT	DE_USDTRY_FUT	D_USDTRY	14/10/2026	49.42	49.36	0.12	49.42	49.42	49.42	49.42	49.42	49420	0	1	1	1	0					
07/10/2026	TM_F_USDTRY161126	USDTRY_161126_ESNEK VIS	D_CR	CRF	D_CR_FUT	DE_USDTRY_FUT	D_USDTRY	16/11/2026	50.739	50.701	0.07	50.739	50.739	50.739	50.739	50.739	50739	0	1	1	25	-1					
07/10/2026	TM_F_USDTRY261026	USDTRY_261026_ESNEK VIS	D_CR	CRF	D_CR_FUT	DE_USDTRY_FUT	D_USDTRY	26/10/2026	50.04	50.04	0	0	0	0	0	0	0	0	0	0	7	0					
07/10/2026	TM_O_AKBNKE121026C77.00	AKBNK_121026_AVRUPA_ESNEK OPS	D_EQ	SSO	D_EQ_ECP	DE_AKBNK_ECP	AKBNK.E	12/10/2026	0.02	0.04	-50	0	0	0	0	0	0	0	0	0	500	0					
07/10/2026	TM_O_AKBNKE301026C71.00	AKBNK_301026_AVRUPA_ESNEK OPS	D_EQ	SSO	D_EQ_ECP	DE_AKBNK_ECP	AKBNK.E	30/10/2026	2.67	2.9	-7.93	0	0	0	0	0	0	0	0	0	500	0					
07/10/2026	TM_O_AKBNKE301026C72.50	AKBNK_301026_AVRUPA_ESNEK OPS	D_EQ	SSO	D_EQ_ECP	DE_AKBNK_ECP	AKBNK.E	30/10/2026	2.04	2.24	-8.93	0	0	0	0	0	0	0	0	0	500	0					
07/10/2026	TM_O_AKBNKE301026P64.00	AKBNK_10/2026_AVRUPA_OPSIYON	D_EQ	SSO	D_EQ_EPP	DE_AKBNK_EPP	AKBNK.E	30/10/2026	0.51	0.49	4.08	0	0	0	0	0	0	0	0	0	59897	0					
07/10/2026	TM_O_AKBNKE301026P78.60	AKBNK_301026_AVRUPA_ESNEK OPS	D_EQ	SSO	D_EQ_EPP	DE_AKBNK_EPP	AKBNK.E	30/10/2026	8.07	7.82	3.2	0	0	0	0	0	0	0	0	0	520	0					
07/10/2026	TM_O_ASELSE191026C378.00	ASELS_191026_AVRUPA_ESNEK OPS	D_EQ	SSO	D_EQ_ECP	DE_ASELS_ECP	ASELS.E	19/10/2026	2.28	12.44	-81.67	0	0	0	0	0	0	0	0	0	100	0					
07/10/2026	TM_O_ASELSE191026C381.00	ASELS_191026_AVRUPA_ESNEK OPS	D_EQ	SSO	D_EQ_ECP	DE_ASELS_ECP	ASELS.E	19/10/2026	1.85	10.98	-83.15	0	0	0	0	0	0	0	0	0	100	0					
07/10/2026	TM_O_ASELSE301026P338.00	ASELS_301026_AVRUPA_ESNEK OPS	D_EQ	SSO	D_EQ_EPP	DE_ASELS_EPP	ASELS.E	30/10/2026	6.88	2.02	240.59	4.1	4.1	4.17	4.17	4.13	18590000	227250	550	4	950	550					
07/10/2026	TM_O_ASELSE301026P376.00	ASELS_301026_AVRUPA_ESNEK OPS	D_EQ	SSO	D_EQ_EPP	DE_ASELS_EPP	ASELS.E	30/10/2026	26.01		0	9.92	9.92	9.92	9.92	9.92	16807200	443424	447	4	447	447					
07/10/2026	TM_O_EKGYOE121026C22.20	EKGYO_121026_AVRUPA_ESNEK OPS	D_EQ	SSO	D_EQ_ECP	DE_EKGYO_ECP	EKGYO.E	12/10/2026	0.01	0.01	0	0	0	0	0	0	0	0	0	0	1500	0					
07/10/2026	TM_O_EKGYOE301026P21.30	EKGYO_301026_AVRUPA_ESNEK OPS	D_EQ	SSO	D_EQ_EPP	DE_EKGYO_EPP	EKGYO.E	30/10/2026	1.54	1.44	6.94	0	0	0	0	0	0	0	0	0	600	0					
07/10/2026	TM_O_EKGYOE301026P22.01	EKGYO_301026_AVRUPA_ESNEK OPS	D_EQ	SSO	D_EQ_EPP	DE_EKGYO_EPP	EKGYO.E	30/10/2026	2.11	1.98	6.57	0	0	0	0	0	0	0	0	0	1118	0					
07/10/2026	TM_O_EKGYOE301026P22.02	EKGYO_301026_AVRUPA_ESNEK OPS	D_EQ	SSO	D_EQ_EPP	DE_EKGYO_EPP	EKGYO.E	30/10/2026	2.11	1.99	6.03	0	0	0	0	0	0	0	0	0	0	0					
07/10/2026	TM_O_EKGYOE301026P23.50	EKGYO_10/2026_AVRUPA_OPSIYON	D_EQ	SSO	D_EQ_EPP	DE_EKGYO_EPP	EKGYO.E	30/10/2026	3.42	3.27	4.59	0	0	0	0	0	0	0	0	0	6100	0					
07/10/2026	TM_O_EKGYOE301026P24.01	EKGYO_301026_AVRUPA_ESNEK OPS	D_EQ	SSO	D_EQ_EPP	DE_EKGYO_EPP	EKGYO.E	30/10/2026	3.89	3.74	4.01	0	0	0	0	0	0	0	0	0	4780	0					
07/10/2026	TM_O_EKGYOE301126P17.50	EKGYO_11/2026_AVRUPA_OPSIYON	D_EQ	SSO	D_EQ_EPP	DE_EKGYO_EPP	EKGYO.E	30/11/2026	0.23	0.21	9.52	0.32	0.32	0.32	0.32	0.32	2640750	48288	1509	3	152515	1509					
07/10/2026	TM_O_EREGLE051126C42.00	EREGL_051126_AVRUPA_ESNEK OPS	D_EQ	SSO	D_EQ_ECP	DE_EREGL_ECP	EREGL.E	05/11/2026	0.4	0.54	-25.93	0	0	0	0	0	0	0	0	0	1000	0					
07/10/2026	TM_O_EREGLE051126P36.00	EREGL_051126_AVRUPA_ESNEK OPS	D_EQ	SSO	D_EQ_EPP	DE_EREGL_EPP	EREGL.E	05/11/2026	0.95	0.79	20.25	0	0	0	0	0	0	0	0	0	1000	0					
07/10/2026	TM_O_EREGLE301026P36.30	EREGL_301026_AVRUPA_ESNEK OPS	D_EQ	SSO	D_EQ_EPP	DE_EREGL_EPP	EREGL.E	30/10/2026	0.98	0.8	22.5	0	0	0	0	0	0	0	0	0	1350	0					
07/10/2026	TM_O_FROTOE301026P85.30	FROTO_301026_AVRUPA_ESNEK OPS	D_EQ	SSO	D_EQ_EPP	DE_FROTO_EPP	FROTO.E	30/10/2026	9.96	9.25	7.68	0	0	0	0	0	0	0	0	0	600	0					
07/10/2026	TM_O_GARANE301026P118.00	GARAN_301026_AVRUPA_ESNEK OPS	D_EQ	SSO	D_EQ_EPP	DE_GARAN_EPP	GARAN.E	30/10/2026	0.66	0.59	11.86	0	0	0	0	0	0	0	0	0	3338	0					
07/10/2026	TM_O_ISCTRE301026C13.30	ISCTR_301026_AVRUPA_ESNEK OPS	D_EQ	SSO	D_EQ_ECP	DE_ISCTR_ECP	ISCTR.E	30/10/2026	0.51	0.48	6.25	0	0	0	0	0	0	0	0	0	2000	0					
07/10/2026	TM_O_ISCTRE301026P11.70	ISCTR_301026_AVRUPA_ESNEK OPS	D_EQ	SSO	D_EQ_EPP	DE_ISCTR_EPP	ISCTR.E	30/10/2026	0.07	0.08	-12.5	0	0	0	0	0	0	0	0	0	70000	0					
07/10/2026	TM_O_ISCTRE301026P12.20	ISCTR_301026_AVRUPA_ESNEK OPS	D_EQ	SSO	D_EQ_EPP	DE_ISCTR_EPP	ISCTR.E	30/10/2026	0.15	0.17	-11.76	0	0	0	0	0	0	0	0	0	16000	0					
07/10/2026	TM_O_ISCTRE301026P12.30	ISCTR_301026_AVRUPA_ESNEK OPS	D_EQ	SSO	D_EQ_EPP	DE_ISCTR_EPP	ISCTR.E	30/10/2026	0.17	0.19	-10.53	0	0	0	0	0	0	0	0	0	22720	0					
07/10/2026	TM_O_KCHOLE301026C220.50	KCHOL_301026_AVRUPA_ESNEK OPS	D_EQ	SSO	D_EQ_ECP	DE_KCHOL_ECP	KCHOL.E	30/10/2026	5.07	7.09	-28.49	0	0	0	0	0	0	0	0	0	570	0					
07/10/2026	TM_O_KCHOLE301026C263.00	KCHOL_301026_AVRUPA_ESNEK OPS	D_EQ	SSO	D_EQ_ECP	DE_KCHOL_ECP	KCHOL.E	30/10/2026	0.16	0.3	-46.67	0	0	0	0	0	0	0	0	0	14	0					
07/10/2026	TM_O_KCHOLE301126C265.00	KCHOL_301126_AVRUPA_ESNEK OPS	D_EQ	SSO	D_EQ_ECP	DE_KCHOL_ECP	KCHOL.E	30/11/2026	1.92	2.52	-23.81	0	0	0	0	0	0	0	0	0	13000	0					
07/10/2026	TM_O_KCHOLE311226C265.00	KCHOL_311226_AVRUPA_ESNEK OPS	D_EQ	SSO	D_EQ_ECP	DE_KCHOL_ECP	KCHOL.E	31/12/2026	5.95	7.12	-16.43	0	0	0	0	0	0	0	0	0	13000	0					
07/10/2026	TM_O_KRDMDE301026C47.50	KRDMD_301026_AVRUPA_ESNEK OPS	D_EQ	SSO	D_EQ_ECP	DE_KRDMD_ECP	KRDMD.E	30/10/2026	0.74	1.27	-41.73	0	0	0	0	0	0	0	0	0	310	0					
07/10/2026	TM_O_PGSUSE301026P159.90	PGSUS_301026_AVRUPA_ESNEK OPS	D_EQ	SSO	D_EQ_EPP	DE_PGSUS_EPP	PGSUS.E	30/10/2026	20.07	16.68	20.32	0	0	0	0	0	0	0	0	0	63	0					
07/10/2026	TM_O_PGSUSE301026P163.90	PGSUS_301026_AVRUPA_ESNEK OPS	D_EQ	SSO	D_EQ_EPP	DE_PGSUS_EPP	PGSUS.E	30/10/2026	23.77	20.2	17.67	0	0	0	0	0	0	0	0	0	185	0					
07/10/2026	TM_O_PGSUSE301026P234.00	PGSUS_301026_AVRUPA_ESNEK OPS	D_EQ	SSO	D_EQ_EPP	DE_PGSUS_EPP	PGSUS.E	30/10/2026	91.96	88.03	4.46	0	0	0	0	0	0	0	0	0	0	0					
07/10/2026	TM_O_SAHOLE301026C92.50	SAHOL_301026_AVRUPA_ESNEK OPS	D_EQ	SSO	D_EQ_ECP	DE_SAHOL_ECP	SAHOL.E	30/10/2026	2.81	3.46	-18.79	0	0	0	0	0	0	0	0	0	30000	0					
07/10/2026	TM_O_TAVHLE301026C293.00	TAVHL_301026_AVRUPA_ESNEK OPS	D_EQ	SSO	D_EQ_ECP	DE_TAVHL_ECP	TAVHL.E	30/10/2026	6.5	6.92	-6.07	0	0	0	0	0	0	0	0	0	96	0					
07/10/2026	TM_O_TCELLE301026P101.00	TCELL_301026_AVRUPA_ESNEK OPS	D_EQ	SSO	D_EQ_EPP	DE_TCELL_EPP	TCELL.E	30/10/2026	3.23	2.72	18.75	0	0	0	0	0	0	0	0	0	200	0					
07/10/2026	TM_O_TCELLE301026P99.90	TCELL_301026_AVRUPA_ESNEK OPS	D_EQ	SSO	D_EQ_EPP	DE_TCELL_EPP	TCELL.E	30/10/2026	2.74	2.29	19.65	0	0	0	0	0	0	0	0	0	0	0					
07/10/2026	TM_O_TCELLE301126P99.90	TCELL_301126_AVRUPA_ESNEK OPS	D_EQ	SSO	D_EQ_EPP	DE_TCELL_EPP	TCELL.E	30/11/2026	3.32	2.92	13.7	0	0	0	0	0	0	0	0	0	1000	0					
07/10/2026	TM_O_THYAOE121026P293.00	THYAO_121026_AVRUPA_ESNEK OPS	D_EQ	SSO	D_EQ_EPP	DE_THYAO_EPP	THYAO.E	12/10/2026	7.66	5.38	42.38	0	0	0	0	0	0	0	0	0	35	0					
07/10/2026	TM_O_THYAOE161026C303.00	THYAO_161026_AVRUPA_ESNEK OPS	D_EQ	SSO	D_EQ_ECP	DE_THYAO_ECP	THYAO.E	16/10/2026	1.62	2.97	-45.45	0	0	0	0	0	0	0	0	0	88	0					
07/10/2026	TM_O_THYAOE301026P285.00	THYAO_301026_AVRUPA_ESNEK OPS	D_EQ	SSO	D_EQ_EPP	DE_THYAO_EPP	THYAO.E	30/10/2026	6.12	4.86	25.93	0	0	0	0	0	0	0	0	0	300	0					
07/10/2026	TM_O_TOASOE301026P280.05	TOASO_301026_AVRUPA_ESNEK OPS	D_EQ	SSO	D_EQ_EPP	DE_TOASO_EPP	TOASO.E	30/10/2026	17.12	12.08	41.72	0	0	0	0	0	0	0	0	0	172	0					
07/10/2026	TM_O_TOASOE301026P286.00	TOASO_301026_AVRUPA_ESNEK OPS	D_EQ	SSO	D_EQ_EPP	DE_TOASO_EPP	TOASO.E	30/10/2026	21.44	15.54	37.97	0	0	0	0	0	0	0	0	0	35	0					
07/10/2026	TM_O_TUPRSE051126P381.00	TUPRS_051126_AVRUPA_ESNEK OPS	D_EQ	SSO	D_EQ_EPP	DE_TUPRS_EPP	TUPRS.E	05/11/2026	13.31	13.63	-2.35	0	0	0	0	0	0	0	0	0	390	0					
07/10/2026	TM_O_USDTRYKE031226C51500	USDTRY_031226_AVRUPA_ESNEK OPS	D_CR	CRO	D_CR_ECO	DE_USDTRYK_ECO	D_USDTRYK	03/12/2026	489.9	499.1	-1.84	0	0	0	0	0	0	0	0	0	0	0					
07/10/2026	TM_O_USDTRYKE150127C60000	USDTRY_150127_AVRUPA_ESNEK OPS	D_CR	CRO	D_CR_ECO	DE_USDTRYK_ECO	D_USDTRYK	15/01/2027	443.9	452	-1.79	0	0	0	0	0	0	0	0	0	30000	0					
07/10/2026	TM_O_USDTRYKE181226C60000	USDTRY_181226_AVRUPA_ESNEK OPS	D_CR	CRO	D_CR_ECO	DE_USDTRYK_ECO	D_USDTRYK	18/12/2026	237.9	246.9	-3.65	0	0	0	0	0	0	0	0	0	0	0					
07/10/2026	TM_O_USDTRYKE191026C51250	USDTRY_191026_AVRUPA_ESNEK OPS	D_CR	CRO	D_CR_ECO	DE_USDTRYK_ECO	D_USDTRYK	19/10/2026	30.8	37.4	-17.65	0	0	0	0	0	0	0	0	0	10000	0					
07/10/2026	TM_O_USDTRYKE201026C50300	USDTRY_201026_AVRUPA_ESNEK OPS	D_CR	CRO	D_CR_ECO	DE_USDTRYK_ECO	D_USDTRYK	20/10/2026	70.7	79.2	-10.73	0	0	0	0	0	0	0	0	0	10000	0					
07/10/2026	TM_O_USDTRYKE231226C52500	USDTRY_231226_AVRUPA_ESNEK OPS	D_CR	CRO	D_CR_ECO	DE_USDTRYK_ECO	D_USDTRYK	23/12/2026	704	715.1	-1.55	0	0	0	0	0	0	0	0	0	0	0					
07/10/2026	TM_O_USDTRYKE231226C53000	USDTRY_231226_AVRUPA_ESNEK OPS	D_CR	CRO	D_CR_ECO	DE_USDTRYK_ECO	D_USDTRYK	23/12/2026	623	634.4	-1.8	0	0	0	0	0	0	0	0	0	0	0					
07/10/2026	TM_O_USDTRYKE231226C54000	USDTRY_231226_AVRUPA_ESNEK OPS	D_CR	CRO	D_CR_ECO	DE_USDTRYK_ECO	D_USDTRYK	23/12/2026	519.3	529.1	-1.85	0	0	0	0	0	0	0	0	0	0	0					
07/10/2026	TM_O_USDTRYKE231226C55000	USDTRY_231226_AVRUPA_ESNEK OPS	D_CR	CRO	D_CR_ECO	DE_USDTRYK_ECO	D_USDTRYK	23/12/2026	465.6	474.5	-1.88	0	0	0	0	0	0	0	0	0	0	0					
07/10/2026	TM_O_USDTRYKE250227C53500	USDTRY_250227_AVRUPA_ESNEK OPS	D_CR	CRO	D_CR_ECO	DE_USDTRYK_ECO	D_USDTRYK	25/02/2027	2119.2		0	0	0	0	0	0	0	0	0	0	0	0					
07/10/2026	TM_O_USDTRYKE250227C54000	USDTRY_250227_AVRUPA_ESNEK OPS	D_CR	CRO	D_CR_ECO	DE_USDTRYK_ECO	D_USDTRYK	25/02/2027	1933.6		0	0	0	0	0	0	0	0	0	0	0	0					
07/10/2026	TM_O_USDTRYKE250227C55000	USDTRY_250227_AVRUPA_ESNEK OPS	D_CR	CRO	D_CR_ECO	DE_USDTRYK_ECO	D_USDTRYK	25/02/2027	1566.9	1595.5	-1.79	0	0	0	0	0	0	0	0	0	20000	0					
07/10/2026	TM_O_USDTRYKE280127C53500	USDTRY_280127_AVRUPA_ESNEK OPS	D_CR	CRO	D_CR_ECO	DE_USDTRYK_ECO	D_USDTRYK	28/01/2027	1264.5	1293.7	-2.26	0	0	0	0	0	0	0	0	0	0	0					
07/10/2026	TM_O_USDTRYKE280127C54000	USDTRY_280127_AVRUPA_ESNEK OPS	D_CR	CRO	D_CR_ECO	DE_USDTRYK_ECO	D_USDTRYK	28/01/2027	1132.8	1161.2	-2.45	0	0	0	0	0	0	0	0	0	20000	0					
07/10/2026	TM_O_USDTRYKE290127C53500	USDTRY_290127_AVRUPA_ESNEK OPS	D_CR	CRO	D_CR_ECO	DE_USDTRYK_ECO	D_USDTRYK	29/01/2027	1290.9	1320.9	-2.27	0	0	0	0	0	0	0	0	0	20000	0					
07/10/2026	TM_O_USDTRYKE290127C54000	USDTRY_290127_AVRUPA_ESNEK OPS	D_CR	CRO	D_CR_ECO	DE_USDTRYK_ECO	D_USDTRYK	29/01/2027	1157.3	1186.6	-2.47	0	0	0	0	0	0	0	0	0	0	0					
07/10/2026	TM_O_USDTRYKE290127C54500	USDTRY_290127_AVRUPA_ESNEK OPS	D_CR	CRO	D_CR_ECO	DE_USDTRYK_ECO	D_USDTRYK	29/01/2027	1049.9	1078.1	-2.62	0	0	0	0	0	0	0	0	0	0	0					
07/10/2026	TM_O_USDTRYKE301026C50000	USDTRY_10/2026_AVRUPA_OPSIYON	D_CR	CRO	D_CR_ECO	DE_USDTRYK_ECO	D_USDTRYK	30/10/2026	293.6	309.5	-5.14	313.7	313.7	314.7	314.7	314	15050000	94523.7	301	5	39153	301					
07/10/2026	TM_O_USDTRYKE301026C52000	USDTRY_10/2026_AVRUPA_OPSIYON	D_CR	CRO	D_CR_ECO	DE_USDTRYK_ECO	D_USDTRYK	30/10/2026	99	110	-10	140	118.3	140	123.4	125.5	15704000	37908.2	302	7	75705	302					
07/10/2026	TM_O_USDTRYKE301026P49600	USDTRY_301026_AVRUPA_ESNEK OPS	D_CR	CRO	D_CR_EPO	DE_USDTRYK_EPO	D_USDTRYK	30/10/2026	139.5	139.2	0.22	0	0	0	0	0	0	0	0	0	50001	0					
07/10/2026	TM_O_USDTRYKE301126C50500	USDTRY_301126_AVRUPA_ESNEK OPS	D_CR	CRO	D_CR_ECO	DE_USDTRYK_ECO	D_USDTRYK	30/11/2026	833.4	850.2	-1.98	0	0	0	0	0	0	0	0	0	10000	0					
07/10/2026	TM_O_USDTRYKE301126C52000	USDTRY_11/2026_AVRUPA_OPSIYON	D_CR	CRO	D_CR_ECO	DE_USDTRYK_ECO	D_USDTRYK	30/11/2026	368	382	-3.66	512.5	445.8	512.5	445.8	459.8	26000000	229880	500	5	17126	100					
07/10/2026	TM_O_USDTRYKE301126C55000	USDTRY_11/2026_AVRUPA_OPSIYON	D_CR	CRO	D_CR_ECO	DE_USDTRYK_ECO	D_USDTRYK	30/11/2026	241.6	250.9	-3.71	0	0	0	0	0	0	0	0	0	1000	0					
07/10/2026	TM_O_USDTRYKE311226C52500	USDTRY_311226_AVRUPA_ESNEK OPS	D_CR	CRO	D_CR_ECO	DE_USDTRYK_ECO	D_USDTRYK	31/12/2026	849.9	856.5	-0.77	0	0	0	0	0	0	0	0	0	69443	0					
07/10/2026	TM_O_USDTRYKE311226C53000	USDTRY_12/2026_AVRUPA_OPSIYON	D_CR	CRO	D_CR_ECO	DE_USDTRYK_ECO	D_USDTRYK	31/12/2026	749.8	763.5	-1.79	0	0	0	0	0	0	0	0	0	27885	0					
07/10/2026	TM_O_USDTRYKE311226C54000	USDTRY_12/2026_AVRUPA_OPSIYON	D_CR	CRO	D_CR_ECO	DE_USDTRYK_ECO	D_USDTRYK	31/12/2026	595.5	604.6	-1.51	0	0	0	0	0	0	0	0	0	1225	0					
07/10/2026	TM_O_USDTRYKE311226C55000	USDTRY_12/2026_AVRUPA_OPSIYON	D_CR	CRO	D_CR_ECO	DE_USDTRYK_ECO	D_USDTRYK	31/12/2026	532.9	541	-1.5	0	0	0	0	0	0	0	0	0	25	0					
07/10/2026	TM_O_USDTRYKE311226C62000	USDTRY_311226_AVRUPA_ESNEK OPS	D_CR	CRO	D_CR_ECO	DE_USDTRYK_ECO	D_USDTRYK	31/12/2026	276	283.1	-2.51	0	0	0	0	0	0	0	0	0	75000	0					
07/10/2026	TM_O_XU030E301026P17800.00	XU030_301026_AVRUPA_ESNEK OPS	D_IX	INO	D_IX_EPO	DE_BIST30_EPO	D_XU030D	30/10/2026	2471.86	2105.47	17.4	0	0	0	0	0	0	0	0	0	1000	0					
07/10/2026	TM_O_XU030E301026P18200.00	XU030_301026_AVRUPA_ESNEK OPS	D_IX	INO	D_IX_EPO	DE_BIST30_EPO	D_XU030D	30/10/2026	2863.49	2493.89	14.82	0	0	0	0	0	0	0	0	0	1000	0					
07/10/2026	TM_O_YKBNKE301026C45.00	YKBNK_10/2026_AVRUPA_OPSIYON	D_EQ	SSO	D_EQ_ECP	DE_YKBNK_ECP	YKBNK.E	30/10/2026	0.08	0.08	0	0	0	0	0	0	0	0	0	0	0	0					
07/10/2026	TM_O_YKBNKE301026P35.01	YKBNK_301026_AVRUPA_ESNEK OPS	D_EQ	SSO	D_EQ_EPP	DE_YKBNK_EPP	YKBNK.E	30/10/2026	0.54	0.59	-8.47	0	0	0	0	0	0	0	0	0	430	0					
07/10/2026	TM_O_YKBNKE301026P37.50	YKBNK_301026_AVRUPA_ESNEK OPS	D_EQ	SSO	D_EQ_EPP	DE_YKBNK_EPP	YKBNK.E	30/10/2026	1.49	1.57	-5.1	0	0	0	0	0	0	0	0	0	550	0					
07/10/2026	TM_O_YKBNKE301026P37.75	YKBNK_301026_AVRUPA_ESNEK OPS	D_EQ	SSO	D_EQ_EPP	DE_YKBNK_EPP	YKBNK.E	30/10/2026	1.62	1.7	-4.71	0	0	0	0	0	0	0	0	0	264	0					
07/10/2026	TM_O_YKBNKE301126C45.50	YKBNK_301126_AVRUPA_ESNEK OPS	D_EQ	SSO	D_EQ_ECP	DE_YKBNK_ECP	YKBNK.E	30/11/2026	0.56	0.56	0	0	0	0	0	0	0	0	0	0	0	0					
07/10/2026	TM_O_YKBNKE311226C44.50	YKBNK_311226_AVRUPA_ESNEK OPS	D_EQ	SSO	D_EQ_ECP	DE_YKBNK_ECP	YKBNK.E	31/12/2026	1.68	1.66	1.2	0	0	0	0	0	0	0	0	0	187000	0					
07/10/2026	TM_O_YKBNKE311226C45.00	YKBNK_12/2026_AVRUPA_OPSIYON	D_EQ	SSO	D_EQ_ECP	DE_YKBNK_ECP	YKBNK.E	31/12/2026	1.56	1.55	0.65	0	0	0	0	0	0	0	0	0	0	0					
